scorer,,,Jaden,Jaden,Jaden,Jaden,Jaden,Jaden,Jaden,Jaden,Jaden,Jaden,Jaden,Jaden,Jaden,Jaden,Jaden,Jaden,Jaden,Jaden
bodyparts,,,front_left_paw,front_left_paw,front_right_paw,front_right_paw,back_left_paw,back_left_paw,back_right_paw,back_right_paw,nose,nose,neck,neck,tail_base,tail_base,tail_tip,tail_tip,centroid,centroid
coords,,,x,y,x,y,x,y,x,y,x,y,x,y,x,y,x,y,x,y
labeled-data,GOPR0036,img0048.png,997.6459748147518,603.6410964702196,993.2599337759096,601.331722932302,1002.1833781581794,627.2676441585444,901.2259723665949,574.959194438012,984.5877767344381,526.6929521546037,987.0568460406199,545.5960511156618,954.9440517755068,599.0993098028955,808.9873657226562,760.9591064453125,983.5511774106611,596.1609104812936
labeled-data,GOPR0036,img0055.png,,,950.9361608634119,470.2748924173477,976.3020643216078,648.4212334708914,899.3101297072179,641.9279377805212,956.1662697200798,403.33408612724753,961.4703555555677,440.46268697566273,940.8802212101693,619.1148693710074,,,958.9872311529284,557.0666983995031
labeled-data,GOPR0036,img0060.png,972.1710815429688,473.0630187988281,952.6631469726562,415.82281494140625,978.3550368862891,553.6608416153368,933.4019992383487,555.6154875340052,942.1375341100937,319.144869626203,946.5893833453749,359.4909714709061,893.5062376065682,582.1989738959666,,,953.1057925568183,479.6176501521645
labeled-data,GOPR0036,img0084.png,992.34521484375,293.2613525390625,919.9741821289062,318.14117431640625,1014.0050048828125,402.8919677734375,913.9630737304688,449.8349914550781,903.58984375,224.52528381347656,918.4837036132812,253.66627502441406,950.4065873881518,515.2825708328429,685.4358091188503,714.1509580446315,961.0975952148438,382.28607177734375
labeled-data,GOPR0036,img0110.png,1001.9310302734375,302.0680236816406,999.6071166992188,298.5122375488281,1010.6923217773438,401.1739807128906,912.63037109375,340.10626220703125,1078.4312744140625,253.30064392089844,1044.08740234375,276.1081848144531,931.6646118164062,439.6424560546875,855.5126953125,709.1781616210938,979.3956909179688,349.2972412109375
labeled-data,GOPR0036,img0168.png,1044.146728515625,314.4007873535156,1089.930908203125,300.46002197265625,992.2468872070312,292.27032470703125,1033.60302734375,238.77708435058594,1019.3790283203125,399.70501708984375,1032.0775146484375,366.35980224609375,934.9833374023438,220.8346405029297,808.178801143365,395.654690909777,1029.216796875,277.9906921386719
labeled-data,GOPR0036,img0174.png,1045.0317999021804,314.6994903913765,1090.1917869903327,298.6028613302529,993.1648840385598,292.3430611398159,1032.9593281063376,238.68763093607055,1032.9593281063376,404.1252073976188,1041.0076426368994,368.3549205951219,935.9324251545647,219.90823036475967,784.7575621582099,369.12547405054755,1028.1172737908944,277.46454085494236
labeled-data,GOPR0036,img0376.png,929.0964205596226,332.4759216308594,964.7839837028129,371.96877088639053,992.2554321289062,286.8153991699219,1035.995849609375,235.93861389160156,844.7983698182545,377.37067454060593,887.1454197350419,363.24715437160825,958.0965894584796,211.4446258544922,668.626954811531,155.32654410512657,1012.9437062367837,309.3363282531258
labeled-data,GOPR0036,img0411.png,819.3035932897938,386.3122911690524,906.6425998986676,403.1262175750388,978.9988483727901,271.4887602851984,1032.9298724433447,244.94724741469776,740.0282893071146,454.2632390919065,781.6208895265423,438.33415815680644,974.3583063163837,239.2963333861444,719.2550122865537,88.553477823063,945.3174276481352,336.7753418718062
labeled-data,GOPR0036,img0496.png,818.908263689023,386.9878513311585,913.5248580344178,398.58302220681963,794.3265014326214,310.9235303868216,919.5543468897615,290.97983648068447,924.7450822689016,464.9134243557411,901.9019147031669,430.28023482059484,848.3488993688866,244.13921516291114,727.442244910575,1.3272278521499092,864.5294024095592,337.36974901624393
labeled-data,GOPR0036,img0503.png,817.4660034179688,387.8145751953125,907.9051513671875,397.1291809082031,794.7071533203125,311.48626708984375,916.7410888671875,291.34912109375,955.2955322265625,434.3509521484375,922.9673195158796,407.3162459780066,847.35498046875,243.2913818359375,797.1643669786737,2.8808000186391562,856.6822509765625,336.9313049316406
labeled-data,GOPR0036,img0526.png,916.8047330075707,407.2773917573679,905.049038968194,396.9611704575068,781.5639807108982,332.1105500352935,912.5949359692405,292.0575761535153,948.8925734414843,360.96973410593586,907.5923943294652,372.7697852807985,815.3435612297861,258.96835436716486,842.289752104499,-0.5316234171980155,846.080870665399,341.94048347166813
labeled-data,GOPR0036,img0540.png,909.1143798828125,407.9183654785156,908.7772788262102,396.95408452553846,781.0226440429688,333.4808044433594,912.1250610351562,292.08984375,954.5441564118705,412.25208495773,916.7020780710432,395.5200802341177,820.2579345703125,258.49395751953125,,,849.9730834960938,341.7118835449219
labeled-data,GOPR0036,img0560.png,815.502637702087,358.71079807114216,850.2376851605259,370.57154598377986,785.8507679204929,311.26780642059157,915.4351748590029,288.3300392227692,811.7218582202904,410.40943801912397,824.093442749771,389.0403374682028,868.7454227054194,223.62575849833075,,,852.6889625449344,306.44631668153846
labeled-data,GOPR0036,img0584.png,767.6705101879579,299.1964230706691,744.991943359375,342.3393859863281,806.0640258789062,267.7021789550781,916.1068115234375,286.43914794921875,704.9712524414062,288.1610107421875,741.637451171875,303.5541076660156,895.0286865234375,224.31268310546875,821.3878784179688,0.7632341384887695,841.880615234375,305.8114013671875
labeled-data,GOPR0036,img0613.png,740.9398224681603,290.9650618490574,740.9398224681603,342.04927005430886,835.5475378149557,262.129987287896,918.0920496615385,290.0118091184634,712.5104792795049,249.5020986059297,732.7120694330972,270.35535295802487,917.4039569205981,235.24536767086096,821.9003869326938,9.652117736746604,838.7702373054727,309.93545437221235
labeled-data,GOPR0036,img0636.png,753.8306325587283,214.98689343266787,700.3521843158411,252.90797491398794,836.6469118042867,253.39412827605588,921.0371541803477,291.14596987282914,752.0218413248455,165.45570904507542,749.165244487851,185.92798637686863,934.3320276337852,238.05268770680254,836.4396173350217,27.72943446597765,833.4333887551104,297.4930774389558
labeled-data,GOPR0036,img0679.png,766.9973754882812,170.05299377441406,767.9066276201545,215.70820775279583,899.0865478515625,206.4099578857422,931.4431762695312,290.1251525878906,726.588250918618,183.36858874221238,765.744504841402,192.7992432505318,1001.7982972765896,249.33991965032314,990.1068115234375,104.94019317626953,861.0603277526878,229.10693959655725
labeled-data,GOPR0036,img0680.png,766.1420700809524,171.05590524703968,778.5310526084673,217.7445455225349,898.0829472686585,205.21947319660092,931.5896850300112,290.64194377768877,726.1293339328547,189.49110297557502,764.0063929526893,195.68016490692054,1001.3788531465032,249.35675716625306,989.0750456942776,103.25875247269411,864.982939135066,233.2977585120861
labeled-data,GOPR0036,img0709.png,845.712301634603,200.07195000972646,795.0314598955157,223.3577421601179,940.6818068754152,199.61536584991487,928.8106187203136,289.10586117298783,863.9756680270668,146.19501915195804,858.4966581093277,179.9822469780162,1001.8640842901691,247.55670263013255,1028.80120509381,104.50476727428833,896.4380266377229,239.50978696034312
labeled-data,GOPR0036,img0889.png,704.6661987304688,258.70794677734375,650.6155544367195,345.40595077048215,820.8766902434427,202.74577039119347,880.7243041992188,243.13499450683594,574.4352705438057,372.19197059337296,618.8049530069857,347.45070182567076,904.2508921005708,213.5401238151929,1201.21875,104.80316925048828,782.7717413354413,268.43566467204033
labeled-data,GOPR0036,img0892.png,,,612.8068312711468,355.6847775646927,723.454878244749,240.0757079897797,872.6756907498253,250.521423483399,531.1390595676045,388.74181355340636,570.7357510306206,367.1965549632359,845.0054471005126,221.38583318923125,1109.593458724384,116.31837995894341,713.0746230931491,296.9929680843064
labeled-data,GOPR0036,img0962.png,525.772765284569,403.43740594120834,516.8232263439626,425.46704025654736,611.9920735871985,296.4684838754505,700.869072462654,321.27136728255437,491.640667047152,459.640900376221,522.6869521545044,438.5572291466011,709.6290995020677,256.1361397586294,931.760966733483,110.94669868665866,617.2085247587676,356.0831727107409
labeled-data,GOPR0036,img1037.png,499.6456117899549,451.6392843578185,529.5005713600169,464.9722767301217,600.539794921875,297.8511657714844,643.1113891601562,337.3866882324219,484.5850524902344,560.252197265625,495.6870422363281,515.8690795898438,632.2533569335938,270.51824951171875,474.0413083666798,118.76693568980936,569.34716796875,381.40411376953125
labeled-data,GOPR0036,img1057.png,480.30972422606044,492.8775629663219,521.6128538778278,557.2336021911685,567.0580392388295,360.81501161571646,646.6052702136271,354.046762295104,467.4357111575049,650.3128342560906,478.43071774046956,614.322427586,621.7682593702534,338.3977783537756,535.8666498297563,135.60307520494302,569.0563733760398,446.13863984888644
labeled-data,GOPR0036,img1078.png,498.69394630724014,628.1793419560335,520.395751953125,561.0318603515625,521.8457641601562,420.2324523925781,591.9601440429688,452.1332702636719,526.8723754882812,696.5672607421875,527.489013671875,659.8781127929688,582.1318359375,368.56304931640625,530.9229618682485,163.80454905978138,537.8111898522914,489.85141432910444
labeled-data,GOPR0036,img1169.png,518.3479721685717,655.532836436031,556.4962768554688,692.3590698242188,490.8215026855469,492.68939208984375,576.7144165039062,475.6072082519531,563.6023421654713,715.346990732198,562.4845823956056,674.6893427925213,539.5238647460938,440.8438415527344,407.6967069468611,175.7969713302911,546.2554321289062,564.6609497070312
labeled-data,GOPR0036,img1221.png,515.3339417716322,638.8316190609478,586.9303588867188,603.486328125,468.25499728641597,585.2446706229168,538.7118530273438,519.8262939453125,577.0364029801051,654.8629324514898,570.4922135269801,625.4902345583216,490.45535707290276,480.70312451031907,283.4909357810534,365.6922912900185,528.4999389648438,575.8588256835938
labeled-data,GOPR0036,img1309.png,507.9971939938963,610.7712647779406,559.2212653055323,627.162967597664,458.0025003937397,577.9878591384936,538.3218442103848,518.9777289874891,476.4431660659286,670.6009800699312,506.358023711924,639.4567447124566,491.23377292505427,461.3627276867237,310.8751939939913,316.92827462063235,525.5365810934879,568.4073996329311
labeled-data,GOPR0036,img1468.png,418.7053527832031,515.2667846679688,461.38134765625,582.7142333984375,523.5450439453125,465.0670166015625,606.7144165039062,508.76129150390625,279.0880432128906,538.6106567382812,320.7630310058594,541.370849609375,620.2449951171875,469.2703552246094,782.9841652442549,219.82412693318477,513.6806030273438,524.0035400390625
labeled-data,GOPR0036,img1469.png,419.3039231828284,514.9535875246083,,,524.1706271290877,464.5009171727878,606.1897510064778,509.881112696786,279.90327172060665,541.6424972859262,325.9480101451786,542.3050115078624,622.9065923692723,466.25401407808977,792.1889174756179,231.02938376056886,514.6442591742588,523.639532342691
labeled-data,GOPR0036,img1514.png,513.5474853515625,561.8135986328125,572.9588656826157,563.0484796340766,547.8252563476562,435.3016662597656,628.0191040039062,468.3309631347656,585.4347534179688,635.3897094726562,572.3681640625,592.4306030273438,642.2894287109375,376.70233154296875,666.6338917625359,134.4687563047323,567.9011840820312,488.73297119140625
labeled-data,GOPR0036,img1544.png,522.219970703125,564.0628662109375,602.1777954101562,585.6658935546875,496.9090576171875,511.2802734375,589.9591045536873,485.0640872293334,693.7190823443224,662.5699928099551,662.7363891601562,634.1480712890625,529.9522799845138,444.3345447027264,592.76247833975,197.4517936564973,571.371337890625,528.2677001953125
labeled-data,GOPR0036,img1580.png,592.7449891261479,613.2109855256244,641.9852053515943,578.6207509870877,509.321482297912,551.7624512277532,573.6186241460157,482.5819821506796,704.654571456708,605.4790507464222,668.0296172394338,593.6776766097448,474.1548654096222,485.5973734586205,,,579.0160260618725,551.4866364142762
labeled-data,GOPR0036,img1681.png,523.630271569649,655.8281270119663,595.4090548471036,645.026465450796,506.81056566992606,546.2713215726016,575.174621072744,484.06003115603727,492.4175735889522,703.1726896849294,516.9842291433092,687.3067246394071,509.607991454045,460.35117433542115,566.9463234533398,559.4070344715135,,
labeled-data,GOPR0036,img1712.png,494.66573461281456,640.2404934613307,515.9950561523438,677.7554321289062,505.64459228515625,543.0189208984375,580.270263671875,492.3709411621094,471.0728759765625,659.598388671875,507.2825524651877,643.8054855392838,520.6412353515625,449.5241394042969,311.22588396568875,315.194580078125,558.375,568.3106689453125
labeled-data,GOPR0036,img1758.png,465.4613106489954,581.3907028629234,466.392984417105,623.0054645051507,495.97530430812947,542.0051774688018,580.983492390821,493.72382792669055,305.45548075277077,627.2287962111694,368.9850731339561,618.2387595534544,558.3751787231502,455.219428160224,386.9651464493859,252.04459969586702,504.09077408803137,575.86030443464
labeled-data,GOPR0036,img1828.png,731.5120849609375,838.2903442382812,777.5223388671875,811.845703125,602.0447387695312,669.0573120117188,717.8823852539062,700.47216796875,808.1880426263473,893.282188625561,777.7242431640625,868.462158203125,654.9903564453125,611.4150390625,501.2460131028418,372.01400140604323,702.6253662901264,748.0144985740037
labeled-data,GOPR0037,img0012.png,960.8157619725363,605.2450538666076,954.6543469495862,641.8027830027784,1038.1161038800171,663.9166203367172,963.944020087792,688.5777820428818,885.6420003139513,607.943361680033,929.1131330874435,619.0624382033709,,,,,987.0670102027636,652.7151764993574
labeled-data,GOPR0037,img0020.png,948.4554760589428,600.9592903065765,842.4791376642007,654.7689815070075,975.5657021599234,589.0472212622062,979.2625511736934,680.646924603398,754.987044338309,616.5682083647168,826.0486976030003,630.123321415207,,,,,936.1326460130425,638.3385414458073
labeled-data,GOPR0037,img0023.png,816.223388671875,600.2933349609375,834.6444702148438,659.806396484375,942.4239501953125,597.7064819335938,963.1505737304688,693.9783325195312,722.5039672851562,622.9183959960938,775.5773315429688,626.4727783203125,1017.549072265625,651.8412475585938,,,902.7933349609375,639.3895263671875
labeled-data,GOPR0037,img0029.png,748.3998324757312,602.2800830474157,838.0284320411774,657.4750963391311,942.8483196685636,593.1653102102516,960.5714890741604,688.3640487317425,673.9625209722251,628.611649021445,729.1575342639405,628.1052727527137,1002.0943431101298,622.535133796669,1082.1017935696807,578.9867746857742,,
labeled-data,GOPR0037,img0048.png,688.229736328125,552.57373046875,651.311472317711,570.1156077463341,790.2908325195312,578.26953125,825.0814208984375,674.1376342773438,631.9478149414062,505.5227966308594,655.05908203125,541.5508422851562,902.4639892578125,620.4938354492188,1030.773005176209,648.7571600535725,756.0413208007812,611.8042602539062
labeled-data,GOPR0037,img0054.png,692.9977748343923,479.56441178952656,644.3856530361843,558.5591097116146,783.6391269373012,568.1802588175101,820.6045945546887,669.4555125637769,642.8665242299903,432.9777950662438,658.0578122919303,486.6536795517652,857.5700621720761,640.0856889773597,1002.9000512979691,652.745095695643,762.3713236505852,609.1967365847481
labeled-data,GOPR0037,img0071.png,611.4711955686475,411.20361551079634,569.4419652639467,376.7700292370656,748.699164394839,550.9634656806447,647.9302869173036,567.1675062800473,569.4419652639467,312.96661937691744,584.6332533258867,350.4384632630362,729.9632424517797,597.5500824039275,972.517475174089,655.783353308031,654.0068021420796,485.6409270143026
labeled-data,GOPR0037,img0096.png,583.5323474588067,284.4626979592538,571.5371444296226,350.76951470391043,675.4955706825515,456.3939413775594,582.8659472905186,432.4035353191912,491.5691242350618,254.14149030214946,524.5559325653181,270.4682944252056,668.6167650551812,490.9108145752874,923.6644970366337,621.6733143957023,622.8769934102211,374.0553189860798
labeled-data,GOPR0037,img0108.png,582.9381103515625,284.09600830078125,574.4237670898438,351.519775390625,677.288818359375,456.37060546875,584.2371826171875,432.46484375,559.5967671918875,292.0261159556571,574.6371298590941,309.89935302734375,665.299560546875,501.0344543457031,919.9293212890625,642.7942504882812,626.9437866210938,378.2470397949219
labeled-data,GOPR0037,img0147.png,730.1278533447052,341.02339130542055,709.2992352050322,297.83141474209884,675.5349489575625,432.8885597319778,600.113426430747,415.78716799624635,820.5857420937714,290.502718726175,778.6916587087618,307.2603520801788,609.521472156608,485.0777049836396,748.3503873229814,691.6509345767665,665.0847386318576,374.6016734604459
labeled-data,GOPR0037,img0153.png,732.6847375027646,332.6311816431277,762.6486623090517,273.3275804640178,702.7208126964774,387.5650437879876,599.7198211748653,411.28648425963155,891.2438396027007,264.58810239551735,837.5584743247696,283.9398038329111,627.1867522472951,433.75942786434695,684.6176081260122,677.8405653488944,677.7508753579048,358.84961584862907
labeled-data,GOPR0037,img0160.png,838.0390625,285.25933837890625,828.1627437011659,257.19188199951554,695.503173828125,381.3983459472656,676.308837890625,312.2386779785156,930.355390914758,245.92486936616632,886.0099605228793,255.9912187651334,627.55078125,397.6651351071423,602.3458086446907,643.0086066690953,761.2408447265625,327.3328552246094
labeled-data,GOPR0037,img0220.png,795.2861328125,173.29811096191406,710.6520385742188,227.01004028320312,701.114768798829,381.13706579589893,689.0226440429688,324.7295089618238,753.6608788858615,132.28355180866106,753.374749328002,163.66094305595595,676.0531437353231,409.1000545068644,503.23909997064624,667.2510896899273,733.8700561523438,275.84063720703125
labeled-data,GOPR0037,img0237.png,794.9386673562738,171.57208390845855,738.2245252583643,185.7506194329359,742.275535408215,345.7655203520376,689.6124034601562,319.4339543780082,773.6708640695578,111.81968419816108,774.177240338289,143.72138912823516,707.3355728657529,390.326632000395,546.9606400199314,647.8224223016284,747.7217843363326,260.89833246450394
labeled-data,GOPR0037,img0246.png,799.1048262771483,169.16533199904907,738.1537121421055,185.17048067479772,737.6718512539389,340.0662126726758,692.8333218681346,315.72961674105807,782.3912670925022,135.8372118740947,778.8890675408563,169.98432391542542,701.8952926036379,386.52440886458186,527.2055415929549,656.6393983128188,754.2252620693932,288.7904953035389
labeled-data,GOPR0037,img0294.png,868.8153076171875,219.4097137451172,837.3311157226562,190.04122924804688,722.6589965820312,286.3422546386719,741.4505004882812,203.72454833984375,942.7720301610432,225.17281432385727,902.2869873046875,211.6076202392578,660.916015625,258.47869873046875,432.2541198730469,437.65875244140625,780.7583618164062,231.02676391601562
labeled-data,GOPR0037,img0324.png,870.7143355578958,220.03171796760455,840.0599278166475,189.37731022635626,722.4402981138144,285.6721345439732,740.7663027417345,203.03851367626038,988.6671653448728,200.03971291896437,965.0099593706486,207.03691468598845,667.1290841459098,253.35172638200487,410.601211955264,400.2674921667675,786.8387796226455,233.16332348542716
labeled-data,GOPR0037,img0335.png,874.29045122361,219.84557328394112,952.3350415143116,157.4099010513799,726.4164906728071,290.90722654863254,742.4361697324773,202.1828502181508,1009.4308207269827,183.28784414777041,950.6919975081914,189.86002017225053,700.5385475764165,255.1710194155218,478.6846452266615,452.88957140131384,797.6755947269269,221.29340258605268
labeled-data,GOPR0037,img0388.png,776.0846613244794,292.31630005529667,796.6262764035807,297.18141941613646,692.350185603513,234.05047097185687,776.9150224816458,209.23803380402148,790.0808054686605,358.61903307976513,789.5744291999292,324.1854468060344,714.6307414276916,188.47660678603674,409.79222765142833,201.64238977305146,750.0770802388851,235.56959977805084
labeled-data,GOPR0037,img0390.png,772.8640123317952,288.23273172610965,792.1063105435858,289.2454842635723,693.8693144097069,231.01221335946886,775.3958936754518,207.21252872909614,771.8512597943325,364.18917203580986,773.8767648692578,330.7683382995417,711.5924838153037,181.8937152925294,411.3113564576223,200.6296372355888,755.1408429261985,242.65886754028955
labeled-data,GOPR0037,img0451.png,613.3554876814247,320.13443665618377,608.7981012628427,384.4442227850632,662.4739857483642,253.29276918364758,747.038822626497,266.9649284393936,521.7013830410533,418.3714327900626,571.8326336454554,395.07812442842123,736.404920983139,226.45482694088685,558.6668506584406,145.94100021260468,698.426700828289,292.79011814469163
labeled-data,GOPR0037,img0552.png,668.8032502288129,407.8975800627972,686.5103149414062,397.936767578125,614.2069091796875,279.6628112792969,730.279541015625,265.8046569824219,738.2073246439285,464.7659614714402,711.7926619285233,428.2811536392035,671.3761596679688,228.84146118164062,470.42785039263737,103.56077840936105,676.4522705078125,327.1516418457031
labeled-data,GOPR0037,img0555.png,651.291198659489,395.0068725399505,687.8780293271085,391.56372732512955,605.9767815935628,283.6285385444994,737.5908148304441,274.6321362726113,705.6036067526197,438.2333775873169,693.9416038075797,412.9101711923727,663.9617645851943,224.02964942806602,466.4917778977829,89.41515365425886,663.6581316939232,305.00914996887
labeled-data,GOPR0037,img0587.png,642.3551921530784,389.0136857367636,688.5495762294378,389.63793417022794,609.894273612934,281.018706747437,669.8221232255082,266.0367443442934,712.2710167010817,466.42049148633873,697.2890542979382,431.4625792123371,635.4884593849708,227.95758990297014,436.7019727732398,59.828446751399,652.0140427737412,315.0988763825189
labeled-data,GOPR0037,img0736.png,604.0998263099996,344.22017257147,598.4354248795514,374.2081801444303,606.9701943786592,279.21789923813543,672.6493057499968,261.1088438394539,519.6683302924782,372.73630472983405,562.3732669042943,367.87118536899425,646.4424212985381,218.63211614147428,445.36977942281885,53.42101694291523,634.100056371398,311.7001067052729
labeled-data,GOPR0037,img0811.png,519.594970703125,342.69866943359375,488.0469055175781,413.60986328125,605.0192260742188,280.457275390625,691.9509887695312,278.826171875,471.47228846962594,411.26134177467213,513.6767410145081,394.52798759908984,683.8778076171875,243.6527099609375,517.9127418770985,110.3722220990663,611.7083717445545,332.25025583240637
labeled-data,GOPR0037,img1007.png,1039.3131452441346,172.25439024762528,1118.4618941748915,159.0994735278319,923.4092337355478,203.821118225077,904.9249886666973,126.59804993743546,1178.9318247628428,192.8284940834367,1135.8019196021921,185.23895025655676,841.6677944310761,190.67676617611673,529.4773983042155,269.7760176986046,945.0049228258915,160.6763251872057
labeled-data,GOPR0037,img1011.png,1043.5186767578125,174.04434204101562,1150.3287353515625,158.92393493652344,943.2527465820312,187.6746826171875,905.3626708984375,136.02378845214844,1234.1610812162885,212.73815710063886,1191.1985558310087,203.5045386588726,875.22705078125,186.12843322753906,576.511474609375,261.07879638671875,1031.8336196813932,170.99733862630745
labeled-data,GOPR0037,img1040.png,1386.092123626231,179.57590124195164,1271.5106201171875,144.81431579589844,1131.9498291015625,203.40621948242188,1081.4106689206578,152.8156768613918,1416.014918925313,153.00928821134107,1377.1025376203909,162.39642489235675,1084.735464311007,205.7478108353887,830.6813020171272,310.8503726481012,1207.83203125,176.631591796875
labeled-data,GOPR0037,img1077.png,1486.5008789172557,225.03248512468872,1419.8493008703026,177.89403354542904,1240.6835484318615,191.81781631421703,1241.5050704349217,144.9910621397961,1554.9157146023178,230.4293504580378,1518.357985466147,223.44641343202767,1220.5562593568911,190.585533309627,970.9762480382964,254.59492484527607,1356.8349648115732,188.25963364147125
labeled-data,GOPR0037,img1096.png,1412.8452070949863,242.53761906483064,1423.9189453125,176.50540161132812,1243.9451904296875,196.63648986816406,1240.179931640625,146.73626708984375,1479.7022126883041,271.793428580874,1444.3125,247.1400604248047,1174.5081787109375,176.48086547851562,922.7135009765625,252.54454040527344,1318.682373046875,185.9821319580078
labeled-data,GOPR0037,img1111.png,1423.899191003032,281.6180039723254,1476.2996092702092,240.8377621409659,1251.653444204202,194.05325170657025,1352.739813146096,170.5385081291778,1466.799833716896,342.169107803249,1441.1228148680193,311.08640077566133,1239.7874165691762,159.09972873071754,973.621743369543,162.42905087600042,1357.1846646241188,223.73980954667022
labeled-data,GOPR0037,img1117.png,1416.7228172362568,334.4773572412729,1454.5128293770176,291.347452080622,1258.1690706456739,199.74774873943022,1351.4118179929856,170.58371763079964,1467.0773807346368,379.67384826159764,1439.2266859544134,339.67012303182224,1274.6543986167296,171.5532018130192,991.0836881271823,131.04310031451246,1351.1172151951612,233.83748286697335
labeled-data,GOPR0037,img1124.png,1420.8659275920209,329.1232177041025,1454.5483297174817,295.44081557864183,1263.544464006028,197.2689362129699,1404.4354875308206,236.7019923598507,1511.2333479286226,436.3318391034346,1467.2819207649118,398.9525879642039,1309.5496961773888,199.73350222214995,1042.6991147699464,119.72098927234256,1352.2960606322918,256.7104381165279
labeled-data,GOPR0037,img1142.png,1344.8212799162343,285.06509845056763,1384.8505859375,303.0267028808594,1272.6053466796875,201.46380615234375,1405.003662109375,239.0756072998047,1335.6958967904113,336.5916680597921,1349.6229659514709,315.614071048525,1331.307168024455,165.8952709775254,1152.497432702381,39.29075448056307,1355.2188720703125,246.51515197753906
labeled-data,GOPR0037,img1144.png,1337.1981546787943,279.2248481562994,1352.5614887766956,309.8893014192958,1269.5364471259418,213.75504266579117,1406.246854054627,236.85223470397085,1279.5244220613708,336.10773562479716,1336.3310295066235,310.51354985276015,1346.943252875517,176.92438509139657,1152.8019900681147,38.965481295782745,1368.7919480467679,248.08870650632855
labeled-data,GOPR0037,img1167.png,1111.173714837951,215.14958205047822,1098.70166015625,250.086181640625,1228.186767578125,211.12522888183594,1294.629638671875,266.19000244140625,1027.62841796875,201.56626398924672,1061.851389335936,216.54775862303686,1306.0997314453125,247.21731567382812,1420.5053412068285,137.87845624130296,1197.882080078125,250.17955017089844
labeled-data,GOPR0037,img1168.png,1098.5638159204855,212.1267349767807,1098.5638159204855,251.45438628503257,1227.1589932141344,207.75699594253047,1293.9535755948164,263.93935495431896,1016.7872711366599,194.64777883977985,1057.3634193118405,225.23595207953133,1303.317302096781,245.83615038385375,,,1226.751730549016,261.3914581499594
labeled-data,GOPR0037,img1174.png,1016.6795043945312,180.79135131835938,1098.1512451171875,251.87152099609375,1229.583740234375,213.04466247558594,1165.9234524727801,278.72222678347515,946.1532592773438,190.84616088867188,986.3591918945312,200.68148803710938,1265.9776611328125,258.23095703125,1401.3053826925434,178.95744023860627,1142.4440180767187,234.61659400760726
labeled-data,GOPR0037,img1230.png,1065.0930647053433,112.39694124541428,1006.8597938012399,108.34593109556359,1085.854491723328,188.85975782384574,1052.9400342557913,238.48463215951656,1072.182332467582,47.07440257907213,1056.4846681369106,74.92509735929552,1098.00752217288,275.4500997769039,1315.8944373286008,360.027035112248,1033.73414540273,169.6312629056316
labeled-data,GOPR0037,img1267.png,1245.175710346344,152.9557538546406,1217.1869032782477,124.30054661825633,1127.5560806435108,225.2601721138893,1052.2528616269663,246.5849774991055,1316.1473282690167,134.62974922672043,1284.4933202753364,142.2933511620325,1058.9168633098461,287.90178793296195,1125.6779892620323,509.2433459141399,1136.0924081426654,188.2176225936749
labeled-data,GOPR0037,img1294.png,,,1175.2738702761133,166.39801188065053,1135.0192921261726,252.24706120042225,1049.170242806401,244.0318411698221,,,,,1038.9012177681507,331.9346954972438,1183.215634296551,554.428915683872,1098.5642131019467,230.44484002088706
labeled-data,GOPR0037,img1309.png,1253.209228515625,290.0663757324219,1269.3438090788507,297.6289594599338,1128.02880859375,247.46621704101562,1197.888916015625,217.04039001464844,1310.446533203125,343.7300109863281,1273.442138671875,319.34368896484375,1113.0592979117575,193.40003515793012,922.8157033151243,213.0192122508805,1195.728515625,259.209716796875
labeled-data,GOPR0037,img1321.png,1221.0542658544603,326.77840391881807,1234.1417996519726,328.7458606201706,1136.0267333984375,245.64329528808594,1255.0322265625,259.6202392578125,1221.0648123146213,396.48177164410436,1217.0344132961507,362.603298491295,1197.2484130859375,194.81549072265625,1000.2076416015625,137.73245239257812,1204.1475830078125,272.53448486328125
labeled-data,GOPR0037,img1324.png,1176.5245871080924,310.91628651962054,1235.7706105496586,321.55018816297854,1132.4698517284662,247.11287665947236,1256.5320375676433,267.8743036774571,1174.499082033167,387.37910309805204,1175.0054583018984,346.36262533081396,1203.362529350853,203.0581412798463,1081.3258485866015,100.77013499611672,1181.5883497954057,261.79778845268106
labeled-data,GOPR0037,img1478.png,1185.132983676525,203.0581412798463,1180.0692209892118,226.35144964148768,1273.2424544357773,231.92158859753232,1257.544790105106,275.4699477084271,1098.0362654547355,234.95984620992033,1141.5846245656303,239.01085635977103,1341.6748612807385,273.9692125246653,1585.1509170997265,133.09553712663484,1227.824502791435,252.94490550782353
labeled-data,GOPR0037,img1495.png,1133.760233441063,282.9304586195141,1151.4229565068533,319.0774267541548,1187.9806856430241,225.834679406843,1261.9176659184254,272.6614335812639,1071.7353222100317,378.227010974476,1103.3639193278423,348.65221886431544,1266.8976685803502,234.12297821834392,1570.2170535504197,183.48535134521046,1186.8902181207993,272.101198373194
labeled-data,GOPR0037,img1526.png,1128.8883769957645,345.6361591644745,1144.0796650577045,315.7599593093258,1186.6152716311365,224.61223093768558,1262.0653356721054,272.21160019843103,1100.2087012147713,449.2937254194154,1109.2454432484315,416.43284529701475,1267.3884288374848,222.964413576381,1553.9784655006824,157.458021436958,1185.219280628832,281.3282895198803
labeled-data,GOPR0037,img1571.png,1178.4879994927792,441.43049391826065,1278.3677488470698,500.10984666390635,1140.408845051456,291.61086988682484,1225.9308804360671,349.0417257655419,1290.2284690828917,562.534690010338,1249.6523209077113,516.9645543674428,1197.839700930173,285.992633985646,1474.3817569548648,210.4585735364638,1177.8637510593148,355.9084585336494
labeled-data,GOPR0037,img1623.png,,,1272.749512945891,470.14592185761916,1144.7785840857061,305.9685838565041,1225.3066320026028,343.4234898643631,1351.4048155623946,545.0557338733371,1312.701412687607,513.8433122001213,1194.7184587628515,288.4896277195033,1343.7798280063248,133.2923490449511,1181.0197345514882,397.9477659429338
labeled-data,GOPR0037,img1626.png,1296.3516845703125,530.9505615234375,1273.9747314453125,471.0122985839844,1143.918212890625,305.96453857421875,1224.725830078125,344.8959655761719,1373.8651620691933,559.0462811877127,1327.8407869405892,526.1649299701528,1187.1572265625,295.1952819824219,1311.3089599609375,135.22317504882812,1185.9827880859375,401.32635498046875
labeled-data,GOPR0037,img1633.png,1313.249755859375,532.9430541992188,1358.4234363418511,532.6030374676911,1150.1671142578125,308.8686218261719,1220.2593994140625,341.1735534667969,1397.913073610614,610.023686054333,1355.392578125,576.9225463867188,1173.1407470703125,338.4020690917969,1198.1007080078125,140.18032836914062,1235.49396208972,434.8066369945206
labeled-data,GOPR0037,img1643.png,1436.2421880516385,659.4698182568171,1398.8629369124078,569.5131589217453,1222.1935816284035,478.9316306672398,1360.6546753328687,501.8377321909764,1505.2963100894804,667.5323011176288,1460.561986940083,655.0187625744637,1250.712846029028,457.3754055040531,,,1299.556712627184,526.6727190784861
labeled-data,GOPR0037,img1645.png,1425.4427490234375,660.0708618164062,1399.494873046875,575.09619140625,1223.203369140625,476.3143310546875,1388.8277587890625,532.8329467773438,1515.6994028844042,663.1409521636463,1479.606254191786,645.0113424659462,1282.666971997565,462.6422243557675,1150.9146902654866,208.19223137658952,1327.3785400390625,555.4492797851562
labeled-data,GOPR0037,img1678.png,1471.8548459772576,697.3948119181001,1483.766915021628,646.4604477283791,1323.9808854264547,585.2570585004079,1405.3115637293963,547.0562853581171,1503.8942040965983,729.4341700374407,1495.2682230644682,699.8593779272801,1312.0688163820846,519.9460592571365,1118.579440549878,277.1023577397096,1399.8182133635166,610.7615705948485
labeled-data,GOPR0037,img1714.png,1271.1083461354024,671.1964001603819,1261.7446196334377,698.0390827993474,1324.7937114133335,584.425867908842,1367.242604888907,668.0751579930602,1174.9740873818978,695.5420890654902,1228.0352042263646,680.5601266623466,1406.7098681098328,592.0975657299915,1540.7343326597943,343.3346481237693,1341.523063906941,631.3955648764306
labeled-data,GOPR0037,img1803.png,1235.6580440203204,535.2062666969737,1239.3548930340903,615.7154229968553,1332.4546089496425,605.3842044419645,1362.4426165226027,669.025420513469,1175.517369317817,606.7170047785405,1206.1717770590653,601.3858034322365,1408.0910280503313,624.3766092381727,1717.0857042262023,465.6403047233131,1306.741867004983,619.8393910303162
labeled-data,GOPR0037,img1806.png,1236.07080078125,598.1002197265625,1239.6124267578125,615.9153442382812,1331.824462890625,605.2528076171875,1361.71630859375,670.92041015625,1157.5643495224083,620.475262293998,1203.693924296347,615.674725184623,1412.5069580078125,621.5062866210938,1724.14453125,476.0484924316406,1304.235107421875,627.3960571289062
labeled-data,GOPR0038,img0086.png,703.0898415182019,999.6197758744398,768.0638579262825,1004.9509772207439,671.7690336086655,887.6645476020548,758.4010554861063,956.6369650198634,,,732.9173718779198,1071.8669599427935,750.1341650147851,868.8100761815284,906.0723879928287,666.8115434895484,730.4729337848977,963.9274251617262
labeled-data,GOPR0038,img0237.png,587.9901266404668,854.3615148059592,552.7494414061126,886.2136726139332,677.5027376192423,891.4742795907844,678.6509425587348,925.6414481438565,497.41129837712884,849.5665274993644,531.3621048722418,854.8347560934336,770.6105492947404,910.3516582673733,1028.388309058279,883.7688157337718,636.4633259408217,888.5111092645219
labeled-data,GOPR0038,img0253.png,531.6828216766188,845.9083970090489,546.0593982900666,883.4591568202932,674.5784056489747,892.662032276412,669.6865546829412,924.051409308461,402.2299770598806,895.0195762987411,459.49875156476395,875.5104333355391,732.5997153602397,892.8400744101003,997.5785146781587,873.6606453839388,604.1339653546434,889.1072119918598
labeled-data,GOPR0038,img0390.png,951.43838237899,940.0479172350208,1030.811037414932,961.7398229591292,813.8919801738484,942.5129065218514,782.3401173024181,876.9441914921601,1049.5449559948438,1005.616632264712,1017.9930931234135,987.8687093995325,750.2020869001826,878.781441635369,491.3590755917198,803.1580988269819,867.0935656759468,921.6732091991995
labeled-data,GOPR0038,img0471.png,,,1336.710852092888,780.7362405435777,1123.8857806003166,933.2117101978287,1174.7214258966962,827.3041158303711,1421.4544027317006,722.6053991299943,1386.444782152927,740.8712881276153,1093.4294794827579,884.7151639838802,859.5611924163662,983.5465350545635,1222.6240237523662,838.137892692546
labeled-data,GOPR0038,img0508.png,1481.5000170239814,635.7644550431285,1445.1930244381656,571.6221014748538,1305.7208334039228,811.6069697975166,1301.9079857476906,742.2824669569304,1483.817152746087,482.9743208363149,1477.6352262522641,536.9704238623738,1281.1056811061665,766.1713271026442,1074.8982013367784,930.0844059118701,1396.4846021882704,694.157293659873
labeled-data,GOPR0038,img0590.png,1480.743841085201,730.5996043491939,1440.673139175634,667.0391806305705,1369.2828081873251,752.2469950359714,1385.403205507266,646.3129555049325,1537.8561058758482,716.7821209321019,1501.9306489914088,710.3339620041256,1274.8633381705295,714.939789809823,1074.5920466930625,902.3058873165533,1406.1514550075024,700.7874491543607
labeled-data,GOPR0038,img0697.png,1247.2227913941633,938.0165717922189,1285.3136851962227,957.2030960777006,1338.6618712250006,805.8217737187268,1376.4162888873145,851.5046190901268,1266.5342815045558,977.553973529388,1263.8767749122467,963.0584830258842,1370.7116330253136,773.7970704290178,1395.8647424746946,509.83107605146756,1311.5082400120905,870.485356938482
labeled-data,GOPR0038,img0745.png,1252.081622723062,942.33083680967,1326.6870479977592,950.9123350434393,1338.644940206454,814.9342368108084,1376.6621526746987,851.1411058281843,1368.1893745329926,968.2842797406249,1347.5736188738697,955.5639198658469,1369.571248897209,775.5320851132841,1428.2043044710454,504.0139623793432,1320.380287070802,877.416842559346
labeled-data,GOPR0038,img0908.png,824.6074588304821,661.3672560039076,836.3041765019989,726.4010062575412,1053.816709003379,738.8647252043418,963.3847131303678,792.7920621928347,737.5426729181335,656.371807149907,778.7304409481059,669.6356646510845,1075.5158089377728,779.569456358703,1288.2685962394567,873.6177258498892,934.2834879088407,724.3841615768938
labeled-data,GOPR0038,img0923.png,,,727.0854613283204,746.3641531767155,913.9643615608283,703.31901323552,962.5749107101215,788.5928626414524,617.9484024968434,727.0747862680914,659.6833738319117,724.4182596694591,987.8625193558044,738.4015575616614,1237.2937006488096,835.5304535107666,838.3862344662584,727.8242575697598
labeled-data,GOPR0038,img0933.png,640.2941608406436,702.5638828164995,550.5675882734724,737.740184792193,885.8445472144318,695.4174175708044,752.6366302798824,763.0658000018742,495.61499760534485,707.8806837523085,553.7986421715619,713.05814489309,866.0814382637361,747.3704615635086,1158.3066677696538,811.2123684330901,732.1173706054688,725.8314208984375
labeled-data,GOPR0038,img0965.png,615.2120639105375,855.1584011656155,665.6764610025803,832.4216947834864,688.571979607367,696.1189052224545,755.6392945384957,758.829999918242,635.325884727719,906.2910558629585,646.5353384789336,872.8702770861889,799.8304228697946,679.9048168463728,1101.9412169955183,619.163545942771,692.8506691059861,758.8928003004826
labeled-data,GOPR0038,img1058.png,745.6488485987878,938.1161276187914,775.2624433948649,886.0679913105347,616.8892298120854,825.641644080946,692.7567803942146,820.4093992132129,844.1578023323721,919.7510915815216,806.2112803772633,908.1741865782681,632.825089482312,754.8628940917364,632.6471001847174,469.1576380473647,701.3264358696108,859.3670451549042
labeled-data,GOPR0038,img1364.png,826.7840202405807,958.6340891831933,,,756.9647800395263,970.8740764019483,709.9372475094217,913.7692154725354,869.9159379430071,955.9015137378958,842.6292054716768,940.171515019129,657.7275365926866,956.332843925077,,,760.120662502246,934.729778895806
labeled-data,GOPR0038,img1458.png,,,1475.2569359135287,783.6538969015922,1318.9692360265021,862.2811439575327,1293.8238215630943,811.990315030717,1625.7241860481363,784.7198947450989,1567.7831083413491,783.3879159472417,1300.406302546702,830.5882757962847,1037.1012278425592,911.4384036928544,1399.8585830976003,807.7358985588958
labeled-data,GOPR0038,img1502.png,1455.2477860346926,921.6161217471615,1503.2920211881305,901.8557898596055,1396.122901179263,900.8747784481894,1406.8720514718584,853.8472459180848,1558.7787787781463,958.0766808579332,1521.015468127778,935.2199402011313,1327.4650687230126,833.8274917693582,1055.7778357422712,833.2883117647974,1441.1664816466548,891.1106536797191
labeled-data,GOPR0038,img1563.png,1397.1621091859529,754.1830638532879,1336.7410450367856,765.0452776329134,1384.602439879119,920.506381990316,1331.7515982700374,875.4753077621699,1324.0327730758534,681.2788174991061,1332.6261215083246,719.0374697023882,1298.7605070125828,919.1179353194054,1056.5335859033755,991.9178932610034,1354.0986375872817,825.0965418732726
labeled-data,GOPR0038,img1598.png,,,999.9521444231852,654.7037657772432,1152.8752560017444,624.9957727635741,1219.1094699338591,706.3274913419798,901.5748560828382,601.1319750968562,952.2245490897496,616.7164960220598,1225.9276978386358,671.262319260272,1402.8485142290624,799.4376542007876,1090.835819444988,649.0789031914333
labeled-data,GOPR0038,img1715.png,560.5776761379875,749.2180442821708,526.7993821662435,787.0350473157539,624.0955550196367,726.0872560189114,662.6468687917359,805.7599711479163,472.4603875160465,708.4637982945231,498.52841873337076,726.0872560189114,744.8605620697924,730.5662672543244,1032.110074447476,608.7360173961438,617.9484292954545,762.4135108684577
labeled-data,GOPR0038,img1791.png,613.5537670195483,899.1405978653893,634.3906102697828,914.8325415476646,606.6081526028036,793.1556667654315,686.6113408845678,814.7642449508598,,,,,677.5692244151318,728.4832913136323,819.6711136391567,477.9202358232775,641.7451876705594,843.5236884461442
labeled-data,GOPR0039,img0003.png,930.6472081380927,445.9415524635618,867.0034790039062,482.0827331542969,916.175537109375,657.7200927734375,847.8136903671829,588.9280037702745,902.7325439453125,370.16558837890625,897.3483832641112,419.7309916046509,862.3493041992188,678.3602905273438,761.5209012237085,919.79084210653,896.2169361588163,554.7273449866013
labeled-data,GOPR0039,img0005.png,926.3087406864373,448.13619929033564,869.2228970651912,484.3023859323674,916.0677858213437,656.6523850529398,856.5044015713954,565.8758254573729,911.2250589586199,357.00703703534253,909.9240014452046,401.89352124817407,871.4930795321868,656.8495734717486,801.8138234484757,917.9310000117964,900.1857031987288,536.3232314264967
labeled-data,GOPR0039,img0019.png,966.9133911132812,406.7936096191406,913.0345458984375,411.6191711425781,932.4625315133006,503.25008233287076,865.167236328125,470.15643310546875,1012.1744658001796,349.26921423088186,977.5940551757812,378.01629638671875,882.0680541992188,570.940673828125,706.889892578125,610.714111328125,913.7730102539062,462.443115234375
labeled-data,GOPR0039,img0047.png,1002.0851050911815,422.35712582390363,1017.6428023338955,400.6582323011711,914.7006867899173,426.57284858792275,927.7329788044543,355.6771800288418,1064.8326907973828,488.0852668965371,1035.6403566848203,457.8503494228114,834.9430596609512,398.9443895171044,879.3774106127064,669.1511927971113,951.189095986317,397.8264476306922
labeled-data,GOPR0039,img0052.png,995.3810424804688,451.4006042480469,1011.571044921875,397.2703552246094,915.4705810546875,430.8671569824219,950.3156127929688,350.877197265625,1042.90698527784,501.7239580788648,1017.7572660395588,458.8142333589061,833.1262865419584,354.0912458630786,876.895533008736,644.3173088907206,955.2396240234375,403.04327392578125
labeled-data,GOPR0039,img0061.png,956.7218174745278,437.6300680323777,1011.6573675788671,414.1240089052115,901.51123046875,398.2710194491053,950.1521372891759,346.72824184905284,970.4304054805144,532.264783144003,970.1542304243336,487.2153302846669,860.049165385259,326.7715148925781,612.0086636400135,370.6042765208101,952.9288330078125,395.19085693359375
labeled-data,GOPR0039,img0070.png,951.7289891260424,436.66400155035944,979.6984255418641,433.65190839788636,899.2325084686539,397.0764915464272,950.8683910824786,347.16180501972985,955.6111277117285,530.3279239723167,956.2217765775245,488.2023528746531,859.1369594188834,320.07209228037505,624.1704527159662,355.0753106552063,947.4206653418934,393.4451860203436
labeled-data,GOPR0039,img0282.png,951.1303292512932,445.99441739341495,969.3664267045646,441.63361148067617,898.8006582984278,398.42198925444643,955.094698262874,346.8851921038971,969.2822594519496,514.9331460264158,964.6234657862781,475.07457799789324,863.7330969307777,310.4722409537959,664.6002621056035,241.11908123882142,941.9047470592211,395.7635982060308
labeled-data,GOPR0039,img0443.png,915.48089641602,445.48166920008083,963.576868236945,442.88825895483484,897.588894370683,398.6098257620455,956.5398603547997,345.6830460828751,891.5647080657368,520.8147479480974,909.2069679587935,482.08783598772885,871.2654292790128,310.0209675064576,649.1399612837342,245.69504012320957,937.8421669757424,399.99708899744866
labeled-data,GOPR0039,img0518.png,915.7264628360717,448.44278460162866,963.0672832935302,442.07763227121404,893.0506076589699,393.543345751803,955.5086649011628,344.21341519109006,926.0698353729954,520.4485703394434,934.0262757860137,469.5273516961269,864.3643231236953,304.35916078566817,640.8272448136922,239.7087312744418,938.5655675441512,393.27095860632295
labeled-data,GOPR0039,img0660.png,808.2090423295501,171.06123952664637,806.903322451832,144.38882317395507,914.013427734375,303.6892395019531,828.1112670898438,319.22979736328125,868.0041231336328,106.37756877316706,852.1957961139959,131.30670569889693,913.9317626953125,370.62408447265625,1203.72607421875,301.7217712402344,845.8553466796875,251.27845764160156
labeled-data,GOPR0039,img0667.png,909.3638916015625,107.03059387207031,807.1808597814795,140.4841979901862,910.4873046875,299.40135031449313,829.9317322829194,320.11868296651323,906.0653399463898,86.92368773056883,892.546236430394,118.17140553077901,905.6514820701123,354.82251372488975,1195.6101723927318,360.4346874790841,856.9382934570312,243.87940979003906
labeled-data,GOPR0039,img0915.png,876.3692545063507,224.00906156141218,843.1278053761491,243.6215165482311,923.2396951803855,292.6868473247421,836.2807143068205,323.5432598927813,757.4821070049683,308.24255944581967,793.94877640356,286.31155547184136,933.6100071656116,389.7359724969338,1166.642856316806,456.24308694067224,878.8097891718855,275.6356964666643
labeled-data,GOPR0039,img1047.png,986.7760681814603,215.26255767139367,921.3875643170602,161.61045193650125,953.2435020971526,276.9624792665199,876.7892514249309,257.5135909376214,1027.6857988043157,185.75389951720283,993.817907059165,197.8256233075536,912.7216251397329,344.2167701072429,1202.6941583016169,465.48369833045774,929.1151580885521,232.10896759044942
labeled-data,GOPR0039,img1154.png,996.8296061554786,210.02958945523272,988.6293676850496,201.3003033415502,950.7758546613336,278.88870480836545,877.4318295711796,252.19363685275795,1055.2077631243856,232.32348388441636,1016.2771647184923,236.3787545516969,887.2755633902952,338.91893775474284,1162.730918176869,473.2104784430903,941.881114766755,235.27671964049398
labeled-data,GOPR0039,img1217.png,1016.9811728870079,231.38945180850882,1004.9721713783695,224.0415748979546,974.6342073777492,291.0385786841723,917.4449571416278,223.88996854608226,1076.9616191941616,229.2845914837389,1036.1518022119424,245.6361817811569,899.4722530941805,305.5887327860735,1024.3215858001242,562.4318180029039,962.0724487304688,254.6200714111328
labeled-data,GOPR0039,img1222.png,1063.2190999134268,260.73636725315157,1041.3467784488248,215.30923805743961,972.7013387753045,293.3766008234038,921.8902535267675,223.04867488337572,1118.0681522015827,257.03489746683425,1077.3519845520927,254.00642218712014,898.1779995942381,300.82167092716577,987.1891522281574,569.2695815295243,986.875392647143,248.2952176215632
labeled-data,GOPR0039,img1237.png,1152.137191298553,291.83416851742925,1121.20703125,248.63018798828125,977.9819946289062,292.194091796875,926.0841064453125,214.85923767089844,1251.680934741943,294.38178551580825,1206.6362643036805,288.68895400637837,914.6163940429688,287.1429748535156,747.3585865001968,494.196371268913,1044.566650390625,274.2776794433594
labeled-data,GOPR0039,img1287.png,1125.3883648984445,302.90231116345285,1120.5814493095115,251.30808384224036,979.5785920341483,290.7247916714897,1013.5474621959403,220.8642851123324,1133.714123846432,399.6841047664392,1124.6214052713096,361.0400508221704,925.7222785222568,264.57720191362154,708.0704920434874,258.849523322075,1049.2324914329126,272.2487128192285
labeled-data,GOPR0039,img1316.png,1045.2630615234375,313.30462646484375,1098.658935546875,284.3543701171875,984.6394888646827,295.63556015169723,1015.5006156998923,216.1590849257677,1065.5007156719503,379.6358856609046,1060.6275874646117,343.69912220132903,935.1524155018004,225.88718559796166,714.6084008239641,172.93193882476007,1030.6429145961522,259.1875880819863
labeled-data,GOPR0039,img1321.png,1046.0430556288147,310.9004385550054,1072.40164395312,339.4285819934082,989.7669527043103,252.7916531061823,1060.9370719952592,249.18536376953125,1029.794277373456,418.56651851012873,1045.13346319531,373.55622101472403,966.5811157226562,194.6176300048828,743.2890876433908,81.42720564355417,1035.027686977923,267.7209092134832
labeled-data,GOPR0039,img1340.png,977.5166783010059,354.733176572393,1057.1932354773594,364.2351214892716,987.9627677119082,248.83356457148227,1049.0898534154483,234.241937661605,963.6063812431685,408.69643510005784,990.5687345946417,378.33106627703944,972.3286303304152,199.88910690094096,781.3670839523616,40.92613616129038,1027.7843511315664,296.4442984985395
labeled-data,GOPR0039,img1389.png,872.9071355616709,356.82668464070133,887.2650390762952,403.729169455141,970.0806704251354,256.0828358090573,1054.2657622529696,236.43269796617182,799.9070829777622,412.48372320666635,838.9733949098942,392.7449550725365,1003.6384348497585,209.06862661872668,765.3914361932225,49.21439616882657,972.9688794342393,330.13835087190944
labeled-data,GOPR0039,img1392.png,855.6117553710938,367.8363952636719,887.6238403320312,404.3470764160156,964.3955948035868,262.8122068018464,1056.228759765625,238.14085388183594,789.4468994140625,435.4603928813767,834.1457733899998,408.4134853368107,1002.6402891832784,212.32208258121236,807.2189288410852,16.30537198816313,968.516357421875,329.0228576660156
labeled-data,GOPR0039,img1403.png,874.444597800387,350.36042076297537,876.0071992834202,407.80863768188476,933.8020282262744,249.6937255195199,1035.5546132412198,264.0174962152112,850.8031555991035,423.8449698741835,868.1382562279487,402.01558389711926,988.2581178350341,208.7605164875384,849.4986098230073,0.7129654048844272,955.3172615062496,310.2797455115338
labeled-data,GOPR0039,img1408.png,876.781982421875,347.5818786621094,957.2024186932906,345.6934418235989,930.950496527805,251.51806957463106,1039.8653564453125,258.3513488769531,895.79403462729,383.18400436101507,917.2918889304088,354.1782826023349,990.4886474609375,209.75631713867188,863.2446825095644,3.778374043177423,963.7020874023438,298.226806640625
labeled-data,GOPR0039,img1464.png,921.6342986510916,287.88791991454656,969.0275378344685,290.8961377026409,932.3566284179688,211.64317321777344,1048.5223388671875,238.26673889160156,944.8811771153337,306.61569697751384,955.0106113743983,287.6986377979103,995.3432006835938,171.69639587402344,847.8823780031038,0.4634408950805664,976.300537109375,244.493896484375
labeled-data,GOPR0039,img1492.png,925.8534189380385,249.79064985514935,941.7385738804528,283.9437329813402,931.2361173581435,203.31477987133414,1047.6686888122658,237.86921320520926,842.8448542630316,268.11422802649804,886.106710906141,269.26277289312924,993.7752849073516,162.46050715959544,824.4914316748367,0.14902860860063072,984.6093882361849,233.5234438071589
labeled-data,GOPR0039,img1504.png,830.0474243164062,251.62548828125,817.141447636576,291.1841333588535,933.4825439453125,202.65147399902344,1042.1689453125,237.6688995361328,715.857731235541,270.459157772916,768.374230142834,274.9252104261084,997.9125366210938,172.9982452392578,822.8189697265625,0.7335300445556641,934.8210464397507,255.69787698847963
labeled-data,GOPR0039,img1512.png,799.2225952148438,255.74285888671875,754.51025390625,286.83203125,931.0594482421875,208.39161682128906,1038.6007080078125,241.48753356933594,665.9179077148438,290.5321350097656,707.6211547851562,285.5645751953125,994.0575561523438,203.60044860839844,841.669189453125,28.242206573486328,902.27099609375,263.8717956542969
labeled-data,GOPR0039,img1536.png,790.4411421333036,254.99286886061958,761.7204635833025,285.3270686774747,931.9177598780636,207.55521265508247,1038.1022286109524,241.30194732087165,693.3095500957959,253.04314990964235,729.7710452318055,259.82668388843484,997.620398735058,201.34322404120445,843.501209007301,27.262160504155915,902.3114533254163,261.2411350107793
labeled-data,GOPR0039,img1566.png,738.9802531778084,269.8852262009327,705.3971172246493,354.768955314305,800.5338171234057,226.51156357276096,881.7501831054688,279.93908909752093,633.8317886175473,391.83815166560817,680.9647943142016,360.08741999781927,922.7584569743447,230.11401801337186,1141.9869191103267,118.24498005356483,811.1265498461091,277.4186539483422
labeled-data,GOPR0039,img1580.png,604.2449951171875,375.0318603515625,578.2909993709783,423.5998949541345,777.4974676037956,244.37301523186198,759.83642690681,331.32040574107424,487.4327221642887,420.2594154135212,529.519996739885,413.5219110740612,826.0010432254556,282.81747717913413,1074.545654296875,129.40029907226562,700.7637329101562,335.5169372558594
labeled-data,GOPR0039,img1623.png,598.6510305595168,479.57269721744376,642.2914471648061,446.8069333451868,623.508433482353,338.63068787772534,737.9456835106321,353.9353656930575,584.423429504301,596.4949117521566,602.7726377431482,559.7964952744621,714.5359970161267,300.1273968641092,954.8674341860162,126.4330626963905,657.6443177697935,399.70065717525205
labeled-data,GOPR0039,img1663.png,532.618092492809,587.8189710447114,588.9568920108067,599.6829910388047,569.68359375,463.3111267089844,681.3774052545037,429.41134138806314,540.7448691828006,651.4655380578204,548.8104285809802,618.1198330446741,650.3781127929688,374.3051452636719,789.4666892994351,138.26189549580343,611.1048583984375,506.2915344238281
labeled-data,GOPR0039,img1671.png,559.8371464244011,561.7029100046307,606.3787181031222,571.6761039357852,566.7935409142,462.02685010191533,681.2639671406059,425.3219921379821,570.8919717997885,641.2292905041292,578.5891019546247,600.0496441757557,650.5000038306454,377.1144714327319,782.7424511706431,133.04931096405363,617.7064890489044,486.127890155333
labeled-data,GOPR0039,img1701.png,643.3702392578125,697.8854370117188,740.1940779000304,701.0456195547636,571.2649536132812,539.0914306640625,657.7828979492188,554.6981201171875,822.2750854492186,767.667479549184,786.0869016662999,743.4796767936134,622.3739013671875,488.824462890625,584.57861328125,214.98458862304688,665.4564819335938,641.5233764648438
labeled-data,GOPR0039,img1711.png,655.2512075453584,692.4291962180123,742.4840976127224,704.6889537409932,575.4556791329486,538.3804899371572,657.2082776518785,553.7928650677752,843.8079808821408,775.2937101484049,809.5838538757007,748.1854907373632,623.7993697145839,498.3437929188518,564.0390246992587,229.6444424696271,667.0241396391883,635.9084030873536
labeled-data,GOPR0039,img1764.png,622.6826211676174,827.1184277888073,664.6052924319769,888.4396292080669,639.9738770232459,704.0557605362941,723.7232624910095,743.9926092508132,600.62603355949,943.6623199983749,619.9705103434189,910.5003597973539,703.7110496028374,672.3703238384164,629.4992790996077,370.3112598412735,670.6764287130977,782.8023229202315
labeled-data,GOPR0039,img1782.png,597.4595947265625,916.827392578125,661.010498046875,900.4791870117188,621.2171630859375,805.184814453125,712.8634643554688,837.3021850585938,700.7086014674298,966.3581583445434,682.682058257881,940.5489517131881,690.84765625,736.4810180664062,619.8582612194444,432.24247813581127,658.1085205078125,847.6466674804688
labeled-data,GOPR0040,img0024.png,1230.6168519451737,553.1112632472168,1231.1966546399271,524.700931204291,1074.6499270564586,572.8245548688388,1150.6040800691785,480.6359264030184,1281.739600766679,575.165482267703,1251.5074286253632,558.935579328681,1030.9520678198116,506.62784845951364,733.3431030645122,615.0545089979619,1154.2688085218108,537.3287385169349
labeled-data,GOPR0040,img0046.png,1189.2568891167334,657.2865851993092,1248.0595456995106,628.1414272241896,1185.60837742339,525.1375522752636,1221.700286362187,494.31749520393134,1192.347146276343,713.2832997448218,1196.0643079673605,669.9164133496165,1217.1282242164602,453.7015083220928,1037.5875084468985,365.02002003679564,1215.3320772230177,567.4452572580037
labeled-data,GOPR0040,img0080.png,1143.4275243505872,644.5793495630421,1231.8229883470367,632.283298136356,1147.026646681924,571.3923081108762,1236.784476423187,577.2558849281446,1105.3040355906965,708.1426022886084,1128.3340254327582,680.1776146232478,1219.7214387337226,488.07383262366636,1061.5642128847062,281.49649465952143,1188.293618899468,601.4792334282863
labeled-data,GOPR0040,img0194.png,1137.9073493273338,633.610479225667,1181.464658195393,653.4446109423724,1150.352294718208,568.2745159235781,1239.8283374714008,579.7321362206351,1058.4401564033126,703.2101064464048,1084.2843827296365,679.758864039185,1216.931758891697,494.2210066052802,1103.087300358649,246.1990757141097,1184.9201405848426,596.2626133853581
labeled-data,GOPR0040,img0224.png,1173.333287129545,661.546194186726,1200.1311887267377,639.7445115313826,1151.0774027522152,567.9806394575444,1242.3719488714653,577.5188756192571,1222.3870731040674,709.6915767172757,1200.1311887267377,673.8096406803566,1219.9029903506062,488.3415231885224,1343.809129040255,237.47931061829934,1187.781760023719,602.4691164595536
labeled-data,GOPR0040,img0497.png,1138.4028236239576,625.9962019921027,1155.5156850654116,660.7404964338425,1148.2556832417645,571.5461883147491,1243.1542785080092,577.2504754619005,1128.9922433922213,739.6142402070465,1135.253247953039,703.7873807757007,1219.2160962198452,487.7725127208531,1367.9460700272195,261.3915298381873,1182.2212898475045,590.6431541946911
labeled-data,GOPR0040,img0515.png,1139.3251841561644,624.4793060897339,1178.7688837833407,646.8215415428897,1151.7375371856954,568.2099723558599,1245.4153396237186,574.9452635506703,1115.6556361107496,698.1454082746918,1135.5993300168868,656.8665999573382,1221.0084988436274,490.3986538716317,1366.215159011792,270.28238050266157,1182.3664245652808,594.1544965865656
labeled-data,GOPR0040,img0571.png,1148.4073724441275,662.9126768354605,1176.613373275159,663.908182747144,1150.0665489636,567.675944617743,1229.3751865943823,586.2587216358343,1154.2766036406697,695.7908464835537,1156.4549875776809,674.2050420168068,1220.8062254779422,509.9785673140671,1425.648557200438,570.7607122772812,1180.6683898596486,591.4236818121838
labeled-data,GOPR0040,img0657.png,1149.8831893829654,664.9590321438142,1182.5017898068522,654.7411573122351,1153.420146055435,567.4962260579837,1232.4121784072572,580.8580623762023,1161.280049772034,695.6126566385512,1163.638020887014,664.9590321438142,1219.9469725413012,507.761135590815,1411.2587184030842,573.045261213028,1174.2547786929258,602.9627254629527
labeled-data,GOPR0040,img0753.png,1014.4228715433758,723.3745705258052,1089.909411372462,730.5410141804653,1148.6360625455095,582.3969345505899,1150.2724781784796,675.1271537522273,889.106719426595,790.0559871871707,933.0240522531875,777.0112348624402,1178.5945413157087,580.460251636277,1244.740917756339,279.21001555434884,1096.0553060124012,677.0641053914486
labeled-data,GOPR0040,img0773.png,887.7215831140345,678.8059554355535,845.3683919392955,730.850131031631,1064.288937067883,646.5352183347263,1141.6204545766293,683.863627011234,749.3626273491755,675.1029792064579,795.6670800766165,683.9228749640657,1122.6880731589747,645.7563372261199,1215.7459878444843,358.9838322738028,995.2256552325075,698.6753984694766
labeled-data,GOPR0040,img0820.png,777.2992829117836,614.371124750345,732.0788308218961,674.8612257511882,960.0484265269258,623.742127473749,976.9581311628162,725.1118219137343,732.5989650210223,561.9125406420951,744.7128661398789,595.2257687189505,1036.2709692190892,669.216555821257,1220.601099377853,452.08075250287834,898.899482169665,666.91877621408
labeled-data,GOPR0040,img0822.png,781.863445752407,617.7346752166761,762.8734714393953,637.8873010182396,960.1516357459659,624.9259714761308,975.6386938443627,727.799016132907,742.6657173584999,544.7206133820216,764.1127435728558,591.3445834132298,1036.5369324839432,673.1200197435954,1202.1326445796294,463.5652509348851,896.1467842234423,669.0793617780739
labeled-data,GOPR0040,img0834.png,743.3891889010946,471.3185217005126,698.3713176814524,467.97433698133915,955.0511042665298,629.5273023516801,835.2484981052064,662.0823583737788,684.6481504749033,374.99593075856944,698.8911882260655,421.38753943378356,922.8528705377535,652.0551933025085,1184.99425547789,581.1053871926849,806.3332260972791,567.6444547428382
labeled-data,GOPR0040,img0840.png,739.5624495770688,468.5904224267533,715.628457150091,414.10909756008004,863.1745832752342,558.100720087091,835.1710738580717,655.6296854096993,733.1614542558639,327.06530601881695,735.7588376158566,368.62343977869966,893.1357371533244,636.4219077776743,1180.0565317582405,636.284432329151,789.7998896996387,546.6846619004347
labeled-data,GOPR0040,img0860.png,827.0025618393122,357.87947687728337,789.3870367958975,302.5625282840266,860.1927309952662,560.7082883858917,755.4593083253667,458.18754365972245,859.4551716806894,222.16856299516,841.7537481308473,256.09629146569085,828.4776804684657,561.4458477004684,1057.1210679872606,705.2699140429362,812.9889348623537,414.67154409969373
labeled-data,GOPR0040,img0947.png,1374.2530619945526,213.20120786544496,1398.092283824627,185.09227466282007,1246.8574633173941,201.78598522314272,1184.8284715796835,155.72485274464478,1475.6211023782548,220.43508987963787,1438.6791341071905,215.15766584091438,1141.5561570144473,202.73309877621156,969.141983096026,390.9540556705029,1303.23935191393,187.96824434882737
labeled-data,GOPR0040,img0971.png,1418.4166259765625,249.34364318847656,1443.9766582365253,264.61697581744096,1248.6240234375,202.87313842773438,1254.7032470703125,149.99783325195312,1479.2291958767435,330.207761684362,1453.0130615234375,293.8923645019531,1180.30322265625,185.56173706054688,972.1175537109375,315.92620849609375,1325.4027099609375,210.1840362548828
labeled-data,GOPR0040,img1013.png,1393.9335531746397,366.9724714548494,1436.4641124291347,340.9620467868112,1342.8094430797264,232.801892656412,1400.3556660586082,238.222913661669,1403.6682835536735,428.5917261047829,1399.0778583763852,387.2778995091881,1321.8979986055408,198.98834440599154,1073.3791193999912,196.52216070003715,1380.0204798862637,282.7244919532361
labeled-data,GOPR0040,img1041.png,1477.4694565852956,544.2632526919759,1492.6433501389904,535.5026465092737,1397.9877557032132,363.2785564735536,1448.80788303723,374.4683092810435,1510.3711540414004,618.4235638353648,1490.1263189080241,574.094355870903,1382.7703671143022,312.3836849070466,1259.6439645546227,131.88573864332056,1433.783550309972,442.0762519906739
labeled-data,GOPR0040,img1071.png,1477.677359302096,641.2532610642434,1514.9640095225768,609.9982748500167,1383.8822437400129,363.4285955614252,1439.553532552052,391.89686824939974,1521.903333363453,697.4484661043473,1508.167930234672,669.4689412123861,1411.5720244245076,400.166086344478,1220.5049516155802,194.50546533284833,1456.6735365895347,487.73488439024607
labeled-data,GOPR0040,img1106.png,1445.7140295113036,800.2913832408285,1510.612774777343,763.4919532516808,1427.0036511147057,526.7884929179266,1520.452944820311,609.8545317673535,1476.0556034709793,868.8583132850817,1471.5098716731263,832.7903062884512,1450.0804120911491,560.3730625264129,1278.3552377087876,332.9146500920263,1480.1390445221537,675.3357676342679
labeled-data,GOPR0040,img1145.png,1388.0590451962382,936.4370916304597,1362.7524910924367,977.7830110113186,1419.7813454108627,794.5778165133747,1506.4399917567193,784.0911934082764,1327.9792101286178,1032.08793874499,1340.004729815034,996.5364419727307,1439.2081411091172,788.6317068790199,1389.7257314210933,545.2174727892823,1421.3965290587116,869.6039931522332
labeled-data,GOPR0040,img1165.png,1381.1063985433639,888.7619394481843,1414.5429267885893,936.6220681129187,1427.7405515914886,785.3052698372373,1508.9496416131656,788.9965921109499,1358.4583304422545,939.0942162340327,1376.0236563051358,914.7422871968566,1462.6974018472606,710.371342888822,1372.366595778963,461.41258904295864,1428.7102064503088,841.4347986012776
labeled-data,GOPR0040,img1207.png,1256.539729430569,887.690434054006,1179.6787735647154,949.5067805438081,1332.3457229576993,817.3050065365392,1343.9599585940061,893.2952911283766,1100.827209094849,961.7132416061428,1141.7729364742866,937.99604432625,1383.9469697758789,834.5311085978706,1474.2440110767657,617.3106296326641,1269.8429347869792,899.7066468157451
labeled-data,GOPR0040,img1208.png,1253.1228918510224,887.868896559227,1175.3270733773502,954.5217832585154,,,1339.133155346484,894.3814240530811,1095.8076209889834,970.8439026818272,1132.8777687360325,949.2317692651841,1368.1242109110551,834.6478590289296,1476.1066697778592,634.6712420723192,1255.2436288778056,901.4701580988958
labeled-data,GOPR0040,img1209.png,1171.8923618535857,917.5970718650714,1169.9135967921975,957.2663013658828,1267.749545431357,869.5169139953397,1335.8885840850949,896.5080106757171,1092.6062429624874,983.0812444448859,1126.1358721517379,958.0154051480675,1359.116136070241,842.1162278688627,1465.015958598659,629.7295340010617,1239.868829994511,909.0547481951085
labeled-data,GOPR0040,img1233.png,965.4829200332224,960.4012385607282,1005.616574361487,988.9964672696167,1126.0175373462805,923.2776083070835,1197.25477377895,950.8694956577654,896.2523663169661,1001.036563568096,932.0192203757532,988.9268813595436,1203.2748219281898,905.7191345384678,1416.1077998629835,747.0506943074183,1094.0384520549696,959.398077088956
labeled-data,GOPR0040,img1248.png,885.6741948600453,974.5042778891768,811.281476998325,984.0520063847987,1006.5275541730275,924.0056750517487,1043.3068725941976,982.0249922148986,761.8233653776865,959.493757350867,807.7878768622656,958.1710375959151,1076.9629174533738,938.8606272988918,1314.9909897639939,818.9175075289639,939.9774570706846,966.6911192519856
labeled-data,GOPR0040,img1279.png,569.1158662880814,897.2563543338409,508.7556974595193,897.8447048703481,740.2919259442498,931.5630579538131,690.154039544972,968.9362136821394,406.13127894875385,868.8996234362128,458.7655206836458,879.5847702545743,755.3985628428525,936.1384780224928,1003.011692105729,895.2587244642527,617.111178633691,925.4498928032923
labeled-data,GOPR0040,img1323.png,601.4832904992528,724.565447279003,559.797135300349,747.6154389772204,658.5238374900603,885.9064405538163,558.3415611243481,890.5445089040809,585.4517095772694,649.4376347354685,585.4517095772693,696.1911975110788,651.59644654727,927.5282474378997,902.7229112924002,991.3557227757674,597.7989539053867,811.5276829808229
labeled-data,GOPR0040,img1369.png,537.646353987468,657.6057624750995,524.455330924754,680.5958312415438,635.8602914821863,849.5671466337826,565.2444105892574,882.5212243838162,484.28625327510167,635.0087255379896,512.2108019469741,645.2034020372446,642.0750000852479,862.8266746044146,874.2497584022335,953.7738192792192,593.726454169672,766.7120314227857
labeled-data,GOPR0040,img1461.png,483.8765912783047,780.4742474961946,480.1825310094206,793.0340524104007,644.6382805433549,854.2747207351485,564.4182480841625,886.8392883670979,,,,,689.157264496149,908.7610163136192,950.9157208067115,940.5585580766885,593.5065948904606,838.2974377934233
labeled-data,GOPR0040,img1475.png,611.751756510185,794.5197683884027,537.0812828099727,836.5498553813366,645.2864003875259,853.0936130274913,557.2020691363773,887.0753854898634,534.7466220575301,760.7262361611874,562.5629732021979,781.1483673813233,699.3154852441269,927.9564403554086,941.3439876596648,956.1439750563675,600.6057225039045,837.9307235344498
labeled-data,GOPR0040,img1506.png,653.2653094986415,439.5383963361611,628.1774236568392,455.38337686782575,715.0180433754824,692.3199836730622,626.943001899739,602.0583279487802,652.1551933663216,366.5603490375682,645.9752088372645,410.50690568864115,688.0979828590902,709.430024341637,789.4232116304272,930.459168752515,674.2262029509125,552.3171518220755
labeled-data,GOPR0040,img1525.png,746.2456543564831,347.86632110135804,717.026901874741,290.2079828707204,720.6589199687089,512.3725938279742,647.2755717790025,404.3359978820176,759.586583113564,233.00301965759994,753.0297623989153,265.09693157667004,675.0007618489313,512.0684546703139,724.0541462872579,796.051063104163,709.8880713089018,390.80367085807666
labeled-data,GOPR0040,img1532.png,719.0309546901302,261.25977775110687,698.6858150368774,294.10264604850056,734.7527518090769,399.3361757077178,650.430103492844,407.6987524002368,675.6862179065429,211.0889709204946,687.5608314113458,249.03610538149513,696.5024507628016,483.25486556558536,778.8947914107518,777.9689478476263,709.1947860077652,348.45325387351
labeled-data,GOPR0040,img1581.png,819.3709171530744,110.93631413680205,763.2114514043246,111.75630724108701,757.237352620516,241.4906722378399,661.0443244156531,263.40807106932766,838.7885604306937,16.128588205107498,823.9981002412283,47.65562176686287,733.045557458443,268.71808472281884,795.1079332167446,532.4917373973788,747.8232957868693,177.90731987464017
labeled-data,GOPR0040,img1660.png,604.4524373901542,154.61229246614556,554.4408471410974,202.9637302817181,748.4227467626549,211.12504429043145,663.7478721953361,261.6413046857068,519.8968068792661,182.2586097788455,553.5743138094497,189.475218406742,766.393355385017,275.1794114782529,994.7637492011829,471.1336461402144,661.7858569719,210.18051692772696
labeled-data,GOPR0040,img1728.png,536.040435330006,316.7119702790676,584.6644268679361,363.8258999679937,688.0159375336546,185.42141566424033,706.8901948473319,245.24321426860786,517.389914173548,433.1380035196968,544.0762940300528,391.68894544470015,744.887271319287,210.10511638412294,1000.3047547470934,293.99073106556534,,
labeled-data,GOPR0040,img1759.png,551.3672253841378,404.36413105740155,572.7015575213342,375.27185996122466,588.0171702834334,272.8062979000643,632.603133364305,294.4220640347482,566.7582008244807,480.60610874418705,578.6008081629068,449.57031020210496,655.4253541122764,236.79144771739993,834.8042620737966,109.49757033815452,606.535264087732,327.3126277395297
labeled-data,GOPR0041,img0013.png,965.1822453662882,401.5231429123691,876.8425062132983,386.7539413232968,1006.2000000240666,564.797663222847,951.4384659232232,529.2152839222989,843.7370703589323,329.44222530218525,875.9820674228309,356.85047280649906,966.9413140207381,611.2786723112142,907.5625644901455,841.5609795648887,958.4873650007075,466.4331223183701
labeled-data,GOPR0041,img0056.png,731.7600146248832,343.8666876659996,657.2275904945075,403.08423012575014,880.8248628856345,398.48976562456255,831.8172415396341,442.9029224693755,606.3006576963485,398.47490791905,640.1378684741302,398.1111259571801,917.6409509186319,462.29901773955334,1127.4280950706511,642.5156090888524,804.0539760615662,407.1535602676887
labeled-data,GOPR0041,img0183.png,920.6798097800096,329.0751202234588,915.97125042838,276.42451604554395,806.4363502665508,403.5136632199428,740.5939917769907,352.1649056557576,1021.3176601332416,369.7606371943201,985.5243296482636,352.53931781003826,727.0169351924225,417.8438637825945,664.6768388860156,689.0344450615471,841.0792494342197,345.0648424214135
labeled-data,GOPR0041,img0360.png,1216.186935987919,202.66873325000728,1237.7431790070295,130.62550000192726,1091.6434601960136,280.4355961903485,1085.6680923668696,223.14236347561564,,,1265.5169824253167,123.48386836085605,1048.1721613655334,282.54480098389644,828.3990531521038,448.05246086917043,1167.250164668526,212.61044780991622
labeled-data,GOPR0041,img0425.png,1491.5473510794545,331.41740336057757,1462.3673502785098,291.6380191568792,1292.34688455846,273.9695263651612,1302.919994970952,230.35544591363086,1597.6454477191724,316.26196801513004,1543.4582568551498,317.58360681669154,1267.3681101517134,271.7088185896602,1008.0516129772997,307.36250395273083,1387.8982001083352,284.36661157254514
labeled-data,GOPR0041,img0457.png,1345.506364262406,355.9239794456322,1404.9103322456021,350.3863214133003,1295.1640185139343,270.34199167323055,1365.6433025617944,234.09550273433106,1346.358593280554,427.74681559597434,1347.924981635297,397.6721591849097,1266.7056591161352,201.74985794633932,1006.4401639700728,162.25997218176354,1352.4925010588463,285.2582448922153
labeled-data,GOPR0041,img0534.png,1198.5661790649406,321.4541100520455,1182.0461832417668,328.753643090192,1311.9010341308997,299.55551093760596,1317.6638233715416,359.8727049896587,1151.6954932410524,271.12575068377214,1186.2722286849043,296.866209291973,1388.9871682866153,341.9902314732728,,,1272.2135309672428,327.4934527771282
labeled-data,GOPR0041,img0580.png,1268.2795855197446,250.85802064070714,1246.019292809334,186.79077064020208,1310.6664827895909,300.79934136894633,1320.360483017183,361.23009376844476,1305.1875805331379,163.36135485093038,1288.0226930982953,190.8251747466787,1390.0311669967891,371.79213084544887,1667.964675332847,312.26650257589813,1281.572174582956,301.1138710346862
labeled-data,GOPR0041,img0808.png,1073.7120238520365,275.07870807803585,1139.6022771827436,321.23544776272115,1279.722233887328,309.2625739525429,1264.3553369390133,367.8659688763248,1023.1556399766956,309.5469064424342,1065.2440746135142,316.5151903227022,1315.090294435423,357.10655205873127,,,1197.570216061679,329.29237117520256
labeled-data,GOPR0041,img0890.png,922.9884220695815,401.95714981518245,,,1100.2013262101304,348.2427488896141,1053.9262359009106,445.5788312007353,836.4701703699483,457.94229748934765,879.8085310257801,453.4278849210318,1133.1239042663278,386.2387398840776,1416.277032098114,307.26399448171406,1011.053413064501,414.59288096122475
labeled-data,GOPR0041,img0909.png,699.9507391576115,426.79833814565905,629.0575879791238,497.69148932414663,779.8177069409708,403.91510580323586,848.0187131379969,464.0396770558772,557.8251757972987,506.0270457382661,596.431636218992,495.9244205811875,888.2293967903631,409.6058584685014,1146.0590537945577,303.83244162723156,759.2693192766593,456.0355974921437
labeled-data,GOPR0041,img0985.png,660.6436745504113,798.9185663969006,646.3461493108045,729.0195541143785,561.6200738168385,633.1731812118294,646.8756872826418,567.5104727040057,736.8971424949807,836.515762397348,705.6544021565808,806.8616359744599,610.3375672258691,544.210801943165,691.1825914390442,277.4223302090421,626.8835126193935,678.0285710953178
labeled-data,GOPR0041,img1158.png,1464.7954912034108,743.0897629319259,1468.4261904619923,719.28851223678,1413.9657015832686,814.8969260460949,1317.9538767452225,851.2039186319106,1436.9601302209521,618.4357550539584,1433.7328419911016,654.3393366110429,1290.8498216689463,858.0299445333085,1125.103105897561,999.0535298041021,1376.953349055534,771.9409677155695
labeled-data,GOPR0041,img1203.png,1408.7177748057104,596.19679496308,1360.3604694602404,502.5873990796549,1411.66232980526,735.9521622982784,1360.6103840440958,721.7245708566425,1358.5391329974937,433.90000625405827,1360.172471816433,462.64676946739183,1347.369243443113,763.3085425463385,1280.9892184739854,971.4200345820551,1366.156333348676,625.6223400664959
labeled-data,GOPR0041,img1223.png,1358.9166138504766,301.40778446697595,1344.8055526470089,318.2420329202358,1407.677096610387,447.975088321087,1354.19739377253,538.1004309089499,1318.1898913982536,244.60380372041095,1331.0118003491948,277.53120961535603,1372.0035665205337,560.3549400054497,1362.5579691594826,822.8644236418183,1355.681247469546,418.5484889056705
labeled-data,GOPR0041,img1340.png,,,,,1453.636570310647,308.22827074063014,1403.704563915586,242.51130748519512,,,,,1307.295089590103,291.42209087431377,1165.606214260663,442.5504194646719,1439.6775681508625,272.5874269178239
labeled-data,GOPR0041,img1396.png,1102.869573704784,541.5070263900543,1161.8210307692289,562.093249491924,1272.8133238698279,454.6047013425471,1334.7655748267066,499.1240083813133,1060.0223469641014,611.2686901527877,1093.4432478434444,586.2030144932805,1323.2119413889268,458.263628314546,1408.91934230656,258.3126794685559,1229.9242884698338,509.64955551926437
labeled-data,GOPR0041,img1654.png,,,1417.7989878268656,979.6515953554274,1328.717649923389,943.7597180268076,1425.0177907010516,924.7404402232193,,,1309.4746769139504,1017.2532202552873,1347.9064142796528,857.7793892953079,1153.1474782757393,723.1704400712505,1367.5323524587143,961.0230740262136
labeled-data,GOPR0041,img1711.png,827.149399701049,871.5013949596678,771.629053161865,881.7829406150722,992.1993330240934,919.9348963901109,902.9384538128267,956.2768257832695,703.5109976372897,828.7783146000702,740.3971566816301,839.5857242563737,993.6433744775629,938.9478801595799,1248.9730835222454,904.5182691953975,882.3731280101163,907.2943102567392
labeled-data,GOPR0041,img1756.png,471.0012888687359,753.1579775661723,479.0497079508881,756.5245281519451,660.7075238972018,780.5333076842043,657.3456412511277,838.1655816169028,365.54702086140077,754.1037374138491,417.91566078967827,756.6583052152284,711.8243100541958,801.0286739979674,995.8018819175652,831.7679067942275,571.1709279551206,780.6691980517097
labeled-data,GOPR0042,img0030.png,1240.6436543074926,534.9218074399768,1271.7220135508373,481.8890109329848,1199.0380166247994,565.9370654046768,1128.5065102158394,502.6375026451735,1316.6773610761707,497.55215307736336,1285.3774339358476,502.36752648356685,1084.0532236501222,571.1837893123951,777.2097093205243,727.4645778714207,1192.9167563804756,516.6921646887102
labeled-data,GOPR0042,img0207.png,1266.9408955836973,575.0247220033406,1289.4787969459144,565.564368345126,1190.423329230491,572.7987564367019,1235.2208862590953,466.7871463255324,1267.9275052369908,639.8821877762176,1263.388560761749,598.6369966751072,1128.6334203136983,465.21201500464696,849.1379711476968,656.9895580161527,1222.9486648973918,528.7986837691485
labeled-data,GOPR0042,img0363.png,1201.1256458338967,514.5322053200746,1200.7487594606764,558.6279109868613,1258.789260936618,456.49170384413316,1290.070829913911,536.3916149668578,1111.0498026342214,530.3614329953314,1154.3917355545673,524.331251023805,1367.4929594549862,472.54444865401655,1288.13208167484,246.88455697626742,1256.1581952665063,510.9884615166677
labeled-data,GOPR0042,img0541.png,1249.0579103027735,473.89707442186136,1203.4804004213431,484.4964953245196,1314.2443488541217,468.59736397053223,1293.5754780939383,538.818527450643,1211.8109249541735,411.14701446533195,1224.0500795839798,446.29535596631433,1394.7984272403812,515.1167969279727,1524.8709196223185,258.77706991511997,1282.682713765561,503.2484202240952
labeled-data,GOPR0042,img0786.png,1357.5308157622362,390.55440921155036,1343.690614395098,378.36185086430953,1320.9531407205138,492.7082764451893,1231.980417646054,466.3459881268309,1381.9159324567177,376.71420784441216,1358.1898729701952,395.1678096672631,1249.1973793206546,551.7407217161956,1522.517272576243,607.1475476444762,1289.7763299246135,448.6875264658012
labeled-data,GOPR0042,img0829.png,1281.0714808166597,295.91767686850517,1234.8658665256796,310.54391448579383,1320.2893708077859,493.04766607684184,1234.6019946585461,467.66405391266443,1187.5203691635656,241.78241574561943,1212.4167554182857,266.1758447022643,1257.2303774750028,543.489149697388,1485.2721926878212,634.6171782172098,1282.352309069976,408.69512600741973
labeled-data,GOPR0042,img0861.png,1198.1410389884513,290.55034148809074,1142.5247653458175,369.17234557275344,1323.9002334502445,487.6344329761159,1235.9160961877233,468.521773945306,1059.9174267006385,367.333328540866,1105.8627179474365,364.94034462176194,1268.5813819333716,557.0213814836416,1481.6874241166875,632.121849031495,1264.634524777399,416.92715918140567
labeled-data,GOPR0042,img1006.png,1357.2103953807434,356.8695036166817,1345.063193571038,325.7653050433448,1311.611335183088,443.8113729059416,1264.3900728327546,404.06182928192686,1399.777616153647,344.58694822043117,1365.7065787616343,353.85187944106616,1234.4919673726176,490.3757460997739,1317.6050531863518,744.8596722131599,1310.3431278181524,392.13097853848114
labeled-data,GOPR0042,img1109.png,1358.277554597164,358.3794099232747,1315.6938104552503,344.4868409124376,1313.8817362364452,445.0569600561066,1263.6000006069585,396.062316986718,1380.8545618514315,316.82065735989755,1360.9143089998045,353.03866764142435,1226.8554193706764,493.99481869004035,1256.7893791350243,773.7313506353441,1313.3125029829541,395.582265915135
labeled-data,GOPR0042,img1137.png,1358.2972625442512,359.6465924454254,1311.5007274181908,335.35711756055025,1313.746003033624,445.7514753736694,1267.3572681026053,404.2457651722316,1277.7336956529648,275.7611769751336,1295.7398493432945,306.89045962621196,1232.1974851742511,491.28190824662204,1318.1644263497938,583.1434010512486,1310.2933023538744,391.23294413826716
labeled-data,GOPR0042,img1205.png,1356.4734288570817,360.0119153744557,1264.5420199485116,306.8206108746556,1317.761212792469,443.5005566174123,1268.7659842738171,403.55060105605,1195.6500278690596,275.03234778789397,1234.0924379375404,294.6304391953547,1235.021786842389,496.56022062910625,1293.370666896959,637.2129623177204,1311.2567395440476,377.8806010275512
labeled-data,GOPR0042,img1284.png,1518.2109133225165,395.00131012978284,1471.8043539524201,334.26331330715675,1348.5449026909976,432.6052703224205,1303.488728109676,350.7289960832446,1570.434450629119,382.21987079062,1524.4093260568013,381.2509207996238,1261.0661905878387,416.5741610722721,1205.1703341948235,577.5922168301355,1395.230176987168,377.739093575427
labeled-data,GOPR0042,img1357.png,1394.575245763482,494.1423243491198,1447.1102118579443,462.62134469244245,1321.0262932312348,418.9769113216584,1306.4781487743069,343.4073831703935,1346.4855460308588,579.0065003478664,1354.9719636307336,539.8073333389216,1232.106766315847,395.1676072102183,1300.8839377122088,505.40555450657746,1361.1181171878316,411.9935922276444
labeled-data,GOPR0042,img1488.png,1435.0436373477023,417.977737945473,1450.4671299725746,384.5601705915833,1306.3274917994704,424.9245282023453,1307.8535531202037,340.60964023183243,1477.9828575856764,448.94679040871773,1451.9460514927302,446.0856029259764,1227.94464197644,380.11409968142505,1324.024188845433,276.5102509491977,1350.6486415922623,399.79304301603804
labeled-data,GOPR0042,img1526.png,1322.0641582858211,472.3233894552229,1366.7365364169978,500.13419014430974,1305.4077997790043,386.3649395694815,1397.252767690975,392.58669546029245,1271.2344626054999,520.6635143986064,1298.5126183308662,494.52194849513035,1348.0785426390312,316.41476843729663,1156.0879458988545,213.63925576256153,1344.913865314122,423.1696360415993
labeled-data,GOPR0042,img1565.png,1266.821445516369,439.41235895603546,1290.7071746039187,500.832805181163,1330.3317532781434,379.24752364397386,1398.084585114345,441.40355964364693,1199.164454503994,458.36068553174243,1243.187762098088,459.6650798308267,1410.6054605053703,374.36994089855466,1193.2737168569786,208.0836254113101,1340.1010097579867,435.3810364541588
labeled-data,GOPR0042,img1595.png,1285.0178861416807,393.8439388723249,1238.839761529403,426.2574301867122,1357.3956017718808,415.8786061838601,1319.4928668366813,497.50806609033975,1251.0722146735225,332.04865547691736,1259.8136675735946,370.8607063532377,1392.9036250293966,505.7880185882981,1647.262639735661,289.2076216677475,1304.0282823978048,443.90848716384096
labeled-data,GOPR0042,img1648.png,1314.0517450720506,382.30439257010005,1270.411755766945,382.5195272157637,1365.3684720307274,425.5187949578538,1281.6094817414476,474.78878924566544,1323.2650223665973,327.4267154212106,1303.5570246514728,366.39480181247984,1377.1763364832682,517.7441803947186,1722.1034035576447,404.5094242236355,1307.8862363983342,430.4991029004492
labeled-data,GOPR0042,img1675.png,1345.9615992929512,365.56102355427134,1300.8603858516183,358.83920808945726,1368.4205091336617,434.4616203915641,1284.2864739937716,476.96776825415185,1353.266494795276,332.2682993314558,1327.8945331211594,362.39750381946925,1369.76315327737,524.9779319389064,1724.289709710278,437.6288613739736,1310.9448314526705,426.0254393543873
labeled-data,GOPR0042,img1785.png,1308.8230301112128,362.84225109113356,1229.4587251840987,376.17297418435976,1368.0362419904268,419.2653116252537,1281.631935465608,476.93280363160306,1152.2922270319423,340.7986271667138,1193.477272702659,359.32183115090777,1368.7452252306416,534.9333606192437,1717.2204579739778,608.2401418753614,1299.6334995262953,414.5460248017289
labeled-data,GOPR0043,img0051.png,1011.6786046584979,269.3362137150861,924.6945576548719,310.18910033262875,1151.868824071396,327.59805433933,1131.749696870732,367.83092201266066,843.4239174403203,285.5830191659285,882.0531301010546,290.32695756286074,1159.6649658624137,399.2875279587575,1195.1278929535256,647.7763613923894,1054.4493036705626,314.24820276668663
labeled-data,GOPR0043,img0084.png,882.2382928264575,372.4552269969843,950.2991044152018,391.4381744469062,1062.8077929598608,283.559473085155,1035.027869862414,339.11931928004833,940.1131326128046,464.59197193684906,938.2611377396415,428.4780719101684,1112.4598624740422,333.19777288713397,1332.6426919289113,491.8029233877912,983.4243693868989,321.4015727276721
labeled-data,GOPR0043,img0334.png,1043.8175804317625,251.88823594444779,1060.5256442731763,262.4166049404072,1043.1309476711565,196.9576150959639,1117.058513640389,172.08335249071507,982.2010067283162,325.273145819879,1006.2144542002738,297.8978157018472,1031.2111218349642,131.65973110880188,780.6974356546241,130.86156776690316,1069.3675517616248,204.53248022130026
labeled-data,GOPR0043,img0551.png,1300.0232829082029,271.96817543853547,1328.6946322738218,251.82654093566748,1056.9647470449343,209.37315505128313,1163.2848580021716,191.45733524909673,1388.5361596632736,302.73417931721633,1344.504140606447,286.7225360238249,1081.3194356840895,203.97084850387967,798.9646164331745,141.57095872719356,1199.4871117601863,230.17886591117644
labeled-data,GOPR0043,img0577.png,1438.0845450200177,358.608543286604,1471.9493411031606,336.44249494127416,1276.2499157738275,272.9928492136318,1366.2449988474973,269.30883996500205,1510.3090079544922,440.29315598080734,1484.8289223790375,409.91305394853435,1259.6475951119064,247.46880331713447,985.7682555907946,201.82224673028253,1374.8822439207206,311.122414751403
labeled-data,GOPR0043,img0667.png,1098.9506474905165,429.79352413949516,1180.9454596406013,463.1850765988057,1173.5251146496432,351.8799017344374,1272.2157030293831,374.88297120640686,1111.4800456563025,554.9886165264522,1124.9537230327458,517.758718512596,1235.3402748387562,313.3566188397922,1209.780635996111,127.10596203558683,1183.7570650911607,396.60400015231056
labeled-data,GOPR0043,img0672.png,1102.520714616524,429.79815090781176,1198.084614336512,472.9658840991361,1177.8593716966675,362.01062460789717,1274.076097135565,373.56316566900847,1186.6800905868,552.2620246591538,1184.4675497418,505.2455317029072,1230.9309074867965,311.0950725541712,1197.7181725141736,123.8515851009188,1193.3317180330657,410.5276612706381
labeled-data,GOPR0043,img0818.png,1234.314899089451,562.255589024423,1276.4552361341289,559.7472356289064,1221.2714614327651,479.9815976514807,1271.9402000221992,440.3496140023194,1165.5860160522982,612.9243276138568,1182.1411484627074,584.8307695840717,1209.2313651342859,392.189228808402,1148.7211629501435,143.19893937029676,1236.1552741420428,498.40537076562424
labeled-data,GOPR0043,img0865.png,1049.5617138892414,714.1228561114425,1090.0559668001345,756.6157581107439,1090.078523898207,619.547277020052,1182.481482534317,651.4837834611039,1014.7083686973247,803.9273742063914,1029.1862516172682,784.7654703417602,1162.8937585838053,585.055850063716,1377.9818477026367,360.6954714676869,1107.8350018230537,680.8941626308678
labeled-data,GOPR0043,img0891.png,1225.2386316284042,840.4379589007451,1189.7044247615443,777.9658922292617,1090.2488404187268,629.7544761882016,1178.898201281814,685.1603267276311,1287.6615673389272,866.2036559175898,1251.955988678112,848.8399841030837,1131.7925999761605,616.662273472299,1240.8444577378464,336.4283581623551,1140.3216840423306,735.6820598793743
labeled-data,GOPR0043,img1167.png,,,,,1281.05286160374,911.1104618648537,1359.7867061534548,900.4253067007055,,,1384.0973197114956,972.6938628570728,1273.1203782032828,837.463613064747,1047.0714576612781,735.6742163293079,1337.0385426758066,935.7114466274078
labeled-data,GOPR0043,img1171.png,1360.5308447972072,983.4613467685829,1379.6237232426683,947.495692022482,1280.1631471546852,914.6381802791304,1360.086824368243,899.9855061233116,,,1390.0008335113325,971.1500804556781,1263.7161703773743,832.8100096787188,1026.3645811945512,757.5914589322509,1336.1255252156311,935.0221550215905
labeled-data,GOPR0043,img1246.png,1383.3474211635123,637.9259497993621,1311.9106204055574,658.924771145907,1407.6703494922076,718.5584472516159,1335.1965545329106,733.3616053709617,1313.9657905883034,538.2334873716461,1317.817741887886,568.0219107550856,1361.3357208721613,793.6767064183127,1358.2801735688172,961.762211202809,1347.5543640706767,689.3549459487849
labeled-data,GOPR0043,img1275.png,1486.7252988974096,521.9888477476325,1522.0964900175513,487.68446004424305,1437.3712163724213,629.1844015959034,1399.2302856249573,585.2204279862312,1554.0374491971806,512.0912583289921,1523.311250769346,516.0559290938739,1348.598156139576,658.1951936969473,1289.7660134318328,881.4686405308162,1442.442664049453,565.9397852491369
labeled-data,GOPR0043,img1284.png,1534.1545107073916,527.1102212970561,1511.5371505519263,492.0507223197904,1439.023796437686,627.6501398677524,1397.600764426175,584.830825878325,1636.1516673720716,492.05399399170767,1585.1344729882505,500.55685972234454,1348.7422210091584,641.2984500881443,1274.1651946213804,883.3277810219208,1445.7977506941604,560.9617851880286
labeled-data,GOPR0043,img1380.png,1342.3245430609159,533.1511059426929,1344.1556773345087,543.8327225386512,1443.2407297585185,632.3351315350598,1384.913767931866,646.209020513244,1239.5793613202693,577.5604001157233,1287.5189277384334,564.5208380499827,1396.3782827804814,710.0447292756139,1170.344753558408,869.0852857834634,1396.1310721165355,587.2625042802906
labeled-data,GOPR0043,img1437.png,1120.8314310726996,884.2169179280211,1128.006447686029,912.5358855601993,1131.4958424873425,755.2750587409379,1230.5215091630762,798.357275120555,1069.308605073033,939.4618737852103,1098.4012885792918,910.141903689059,1201.675678722842,734.0886891334917,1356.6662376948727,517.7299752495735,1162.270246190361,811.9325981627105
labeled-data,GOPR0043,img1601.png,1067.198574082647,1006.7731259172853,1123.1046002833882,1007.5256346526689,1003.1672433155758,897.9425818835165,1046.2506523841016,962.3035891880436,1187.3306539219325,1079.7098774921228,1156.5042156107015,1055.6186273833457,1067.3667189557443,876.4133296914958,1196.6468912400555,805.950824124799,1059.4634301177755,987.2176456184067
labeled-data,GOPR0043,img1686.png,509.1538970037471,918.1119742446143,510.4091949144965,950.4358954464107,670.5832328099996,904.0474939692959,707.912936138475,953.3596738415381,359.90911115619656,938.3616442137286,409.1295081730128,938.3616442137286,703.5228792380965,905.0902678344063,894.4540360752208,783.305411283101,600.9471893370212,932.7903076368154
labeled-data,GOPR0043,img1750.png,790.1812141103235,967.9309691282187,802.3693719901911,929.7865490967814,679.791069526559,892.7572139095021,737.4357944665355,909.9803329464463,877.329700113552,946.8870165970411,838.1153208241517,944.5661373408641,716.6235241691725,814.2353088479562,875.4170022200991,664.6576397055029,728.2146323262052,922.4937525819121
labeled-data,GOPR0044,img0009.png,1135.766992906708,796.3540925362715,1179.9250729915245,757.9264503250574,950.6957136225851,710.4205527188363,1057.0587631434169,689.9442437201735,1238.8336004531968,802.8812843685818,1195.285857431689,787.5114927139321,957.6084304267652,661.3322763093679,733.3447275407663,618.0079282185533,1061.0706328342098,723.1221281311475
labeled-data,GOPR0044,img0058.png,1469.6292024554523,731.6445405482323,1410.730027449885,701.7041265870689,1333.0487821486056,828.2951756607811,1320.4948477676403,769.8409186994121,1471.0438225713838,662.8423182381771,1449.4158139985648,696.3212904125406,1221.870688650446,817.5669931768427,934.0577984630372,814.7420770484305,1353.3185330456954,767.9489311629732
labeled-data,GOPR0044,img0072.png,1446.6501269177807,646.1929208585061,1431.8894919920385,664.9600138355212,1424.5265198580994,763.3445834743333,1330.4504174913825,770.8927079308751,1393.345941723354,602.4428616523571,1398.9936961255921,631.0850446922784,1315.7034284225733,810.1730496938861,1047.662121803131,903.9875070106909,1384.3876538039663,717.9091651124886
labeled-data,GOPR0044,img0295.png,1362.021779590544,552.2359452751778,1368.0835064475973,633.0589700358888,1486.8933528458426,587.393961046087,1456.1806034367723,656.4976472164951,1313.1238496103138,650.0318052356382,1343.0283687717767,627.4013583026391,1520.5511147300829,638.2877431043931,1695.958769962343,737.5994302579522,1432.8472871139527,604.7539266629316
labeled-data,GOPR0044,img0368.png,1202.3174146055587,577.1988849494994,1176.7770059088875,620.8647449792919,1400.8734951183883,587.4974368433184,1332.9030526191832,639.402138388166,1075.3303069617168,599.5039489362689,1118.8951778089017,601.6686630156322,1400.400368138361,616.8841226746983,1682.8602508280956,622.7288864218217,1290.5760528991855,601.6718698256384
labeled-data,GOPR0044,img0441.png,1186.5617119613112,521.321651458372,1185.5813019969182,622.7529369638737,1324.2098185421662,559.6340271633104,1274.659185933659,629.7607699228079,1114.2495108790001,475.2299834827177,1143.6439539518433,508.4037120934979,1354.444102845662,614.2237071557336,1630.2617004037222,612.4594618673643,1252.1523726964635,578.7348564751871
labeled-data,GOPR0044,img0572.png,866.1002453302099,764.9633415567739,901.8445607580795,825.0336494286105,995.6733887562373,644.822725813101,1092.9773585321045,638.865339908456,816.4057455580171,846.5135229346226,850.5591142853775,828.3468374413459,1068.599389178617,604.2734813634753,1328.9166260127172,457.28378355417664,975.010382829789,710.1092313111797
labeled-data,GOPR0044,img0615.png,716.1605066872366,903.9820560012254,798.6930430463558,899.8264188916853,850.3264587003836,742.0964036011096,948.968190497964,764.8900514023683,800.2357342659028,944.488138192142,784.7756529732385,917.4329959299796,911.6112935069582,713.1540903468072,1153.2981581176991,521.5189650963362,831.0856804244619,802.0300483343308
labeled-data,GOPR0044,img0732.png,1319.7940150067905,966.1139403231757,1351.1992674521086,935.2849310419917,1187.6059481713487,925.9031495776331,1229.3103699188853,864.8242326875401,1372.484605209641,977.7873908068519,1347.1992471422368,965.3089024099512,1141.789529988436,876.5959503445425,858.1911082619449,819.4826713982965,1258.3581494033021,913.9524810582991
labeled-data,GOPR0044,img0799.png,1498.6832600629434,788.7835998734174,1500.2119849504045,742.9218532495852,1390.9081554969378,881.6536367866776,1353.4543957541416,853.754407590513,1623.092583251234,749.6500956359532,1568.353042655881,753.4691333519081,1329.5972317049136,860.4700030824388,1076.4214911905115,938.8134641658405,1422.5327159798821,810.199625193123
labeled-data,GOPR0044,img0852.png,1190.1421058107017,667.7160983428809,,,1323.3009198494165,726.3771721232114,1273.5434092775415,759.4438721867992,1067.9834073451134,607.2146502659654,1103.6228354998718,635.4716254458097,1339.8188608972087,770.50564483742,1427.2117502494511,919.8791995951034,1243.698232883578,712.6218968715715
labeled-data,GOPR0044,img0863.png,1131.9971083198886,615.6237551410863,1114.8820182383183,666.737740384695,1276.0362370320138,695.3124838840388,1271.1583730018076,761.0253803105443,1051.0412392447306,540.4190350817605,1066.7379738479297,569.9098697908014,1316.2917241913906,748.350516569719,1471.3277093370343,882.1477206794857,1204.2136917943847,697.1014059444781
labeled-data,GOPR0044,img0933.png,522.1192890748549,537.6878362136891,552.0854413814945,590.6067860317974,776.6198970680337,534.6676969075222,729.0016910838481,607.0348388966464,470.3610918062986,596.028753501467,512.5895623399315,585.4096330037909,819.0058533835461,579.8267782802542,1128.3696960157497,634.5395577137925,671.2640649313655,566.9045924965948
labeled-data,GOPR0044,img0986.png,,,472.5037282117065,805.0642277074946,577.7118846420044,651.9998058441054,630.61900030931,695.0309745192317,358.32733927681784,832.9816721747354,405.6406873622681,814.7508408023601,623.125466289692,665.9831360991109,860.2929259853152,529.3921579880158,533.2701198224889,728.1191219766001
labeled-data,GOPR0044,img1029.png,853.5413431826635,875.5936635481092,826.6195683676277,816.0013576440762,703.0294530492697,798.1045067485453,768.9590539832589,729.7420792118259,928.8047542967438,888.1197560257906,899.9937223102265,869.1867921489364,686.9058487716538,709.5601939009719,610.7393965522833,472.43050166042474,769.8303891668261,785.807970748687
labeled-data,GOPR0044,img1084.png,1183.7558401345584,849.6555234082209,1160.0003318654003,827.8261374311567,1080.781108935456,917.8075936399587,1017.7969183381458,879.3872373755995,1217.2082346878838,785.8632851547155,1188.0108955198837,812.5846601648066,974.1966031303314,905.2814520347782,699.7657561751001,835.5644621267811,1089.5542865819657,863.980010517326
labeled-data,GOPR0044,img1155.png,1430.0672137899958,686.8724275197135,1429.2646017584811,660.7875364954862,1332.9511579767186,757.9035923087633,1309.2741030470354,698.5103019766765,1475.0919693928577,673.26347299726,1441.822092094172,673.903278329927,1222.514811581425,759.3582444082997,931.6516100335049,838.6448435974047,1352.2199476243104,700.0074407262003
labeled-data,GOPR0044,img1233.png,1528.4587654553147,671.680309905505,1522.673669599766,628.1692543916499,1341.6813434175606,741.9166699612784,1432.786911987109,639.4229053205365,1615.6387066099896,613.1428430969212,1589.0172555477534,619.6771992667428,1334.7522605904999,679.3503999470942,1054.602584481965,771.246377289414,1449.1620414681493,654.4662108208197
labeled-data,GOPR0044,img1376.png,809.5790319098373,1007.1047175059335,848.405814145334,1010.340282692225,927.4370869706665,925.5582339125125,923.3067866211699,978.9939946841255,,,,,951.5549762476912,906.1985639479694,1149.6594205136757,741.5613554980366,880.0614950525786,974.10545110349
labeled-data,GOPR0044,img1674.png,1460.4881502241158,321.77250963939366,1425.5232152654144,283.9978924072251,1472.6634400758066,413.24327698671095,1417.6312628116314,493.54137400205303,1437.8337447117133,240.62023662958617,1433.6568725891686,265.68146936485357,1429.0918987871219,513.2601143890529,1541.5961779147792,770.7858523849068,1420.952724316475,395.34161590280246
labeled-data,GOPR0045,img0021.png,1223.9972395892294,494.25981551852783,1211.6191157265384,452.42175686263215,1103.1157509936597,548.0526929709368,1051.7738226857032,472.99579674086124,1278.950417648729,476.6507116116398,1248.0375250523846,477.25684676058773,1000.7489967258495,525.8409017186659,712.1393582810209,713.6328854193566,1123.762198575854,491.2775225143866
labeled-data,GOPR0045,img0045.png,1170.3534500427402,513.8641345366673,1190.3535979470087,504.0395004784302,1091.756377576843,510.00445687093134,1134.2128318999394,435.6179418585644,1187.5465596446552,589.6541687002109,1177.3710457986238,550.0047526794682,1004.6452573584156,419.79808408199733,758.0503524160755,628.6749481882505,1134.2248570668185,485.2775794506594
labeled-data,GOPR0045,img0088.png,1155.0653672536187,525.2373338747794,1194.7405042406253,506.8167467101438,1092.770949379077,506.3435701214591,1134.8836657720135,434.1841403470455,1214.3890395086994,579.4973225402298,1190.5920681131227,545.4097689195389,1004.6236600787904,419.4056678618113,759.4154496663351,619.1859280537944,1132.7861276794629,482.82051557747377
labeled-data,GOPR0045,img0375.png,1148.5553646539208,522.1382291466958,1193.9831341502131,504.47187434258217,1093.0325352695638,505.1028155855862,1134.0437160648275,435.6992788551398,1192.6830737922187,576.6439505478771,1178.439262778745,542.4588041155404,1007.4633054750627,412.8455784386992,758.8702326856778,607.3331000915709,1134.0088501958312,480.167461921592
labeled-data,GOPR0045,img0576.png,1064.136780790186,522.7505710493424,1119.456718321866,529.7069703796734,1058.7518550016096,457.5395006939247,1133.4352592247265,429.53322411025584,1058.128658710098,582.9400950964398,1068.4695116704133,554.5861434310591,1051.2242051304584,359.7700830748156,753.1528004508507,430.8187605403459,1101.7353742661087,470.2285738220072
labeled-data,GOPR0045,img0608.png,1136.3718434786356,528.9593294814165,1237.3622418120717,529.8375372742319,1047.082764355697,428.4674837008927,1132.100660957557,427.97645672763747,1298.310091258486,547.3487376544143,1262.1017490424085,536.5632740155827,1070.2216732748532,356.2374856220983,974.5546987252956,107.77179367823226,1129.5470137897087,473.2307402977933
labeled-data,GOPR0045,img0670.png,1351.8880649104358,487.2652857527432,1312.7352875815513,469.5833863138921,1045.1162070992089,436.87388795741447,1130.6476730153304,426.61011204747984,1387.0721635054092,403.4403966026124,1354.5853989719394,432.1876774487764,1052.9040190930039,410.3101704893292,945.3219658818506,136.69253553883013,1189.9557058549112,467.30674676466185
labeled-data,GOPR0045,img0698.png,1144.225940359584,478.1011596335426,1234.8159153061742,480.3039553769247,1063.3192722189972,409.2272532092245,1143.3149605096746,392.7246461842246,1184.313553230404,541.0805918478675,1183.291662792151,500.8862346099162,1060.177315340741,318.95093547574663,1100.1812639545012,155.20287951909444,1136.3821246186226,419.59380659476926
labeled-data,GOPR0045,img0762.png,1057.721538174612,480.09085255259026,1038.2816718227427,493.1129881686196,1060.9483791755686,381.08024623934017,1142.8171263637328,395.114888614454,972.1713965125422,460.79860833368923,1013.7174522311946,461.9986381447562,1102.1085553908872,310.5923482915105,997.0843723924187,112.71144753049629,1094.8265936665707,416.90676008524315
labeled-data,GOPR0045,img0930.png,907.1426368958782,237.92797297278779,877.4442690586218,211.46815437291679,987.1723734801011,309.50980669823036,965.9911562932638,380.36381307827776,891.0970610778338,166.90769708595963,892.374215853876,195.1875528411785,1055.2641264786553,376.82500001406567,1322.9673277781844,245.57393700734136,946.3926868377367,313.3512713273766
labeled-data,GOPR0045,img0953.png,917.6264471584282,246.20664903440564,873.0436758784404,276.38686392507884,1009.5002235563198,307.12160754091275,971.0795233529353,380.61237265034583,827.3342788707505,210.43234153003067,851.1864174640814,233.8660215515487,1063.6459392671443,375.00373922712004,1327.9449509001618,246.31544250190026,950.0739543479121,315.7288114520167
labeled-data,GOPR0045,img1090.png,879.0361911048738,270.46186372587465,867.1886481188965,308.01467765606094,1011.0568748542089,305.5010449358643,964.6116615960146,378.85843783899355,819.633145444268,282.49547201358115,851.517246856295,296.6222906409182,1063.1360765433656,367.8183880022751,1332.744249366589,257.8954966032748,948.6111663799296,322.32095007432895
labeled-data,GOPR0045,img1263.png,924.7953576640106,275.054304743965,908.6202733712696,284.9574175762554,1008.7425148814647,305.6191306737852,962.8663794107308,379.4108291603951,893.4969345198093,242.0876423355097,910.7685105946919,270.40170147466137,1071.6148751154337,374.21883383509316,1370.5055020762595,262.0840278240367,966.0639254295954,326.15761064824443
labeled-data,GOPR0045,img1394.png,973.8794174218945,196.58999571728933,925.8938972048652,200.2308544363338,1014.0470690074965,311.51659263423085,968.0754750842045,382.2421217469876,888.7618460077558,189.76764609012804,918.5676047052748,208.96457542073347,1061.3794251288396,405.79905604745477,1362.3614534358594,381.01218479904503,981.6489501611153,285.4461971898139
labeled-data,GOPR0045,img1472.png,764.1425708877132,329.37643481414017,793.7822217526989,348.83681164468635,1043.8144424479578,299.1035681911294,969.7349931771772,378.5952146689076,688.9295774629825,398.200234554333,731.0074931383576,382.7988590509625,1046.6322616042514,362.76659724675744,1399.0294041993502,394.1394944446161,917.0669042807949,331.1136296094817
labeled-data,GOPR0045,img1507.png,919.579305738288,295.20812464224906,862.724113928113,326.5553114781293,1024.9919046079635,318.2575267274551,967.8293874366526,378.4932975101269,867.9486450674264,263.86093780636884,888.8467696246798,297.05207680906557,1075.9771383438251,390.35411629750246,1408.0074222990054,383.33921909631783,963.8771364537421,331.7134154233563
labeled-data,GOPR0045,img1621.png,1075.6102946715155,336.0702272779239,1077.6861194402588,287.0807627355784,1044.5476092820627,378.2770351448323,955.1874630951302,362.83327239368396,1123.6220370265992,336.87693797648063,1085.3387568718065,328.4156657247622,964.0231442069587,459.0693525359834,1219.9425382469826,593.4442737731899,1008.1984877157528,346.82473256622825
labeled-data,GOPR0045,img1697.png,1061.5764012393531,371.88367450083666,1089.043415343246,332.5142876185905,1007.8133564383752,413.7476628205859,952.4253701645271,361.57430488273536,1126.8560781238946,393.65225510114203,1085.6725710102362,371.84922192332294,903.8811049061333,450.90514578132286,1081.6829729555882,668.73353134689,1004.4112795044466,365.70378940511
labeled-data,GOPR0045,img1706.png,1062.0335392669451,370.39659478285233,1088.156194963512,332.9029007242505,1010.7404596189613,412.97839506404773,952.6571167404251,361.6489292644111,1126.0066284321804,383.26133591688966,1088.1849167903429,375.1566834222102,902.226854713902,450.5249136492346,1075.2327085459497,671.7346428543143,1005.1175346357898,364.0362954143132
labeled-data,GOPR0045,img1792.png,1092.9296435396034,345.414640904725,1050.5368288193645,319.32675492303963,1010.7528026972943,413.24314445710695,964.4468050798029,365.3066539657601,1079.2335033992185,276.9339402028009,1070.1027433056286,318.6745577734975,913.9437710370042,444.46672159878807,954.3605802311378,706.0565123075689,1014.8507478918723,373.04945468360165
labeled-data,GOPR0046,img0040.png,1128.8535786132718,496.4231949667435,1153.5932237623767,496.46928502159824,1086.0940480716351,429.7753150122883,1177.2119408243784,415.2270800349595,1126.6505884278295,564.9376931598521,1133.4590743497292,523.7773009956397,1091.736935541116,333.50557060738964,822.0661624836126,366.2103239356401,1133.3108583290307,437.21554147653103
labeled-data,GOPR0046,img0188.png,1041.899528750022,556.1231772934426,1087.5647277773485,556.9740816231443,1042.0378276892868,441.8202445784842,1135.4263945300936,464.035833542949,1023.1947142361578,638.8225703103551,1039.2620742698684,600.6179586746431,1096.8430258501112,375.74870030135537,859.5010948821918,254.47366974407987,1079.2580737147384,489.37746001308733
labeled-data,GOPR0046,img0325.png,1002.6879924405534,509.9919741800136,1043.3700861836433,559.2120704860637,1049.5375991038964,440.05572086677483,1103.8745693150654,513.4753817323491,1052.182461356491,628.6254456015588,1045.1765599512678,597.0988892780542,1124.9971052713968,406.4559807140871,1009.0417221032158,204.56998686672864,1057.3541130478156,496.18618618105916
labeled-data,GOPR0046,img0385.png,994.9576122834375,518.59273372639,997.2647561612583,536.7935354291986,1046.595766324692,440.5770031920039,1104.058279734536,519.1453973550745,968.9975948400688,544.9473973461484,1005.843698572342,526.2787047884633,1146.5006364559936,405.3527131185315,1049.1205843921937,197.78216926729124,1060.0245290470318,490.1637632204582
labeled-data,GOPR0046,img0587.png,723.1538813461625,716.9848551497391,708.0456892511199,779.2426536582625,813.449740845274,600.0708950234201,925.8193634580565,594.8895867761448,613.9063776986275,796.1964730293197,650.0722593477699,780.1551545559097,889.4690165286772,586.2051447177283,1057.082714389594,353.3189800464481,791.0271454935503,675.5946967610143
labeled-data,GOPR0046,img0734.png,1041.5981868782774,960.1304574882236,1076.263077449319,931.098611634976,922.4376255403212,927.1988114457338,974.8682725290219,883.4343870997935,1109.7111539352252,952.2391581627934,1073.1608883845213,946.0325092956928,868.9465501731006,872.641758815073,575.7972154941722,823.205456260657,989.1485269185221,927.323432109144
labeled-data,GOPR0046,img0917.png,784.286814939775,832.6221769241433,805.1015217160683,861.2850518292028,888.0191241199905,775.2964271140243,883.924427704982,847.2948390779238,755.2827153334648,891.9952749417666,775.7561974085074,865.3797482442113,976.7540734935708,812.5709388313172,1182.4327646562633,976.1809098212675,853.3594773185956,816.2582795035029
labeled-data,GOPR0046,img0962.png,782.8787300220142,831.4294520094622,818.420970738521,861.1993204844504,883.1994930395533,771.2250421154783,883.533068941499,845.9460441513049,816.3079776944961,911.4630054796861,814.645905237986,886.531918632035,979.7748110257251,806.1345199234702,1226.9681262456797,955.0758577796771,858.4053624079197,807.6352926331208
labeled-data,GOPR0046,img1161.png,,,544.9732405700057,890.2277462837003,613.5007407074935,816.7869536835248,739.0418569555277,867.2108526341335,475.388511668628,905.0861038084136,503.7125961261073,890.9240615796739,734.0647047534103,819.4915115847189,1011.0247141031753,770.0618667415026,616.8061840253508,856.9508047665719
labeled-data,GOPR0046,img1212.png,593.6104171413795,763.0083394626917,536.8499705022733,804.04460831664,616.6214090220983,821.6863687585244,597.4455824548327,920.6336338456149,568.2983260725889,707.3984424176214,573.284040980078,739.9973475819729,687.40876775476,900.4285088319174,942.8748904133449,876.0974888225369,610.1812421968862,831.7315731469607
labeled-data,GOPR0046,img1314.png,550.0767489458925,576.6584633880191,515.7355917178385,610.6355470282833,600.1186908167695,634.4426909746902,520.7615443287466,690.5217411595596,450.9234460197094,541.6837450774949,489.47627017706634,569.4417784707919,626.5757635400164,750.8296885682399,852.6080065868896,930.4891330138804,569.1017784025104,637.3601452351635
labeled-data,GOPR0046,img1402.png,828.5626914929243,361.37732320211944,744.361214349668,377.7858161838822,729.4438721507357,534.0771786707028,697.8093757016278,419.5270020549857,854.4354365374481,293.1436284275574,835.7979361662511,324.50917783274264,671.8095958652681,538.176077525254,627.5535297064204,802.3235601955633,759.0893862094775,441.91232222583994
labeled-data,GOPR0046,img1523.png,1083.2861837795353,416.8959849713781,1046.510665777904,387.3616187570719,909.4693366715659,523.2881177162809,920.0314434385086,435.94761945117716,1107.493658782721,335.8161243962814,1086.7785407652505,358.96831512168967,867.800805903442,507.5452240302318,650.8062186928465,721.8436751454208,985.7012132980246,455.2412344386112
labeled-data,GOPR0046,img1551.png,960.9219823141406,559.398134400371,1018.8178431679237,536.6660172553272,910.8402867289662,478.77015640154417,998.9272406660104,436.8578154153699,994.5586044636559,646.2357002985182,989.6969273506661,605.3976125494044,930.2024275311131,381.61963168957436,682.4110294530823,382.79862468987096,969.0516206685562,485.4004852715142
labeled-data,GOPR0046,img1587.png,914.3868451483472,547.2450383605316,928.0736615634362,587.5851288471094,933.8365316329473,456.47983476573125,1001.550254949703,525.6342755998648,858.5590413499582,634.7686275412318,887.0132123181694,603.433021538265,1019.5053437552563,421.079774393051,910.2636699726708,239.87110391093034,954.5323499393671,517.9010174800146
labeled-data,GOPR0046,img1622.png,912.1514186769434,550.2323788656843,915.2033091329315,572.5111791943972,931.0731395040694,456.84453091244916,1001.8769980829927,525.8172552177796,823.9517844988881,574.0371244223912,863.9315494723318,560.6088064160436,1029.093440327203,426.7813948183246,944.7078866220659,202.57716984875708,951.433580806432,512.3309405386028
labeled-data,GOPR0046,img1719.png,873.8309802214773,452.3628367163553,841.9189874202871,497.45125792383305,958.1933054967662,474.1299473387227,936.5092829596821,551.4741916086995,795.1819368271476,446.41571689652153,832.0561731830646,464.3260602693955,1041.0856586949978,522.3912203515945,1324.1095581832951,350.51797574660736,912.1060803866754,502.7891110744763
labeled-data,GOPR0046,img1735.png,721.87292414179,449.3138274524476,748.967237585238,491.6629224144754,914.4456580118667,469.89998345199837,929.4014864130502,557.666139270829,643.5808253595627,450.71247768229875,689.5453368441418,461.95559559939005,965.1772466871856,506.0563143185997,1290.2657776075225,386.36962203034966,845.8469758804056,491.8694670841173
labeled-data,GOPR0046,img1774.png,475.8653500608086,383.11402275564615,464.36443099593856,430.8090106423131,622.6711993006204,395.96799112226563,652.9705945113574,480.00264755658907,431.8928966961697,391.5342761922964,466.95806877787754,405.657748280762,726.6169188299046,434.82001440104074,999.3455667516262,317.9550938981729,587.4201427546101,434.87102917822847
labeled-data,GOPR0046,img1806.png,489.2394332161957,279.54231142413147,475.88517407175954,352.4771113668212,625.5552800193102,398.33206051974196,630.6616306542655,478.47475663429134,438.3185357569881,245.7310785965592,462.43798743996786,271.08742523764045,669.0413216629797,451.5373813155255,967.6779740755209,468.91657386097984,569.2101510222482,383.39821167928267
labeled-data,GOPR0047,img0174.png,1320.3569563321962,237.08917900880584,1331.5218095764055,231.87359254407784,1277.5593977740775,162.11624882855884,1355.3206193382837,163.16142653775515,1332.4448376597898,259.5061108386318,,,1264.4571225595098,122.45355116885824,,,1306.959110050341,181.59700561019437
labeled-data,GOPR0047,img0457.png,1497.1292830791251,265.47372373778705,1486.7642769987178,228.75905660078718,1349.405403352109,159.18985651563625,1279.3842287281157,171.90866467270655,1614.7365574878631,209.25692701612078,1565.8290080949764,216.62248862049523,1290.6928686043998,181.25362188053245,1078.6721833027852,48.74069356702338,1411.7932618689806,210.73434442465657
labeled-data,GOPR0047,img0588.png,1529.0100744601468,450.5659352701034,1524.033046704745,392.7558436496654,1353.1112221113274,248.3630589731058,1405.1444972592906,256.3341138893895,1647.7950753042962,443.35326987389124,1603.5493575206192,429.0260850677482,1347.4744372287128,268.32732135051486,1164.8409131232313,106.34191863571422,1437.245547264477,340.2645063339216
labeled-data,GOPR0047,img0672.png,1468.3876705302446,380.6210723606322,1509.6556742336018,347.4713644677714,1382.4333941053528,333.95900985841973,1385.4648508544517,263.98521322603676,1499.4878185502507,407.585225729479,1480.4770221841136,380.0195709985803,1267.9287979005674,261.76839798004943,991.7577441041088,194.49881083266388,1393.1012650375392,314.8818306590317
labeled-data,GOPR0047,img0714.png,1400.7156770346826,545.295515191691,,,1379.8292046615388,394.49518465759274,1438.3113273063414,447.12909503791514,1324.6260381700145,605.8107679499728,1346.834856887918,580.5734739523551,1409.1043386971105,356.47437072044994,1325.4059238779885,142.49432325748694,1388.8938922039565,456.6682131386271
labeled-data,GOPR0047,img0745.png,,,1084.9681671550873,722.5067063814886,1154.029367268378,598.29753750568,1271.361863868097,611.8602617821422,980.3360332275196,766.0434178309144,1013.8182960028769,742.5049195389743,1256.4674337191445,556.422135363094,1435.5166679971758,359.4205823146103,1147.6815979222547,647.8128043759448
labeled-data,GOPR0047,img0776.png,877.9551545431369,747.5573965965152,792.2030803399765,797.9427961283156,1011.8468681429931,690.6851500677913,1050.8066422852144,750.9800386212291,723.104744854088,791.3536512592686,767.5050544450878,782.4735893410686,1068.44537834711,689.9443779622284,1312.9727110115336,526.2979587186545,951.2492262326689,741.9384216815253
labeled-data,GOPR0047,img0873.png,1064.3523035004687,1001.4817325070919,1078.435461036534,976.4137120928958,899.3700342129246,967.0325207340743,941.9534193917732,911.2449851121717,1126.0350611190156,1013.6545638754947,1095.88596069424,1001.8215086272519,860.0819140068414,908.5980090660626,587.5826049712513,782.7377223054708,966.186457770154,954.1120120971896
labeled-data,GOPR0047,img1034.png,,,1463.7053907289355,957.0451701239035,1384.763794127134,886.3125741378545,1444.2785093619887,849.5784288039619,1476.5344039898853,1009.7969035122981,1460.7349400715384,993.5460263391413,1360.7939112395093,835.8371757528098,1120.9748950632343,787.3713620488941,1430.7912640647228,914.9887931182847
labeled-data,GOPR0047,img1089.png,1354.0206860433364,929.754087766869,1374.9732566146943,938.4304616920332,1391.6650440230367,868.191618447628,1449.6069978966175,845.3583593436314,1336.2987612033808,987.675563799997,1338.9404289366998,942.4057995148218,1416.5629134468743,774.019260233154,1175.3625433036807,688.0206564978861,1406.278225497905,880.5219323454755
labeled-data,GOPR0047,img1111.png,1248.3523449499673,959.6046554815705,1275.2763970029268,979.0948890885032,1372.4635721067943,869.1284920231318,1405.2785338595868,896.6163495952761,1191.5550904325526,1003.5366313820434,1220.8711186217345,982.3266831055909,1403.8890888884146,814.4428405333266,1292.6333040711324,646.0657486477609,1323.3628468930724,913.9345936239183
labeled-data,GOPR0047,img1220.png,1149.6248686598037,946.378062223233,1155.1567251602532,987.8669859766038,1259.6473479465208,919.3334304432578,1292.8384869492174,957.1344498629958,1083.8572413766826,968.8128135861668,1117.6630311016515,964.2029331691256,1330.398972287013,881.7393727225282,1610.4980839946065,791.5140657395013,1228.6715259109535,951.8080884606882
labeled-data,GOPR0047,img1237.png,984.700478986769,979.1707836939752,1026.0841077935324,992.5182724168449,1115.1555832882223,934.2618949155334,1118.1751347012753,982.6452438856776,934.6263963141319,1005.9574415094258,966.8110141947138,998.1411771669989,1202.8841449982344,932.871521611528,1505.74060763237,888.6605131171212,1074.7402786138532,966.9130008113833
labeled-data,GOPR0047,img1470.png,646.5588822217887,900.3843328848523,676.8399733413005,941.9328067465078,623.319905316117,872.9200874508765,718.7405529136481,903.2011785703883,617.6794210081754,939.4343306000891,653.5939024882041,923.2148873510438,745.901271184573,791.5714508155442,1000.1691674218648,685.7862843908185,682.3479637051843,892.7254030903309
labeled-data,GOPR0047,img1525.png,582.5272766490638,827.3399205257957,565.6019776957231,835.9622426341014,664.5990093096025,828.617301578878,630.7484114029212,893.4443900228056,549.3153692689236,783.2702741944559,571.9888829611347,806.2631331499375,758.5267661310345,854.3223303582822,884.3228388537111,758.9514039506532,630.3026971483253,847.7772438650366
labeled-data,GOPR0047,img1633.png,643.4381623303444,643.1257086497867,620.3363303040595,578.5030163600437,639.2494434624901,691.4171262393835,572.8944849104015,726.2927045854956,642.0655582134921,517.7947196998255,639.9523133346496,555.4171699882805,627.7180789088886,786.1454147632027,828.7346634231278,961.0512475652613,623.3996370623183,672.49031545518
labeled-data,GOPR0047,img1660.png,692.2144760413526,509.01132365612995,600.1735339721646,467.48909415123313,650.1284152946391,693.0340536703314,602.424030612318,662.1562685853288,649.2485539996771,423.90566041847313,656.86498617084,467.16699515067813,671.1279923250324,735.9642467706587,817.6966426024889,968.5467402697064,648.8142184215596,587.0405760982917
labeled-data,GOPR0047,img1670.png,592.5053975296039,447.6460647156948,561.0992115543817,494.11935320683165,662.6091414297384,570.9171278690866,604.6030881838409,661.532917392574,499.3978512731991,420.7801401609823,533.5114574522239,445.36200343704434,674.3948439790972,684.122777496967,820.257292921654,924.855889421561,626.0945985630103,554.6930049531119
labeled-data,GOPR0047,img1740.png,,,756.9716950024119,213.0458938787864,767.6785542531137,325.8045084718363,687.1780254362621,350.0201147012957,836.0367354924824,142.88718381695884,828.4204943180974,171.9921054476445,715.496650866016,416.09367315464743,636.0438470690054,708.9996233841058,765.1259785622333,295.36492450535496
labeled-data,GOPR0047,img1760.png,886.1857873388498,106.478572720455,838.8338516940707,107.68653026241365,786.5867289122696,301.57207506534417,741.1804881558976,248.37554790469272,871.0603523528234,35.19492273424729,866.3402313441509,69.22947948099134,771.7478291399611,297.94554852019286,698.096712537606,560.825415961046,817.0886223211546,204.85026862882506
labeled-data,GOPR0048,img0015.png,1413.1275081768454,743.4736570205854,1428.5306007958195,689.8167903500708,1303.2378446908954,755.2330360534223,1355.5919288685134,651.0484085399625,1450.3830267188723,774.1671725576401,1429.9245556558153,745.8901775214404,1226.3495463404345,700.5249080718993,904.9304582682868,649.0068388172483,1351.4342710889691,706.6901193347587
labeled-data,GOPR0048,img0181.png,1363.3327161477637,758.3865078032485,1424.6152816768704,753.4176511387263,1348.4261461541973,707.7041698251226,1435.546766338819,663.9782311773275,1325.1148589524248,804.6798818135771,1337.4141951305994,780.746038439832,1351.8197699056395,597.1307750156864,1036.8242773385841,621.7885775391462,1383.331616641168,691.5906179050188
labeled-data,GOPR0048,img0493.png,1360.5309172576367,714.7250002104661,1352.6605399919447,744.9302318787984,1374.8392314173002,646.9054854175647,1447.1145429816656,660.8323768367758,1280.5622079940347,740.5928911677531,1311.691490645113,721.0607922494294,1452.4608628392457,569.8461902608298,1219.5935317726783,448.72112961828134,1405.1306440192845,666.5508025393817
labeled-data,GOPR0048,img0751.png,1458.8639243533416,800.8620567329688,1499.63616951372,750.7461720566703,1371.1695183420316,650.096143460491,1448.4210054037312,655.97687949979,1540.4624723252175,698.069101075821,1518.619682045402,709.7896226893806,1393.728092750441,581.9229099597578,1231.5932993667168,382.3557902913842,1403.933968944123,690.8667858277421
labeled-data,GOPR0048,img0817.png,1342.3704736219718,786.8779679184986,1383.1180848575589,797.835308754959,1368.7365750097047,655.3898778809734,1450.231797480879,702.9858271393484,1273.955802212742,824.6113164373844,1305.2184582125305,801.4829886731613,1431.7516825885004,603.005003001801,1347.815791683126,331.95066527010647,1395.0287517576523,698.2251645437432
labeled-data,GOPR0048,img0986.png,1078.404328386205,701.2931837205962,1049.7131532551282,773.4741401029893,1278.536036974814,676.3216597401869,1183.3687606028186,763.0173691868365,990.1658611708398,694.8917997265771,1025.2073509468307,708.0357587210294,1299.0077589834907,722.947118854344,1549.267944424727,573.1969874598983,1185.3959456215505,729.3798484670983
labeled-data,GOPR0048,img1053.png,971.5909308551338,567.4575734009679,885.5484338410469,532.8963011646058,1069.7815460689408,607.9712943974725,1067.9392149466619,709.760088903384,852.4719760289465,480.4604233576793,880.7414303942943,503.2330393742094,1127.0420183724182,681.9743770824433,1447.9089905208177,743.3562030625819,1032.8348781543712,634.1164821801112
labeled-data,GOPR0048,img1062.png,848.859782315993,493.58778128324093,874.2789750287834,543.5074007071546,1070.6091774539134,607.3070150214121,973.0186619887588,660.6927673838834,760.2688581115805,489.86898963333044,805.8759996906708,508.9286905917562,1087.0065888274514,677.7431847949562,1401.0957841181867,757.2731234275726,991.0770262539199,606.0913664541915
labeled-data,GOPR0048,img1085.png,607.3571683646771,477.4173477891811,,,961.9143649345316,539.0650836669338,767.4409963528058,569.2159935245658,509.3147929273771,499.3684259116617,560.0385815644096,504.00981833596535,886.0305081691238,573.9831864183104,1196.0876300901764,651.6435525285995,750.7166629250651,527.612961753957
labeled-data,GOPR0048,img1151.png,633.6202438238005,615.9741468435658,677.1145663100506,656.3073379702104,753.3896830722892,467.63445378445067,752.8564383269406,570.5506896367378,647.807223493259,733.7235817134211,654.7394051827912,691.0640020855301,857.3323805587665,522.8255943561355,1200.8050702456571,560.1606580101845,713.2863116946708,559.297497657922
labeled-data,GOPR0048,img1190.png,527.4811987303681,707.1303076521428,607.0856710456533,706.6500889815127,750.8618954570948,473.65049070376193,730.5134625076629,614.8880948197275,484.4392953367112,750.4378855673897,513.8418132562961,733.4153751928932,770.085738404262,560.271236159534,1100.4679981049405,505.61122772393816,659.623694313979,615.9303000779673
labeled-data,GOPR0048,img1231.png,550.7128901593551,414.59965541127104,526.5402618681103,454.05791629845015,724.4375391889664,550.2303790970071,656.1952712064362,620.7473893456215,476.55819079686046,362.923608802045,495.65631945939094,390.63918576352216,737.5937802453946,610.126683516439,1044.8515995165321,714.9468827500137,636.9176979413443,521.5161935052054
labeled-data,GOPR0048,img1266.png,468.2144410048983,422.77228397468525,453.8565374902739,498.3905758183737,718.9991557270042,540.5070927946052,587.3850401762807,573.5302708782413,339.02887800671516,461.4917836892216,411.3289889062992,464.1079061230881,687.4416717450896,564.989125845762,994.7849003917948,684.4511700454572,589.2258596512133,503.0833150386484
labeled-data,GOPR0048,img1291.png,600.5124535621311,374.9411866477533,525.5360881877563,434.38673348029334,,,594.3180327419417,584.1577057215404,574.9498932567896,283.68824181705526,573.7731244129908,315.93170813713994,672.5973910924597,608.9088745092731,934.7617549359929,795.8899700446711,602.225963339604,484.7277569500451
labeled-data,GOPR0048,img1426.png,506.7430144927983,225.0095668896254,504.8176736540684,308.38838278576014,622.1689055803746,258.7906241746615,536.5051000538028,342.35482662460157,,,,,651.4567649989408,371.6894498908697,832.0748189563633,630.4974933193766,577.1332716754699,293.92136583811293
labeled-data,GOPR0048,img1467.png,549.6070735532675,301.5005474514272,545.2967424933862,324.63894630415257,663.9860332650137,289.7272465600262,625.225554082841,370.8260184625052,542.6814153304329,272.9418185260212,557.2909974105052,297.0476289581404,746.690052936385,371.54984964895675,837.2637425992295,549.5424360756823,621.989408752649,328.17688869559834
labeled-data,GOPR0048,img1585.png,631.0451320041309,220.39962445937277,587.9383184144516,191.10772220140927,664.2760928073712,290.9675632811518,618.658268217319,370.2556869733853,620.6650650105265,136.60118037836497,619.3418747746566,160.08835398352437,714.1194121281496,377.72386694759643,890.0941274647512,605.0852421949735,625.598366481743,285.5248533036934
labeled-data,GOPR0048,img1685.png,587.0984244149297,290.2637983226145,582.5919251571377,317.25799234969946,667.9178898691025,261.0494747645733,648.7099460963544,340.6786739530588,542.9471213802274,303.6886785477327,580.2432946434943,303.1835318973586,772.9775263656579,304.7336514402266,898.0164229458699,267.810053828511,654.7103614464258,296.538697451126
labeled-data,GOPR0048,img1706.png,570.9179826634643,299.10820571976,659.3429999553482,337.18434174983713,667.0278957826731,248.66572684990967,700.3291110344143,319.8221696955105,628.3187908746662,375.8934466578439,632.8728032167846,347.1462437482212,778.7363981041029,252.9923611435268,931.7298015174317,232.0756032412165,670.0279051332677,289.77735832812857
labeled-data,GOPR0048,img1797.png,612.4905103700924,301.05265494671784,653.6585642961718,321.63668190975756,681.3580573698919,235.23459342292415,716.9353879232939,286.5675989356899,605.7451356636656,360.5758806468693,631.0983196936471,331.93617276114935,783.6098699505151,223.57889010942944,890.9396720524958,98.13828019551225,684.616512931507,273.7745423261731
labeled-data,GOPR0049,img0185.png,1024.631310025774,362.21468905673174,1029.8692212319422,376.7760752777347,1107.1144660000512,313.02728432185654,1117.4623012579425,383.58099101821415,985.5559116801193,382.9587910673754,1019.1547090254138,374.2479917556323,1202.6950419370914,345.5589551256951,1435.0300379921096,280.15277577381266,1094.44947699561,347.63574223795354
labeled-data,GOPR0049,img0260.png,1037.7538017172626,379.74468862113997,1123.4397784275423,406.90953835357584,1107.1730949502967,309.3094374901016,1144.4385880072596,361.95434038009677,1183.5436347759646,431.77071077068047,1155.5176925716323,421.4453636427685,1183.4294682072402,295.0405190482711,1485.5519356670839,220.39124579861473,1099.3868071131435,356.4314558528098
labeled-data,GOPR0049,img0372.png,1018.7269073933533,289.72124230392865,1011.3009986279671,332.63758345777865,1104.6573605873728,298.952365216885,1102.5865978370778,367.44114694602445,973.7636229832282,262.06968772882584,998.9736308662278,291.1383702877948,1180.5096375402604,333.629220607922,1430.2342147768159,135.35265618493028,1072.226198843802,332.6416665817021
labeled-data,GOPR0049,img0449.png,1127.0108087533008,176.34516671352392,1081.2338102845727,161.6184579038168,1101.5444676335176,292.8345502948436,1039.41623529578,275.677799942163,1060.6485395858535,142.6140023056921,1068.092738257871,154.76779605592483,1073.1505691100606,349.7148482851578,1382.3854297475332,381.5020902995447,1077.8204579932406,250.57863410935215
labeled-data,GOPR0049,img0472.png,1099.236494343675,130.02760280124767,1078.5454339529692,161.28726918078917,1098.8649216020071,289.8622149654258,1041.6491940269698,282.07776223412816,,,1068.3204713250602,110.8490461623309,1078.4745912499925,348.65102630564496,1376.5229672786836,431.7753139115064,1073.1016006489647,234.7420654422313
labeled-data,GOPR0049,img0525.png,1074.5547904568339,111.9251983023523,1036.5251751843682,142.7221873573552,1129.623404653981,268.40524481330874,1041.1990139862044,279.27120273064725,1025.7584992354514,106.98077091277425,1037.6357786551596,129.42664660473304,1097.2879213851684,332.96428939074644,1343.410107066231,496.3522665341067,1075.0848433541653,227.74425533356623
labeled-data,GOPR0049,img0598.png,1008.4743726662005,210.60459486636154,1035.604110702013,248.76582665934217,1141.1069304015487,227.3362247554491,1093.8055890096234,273.7437702262625,968.7514819532096,264.30106777242565,1003.8971490955059,257.5229748235542,1193.3118340701656,305.0963256592507,1396.6558298971304,368.43586742885736,1095.9968343050564,240.20538837435097
labeled-data,GOPR0049,img0711.png,1082.0239431373993,194.62958998549226,1071.9545558001112,198.82516804269562,1146.58400571067,229.96989627254638,1112.3471051161914,279.25598394152127,1061.1798690629043,177.67397118867225,1068.32823292329,206.26742663021494,1205.6731468333744,313.4132985093581,1485.7111640631674,249.1307881839447,1106.3598126414472,239.95375577601288
labeled-data,GOPR0049,img0775.png,1032.72703426714,246.86938496184462,1034.1667350616572,260.1995311607918,1147.229293624024,229.07004556347937,1112.9990442001367,279.80973331609107,1000.7714375441136,259.8052029818713,1038.181293453397,255.00811346029877,1211.332546925311,302.93055167613403,1419.9406248220298,228.82351828837534,1104.9714945085962,247.72320409832966
labeled-data,GOPR0049,img0867.png,1037.6894306129948,263.59794396434484,1035.372543664685,275.6457560955562,1148.6676561457107,228.73029195435407,1113.5410651618124,280.03360247031094,968.7497426886582,310.42428642351365,995.5544457345518,299.1380956673479,1208.8050300290895,303.42485293663776,1431.7478623794655,228.58317082866654,1094.1410615477203,250.52882946554843
labeled-data,GOPR0049,img0897.png,998.4578152080984,283.8425474667531,997.5979607167503,332.85425347359245,1035.7181764998477,265.21236682087846,1065.5264655332471,319.0965816120235,931.9624012105152,383.58566846312794,962.0573084076972,357.7900337226862,1138.560862857984,269.7875278427859,1433.7515032103875,234.08720284497565,1033.9388858566772,300.75488558986876
labeled-data,GOPR0049,img1168.png,575.3930690193448,331.98064437544156,539.2375119229883,362.6342688701786,719.6223022189408,310.75890434062364,719.2293070331108,372.8521437017576,479.2211466547,347.65942325043795,503.467425995862,350.1676590443513,805.7993590550111,357.07822900081317,1105.6545923355138,286.4066119231252,654.5920400845381,352.23432599325764
labeled-data,GOPR0049,img1279.png,773.8791547235681,248.69671234895463,868.7330943587638,260.52181828448704,692.8101342081554,318.1990421135936,706.6172036251064,237.37480521646762,890.9194777490608,303.1680065311869,854.925240098766,288.64021181691135,615.0042364734171,314.1984137146522,561.2104839997762,493.8112214192663,726.962450066218,280.7689756396039
labeled-data,GOPR0049,img1374.png,1451.8271229458064,470.5730352409464,1499.621667283688,385.8035744897147,1352.487116159986,374.6553990316228,1454.6087043337166,367.47096569276744,1455.5607965174945,542.1143229845552,1450.2288884100603,500.60160986238884,1317.805919244824,318.5015405474147,1033.6569251841818,315.8210320171952,1401.6829189707303,395.305414328535
labeled-data,GOPR0049,img1407.png,,,1382.767370776815,812.1109178342526,1366.7430007757346,728.3903819066044,1461.3138800096187,672.7426454589198,1275.1416515275805,912.1289023892389,1298.3044411373955,884.5490685966083,1393.693370331653,653.0607603057699,1388.9241343519882,372.8818651631902,1369.9135893612981,757.9106992206767
labeled-data,GOPR0049,img1514.png,1065.7129049421173,982.2951639513597,1090.1149611297985,977.7180352813698,1167.5711249944557,906.2066228577138,1199.8544885986882,961.2196800848403,1108.6427924373822,1017.9891173115427,1101.9017825829458,995.8400849326803,1243.6719877964126,876.0846763378152,1357.94327770599,665.705889988167,1153.3007982274935,935.6212087720917
labeled-data,GOPR0049,img1538.png,1085.7908465119779,1007.6996171058871,1161.5169801004633,994.0631102911024,1168.7704411721572,908.7624080879809,1200.6856698876109,956.3451127182935,1198.2004487015995,1009.752537767835,1176.795810606328,998.3367307836902,1233.7115170217255,873.2532396293335,1330.6001854351368,632.5843225260701,1165.2342655632629,942.8828508188162
labeled-data,GOPR0049,img1650.png,,,,,1137.5160069693347,1004.2510795572106,1229.1426251348569,992.7977522865203,,,1186.9289331943128,1067.080760584997,1207.2202411871747,922.2301016241996,1408.1276486717065,900.2636315202122,,
labeled-data,GOPR0049,img1741.png,740.1135758436112,623.6089334246439,696.0022264996894,649.7665043624921,839.4383642955213,671.4521331202361,795.6196627665412,747.8333559689172,646.6537817243118,573.9842827724982,682.983478721606,602.0100490275538,894.1522780484912,745.7548667585506,1141.9196229278114,876.9987414860618,788.6833152523093,686.2633369495381
labeled-data,GOPR0049,img1772.png,792.707659433463,565.4015077195171,727.8140430540207,579.423746434673,822.4729851955263,626.2288633355893,734.3252773994063,656.2767010026895,804.1003238072167,518.3086004056189,784.9543056647886,555.2802216461698,853.3418914540584,722.5283054049507,1121.7767253393347,843.3943711372108,785.5155959438644,633.6833770852211
labeled-data,GOPR0050,img0025.png,1355.3008688627895,433.818221351375,1293.4142005190329,455.5805662634652,1271.9918922461943,548.7506054183514,1268.2514892144286,489.2441935493547,1332.785439371886,368.3244156037339,1327.2952736762409,405.8588461760801,1189.0871712238675,571.8306317659684,897.5726437977854,682.8821220055088,1291.1702058652377,501.1833878210093
labeled-data,GOPR0050,img0050.png,1358.358987834534,434.64015927420667,1314.1097364806187,459.74611748919403,1369.342844553591,507.7612625753575,1299.8543449223046,524.5320136735645,1248.477417119777,396.86519544867616,1273.851866341353,426.3228893725745,1316.782663484856,602.7534565079314,1043.7061788409876,727.892746577971,1328.1451158497039,498.7899210356725
labeled-data,GOPR0050,img0156.png,1318.8249296834629,435.41615847334333,1281.4306184610018,459.59781306386816,1369.4318975378603,510.20478091826544,1296.886933766286,519.9273018361054,1229.7001862092905,415.8730610464512,1258.665681423191,440.131663288093,1348.9759108698406,607.679328265247,1098.4437376774008,756.0465854670006,1322.8424888946977,494.81913202430616
labeled-data,GOPR0050,img0336.png,1425.8085903687347,424.19922892951735,1425.5281761099825,352.5220602148275,1368.5635796513939,505.23850259558196,1313.7673338317343,517.5204197620574,1476.5754532561864,435.30809587454155,1435.7160965318153,420.88714644241054,1327.066474483203,578.5222762793303,1545.226388584936,769.9998855065338,1349.1192663744068,470.056541317552
labeled-data,GOPR0050,img0416.png,1461.9195175285201,263.87075299106436,1423.5910410211416,266.6582785552373,1460.4016874652875,385.47078686554437,1424.89262410572,373.81514011393057,1390.1711168406187,219.67132034887274,1408.176402877105,248.83906053614598,1419.9162003844715,455.6665763451522,1401.5066665372829,658.2139388783645,1448.2355280379381,343.4825022589066
labeled-data,GOPR0050,img0650.png,1283.977290668723,253.92996611941015,1336.111215397797,257.69519401650996,1380.6968549800347,193.98376998795166,1393.4124345744408,251.9892805466332,1373.2265903762864,300.5997377518178,1345.10290459729,287.83991735208804,1440.1060353726375,223.69683065733793,1734.6839823162902,271.42287881807613,1361.7410444185098,229.78928952479106
labeled-data,GOPR0050,img0688.png,1391.2491083444136,375.55573795825126,1472.150550838477,392.9369072440852,1333.985611446762,203.94864158480348,1398.8459368807833,270.90876172712035,1385.2792640428293,481.7102605072249,1394.404384384239,445.39163811493177,1370.215742817948,209.69844386093243,1546.378821283635,74.20953173658793,1373.3788944283326,289.8477125988785
labeled-data,GOPR0050,img0754.png,1143.0027267673788,231.80499865249362,1103.3927304067674,255.57099646886041,1276.4389020071883,219.42687478980258,1259.6046535539285,269.68205767232826,1053.0371039310342,217.7501361521626,1083.2471891340283,224.74951829527896,1317.3764958891725,270.97756330501534,1546.7249331660096,224.8302943041228,1216.6007029365578,242.30449849985337
labeled-data,GOPR0050,img0971.png,726.5103324744317,157.28124049790617,720.1404101791175,234.17530249134253,851.6338061323903,173.66104068585713,883.0284231592963,229.1703635450242,697.3350053338337,131.02675198300014,714.6396194055977,159.18607851796165,935.9589467416338,203.63515499295426,1220.0264297165904,165.5276904645363,812.2034102859886,209.63574303865906
labeled-data,GOPR0050,img0994.png,,,710.0190447441133,113.31771688047805,851.8558954866306,176.9068383485041,876.8244549493921,229.9677340416128,735.1417120151696,88.88596151005022,740.2610430808389,111.81166149978704,919.0254052357265,220.08193366211253,1198.4069576445495,171.17717622773515,809.859212548309,202.4158761239003
labeled-data,GOPR0050,img1146.png,812.2073475865907,462.9015086588789,814.197534527162,367.8204581260378,706.5925119276376,296.16067291576854,794.0145124587066,281.78993310244215,892.1488293401778,514.9080162108336,861.1487734746112,489.45230296072384,746.6052892590387,250.10302399629552,912.1908240893258,131.27105194161894,768.335283160179,346.40821923069535
labeled-data,GOPR0050,img1157.png,910.4661671168333,484.2470225760745,921.7800453266169,439.2834698786795,802.4046148705985,423.9576359136751,808.9438558536796,341.223581696863,1032.874820544906,485.3177214865734,993.9237441000857,478.1728494759851,756.0089787289198,339.3145883606723,752.9981794702841,144.11385861360057,854.9847503378933,417.55614786115405
labeled-data,GOPR0050,img1191.png,1347.8993188935349,686.7854941658615,1353.8039387826052,653.8883262124697,1070.4375800747998,619.3605408773778,1187.7936963354193,587.7745402207997,1415.4772865757454,679.636680545576,1383.09080396301,672.4963536703273,1084.2808530347954,566.8716245982251,900.6783971762885,383.37497156173094,1204.8386079724044,630.3924176727542
labeled-data,GOPR0050,img1245.png,1482.6852776291278,524.2265552299801,1418.2443619313433,511.51989579661415,1419.151980462298,644.032201316002,1397.9742147400214,564.1617705919874,1469.7767602756214,474.5260871755546,1448.7447070918536,504.60681440350186,1321.538609336642,673.8251346342827,1045.3041810205045,673.1616005655222,1411.6454710079179,566.2535467930416
labeled-data,GOPR0050,img1428.png,1258.6445426233208,226.38152022591197,,,1400.4511251036154,413.3120887497073,1313.7843910910065,373.64715492912165,1244.3024487821317,167.63840979658633,1246.4581582789292,203.30560328905264,1341.6430637447265,453.02004000421,1449.518057290664,690.2584672655139,1295.3980155833265,344.93963441724065
labeled-data,GOPR0050,img1516.png,1168.7422212452134,296.4943871848591,1226.211910724022,308.9952263027632,1351.6574455715827,290.8685835013947,1316.1440667008314,382.36067821926184,1103.8752688426534,330.26754149122,1141.3353779795134,329.0969130806931,1378.3976426837328,397.60006754015865,1490.5384937775407,617.4543668751585,1279.3209083094255,336.6623201669155
labeled-data,GOPR0050,img1565.png,578.1626612997024,580.9355256057956,577.9155301756814,603.4244578917084,704.0966742541135,483.90171794521603,700.5965333629301,588.9059446807158,522.8671569995101,568.6829084205455,549.7015704985823,567.9050993336158,795.3877589711722,517.7178517636899,1076.1112757712772,393.4375966114432,681.6935791085507,555.9834437987889
labeled-data,GOPR0050,img1585.png,454.70342626558244,566.9013785774341,464.4007704443774,633.0905721526465,567.2366375940996,547.2993951698195,682.2041822718584,600.9814897713343,319.6976793334882,626.5574067959467,377.1845996880219,616.1052394587587,658.7248008104582,569.7805851606404,946.0382684499331,478.4781869835381,544.0199905655672,592.637063232343
labeled-data,GOPR0050,img1686.png,636.9695417503623,184.47952922687696,617.8436661916603,216.61100016549634,610.0553531702096,372.31291895666163,561.7760027997637,378.9721396974128,648.2285928262604,140.55857303284998,642.1135626872538,161.80025667360974,603.5207775740522,432.8979237484448,526.2727333502053,713.8441251164894,613.0799217334992,301.664355624709
labeled-data,GOPR0050,img1728.png,776.6176860207648,306.52046999726366,822.9201519996514,287.3256060090877,677.6821492139328,329.9022882808097,674.2877716290667,272.2115450036512,885.6520700577457,314.2001469267404,847.6591006548605,311.1693555798628,603.9179548483455,321.99047555912495,474.1701175045154,467.4832601932729,723.8403771621079,303.7468787925133
labeled-data,GOPR0086_clipped,img0056.png,881.4733712532452,253.0615917912719,765.4708149556067,236.3674969735306,887.8941769523765,317.2696487825847,755.625579550272,316.8415950693093,746.6364515714882,197.84266277874292,777.8843726405938,219.67340215578923,804.9913960403414,367.6403213479855,586.3033224853386,531.4921413922497,822.5235594217569,273.2373762259325
labeled-data,GOPR0086_clipped,img0081.png,776.8727416992188,220.69735717773438,723.6515502929688,288.4301452636719,847.4728393554688,260.6675109863281,763.7174072265625,321.8046875,669.6270751953125,287.9392395019531,703.9849243164062,280.3286437988281,863.4620971679688,324.86456298828125,802.1245613683885,548.5735158251916,788.4956665039062,274.3265686035156
labeled-data,GOPR0086_clipped,img0083.png,758.7478591014653,238.14642225399575,722.5827394436036,287.50692340864487,848.6719404129053,258.6725712489984,764.6124731000375,319.2735825675775,657.094549792881,294.8376909068601,698.1468477828862,282.61974507650143,865.2883467421931,311.4540972361479,819.9431249131803,536.3087524619797,786.2431195661262,272.30134457036087
labeled-data,GOPR0086_clipped,img0268.png,684.8946062005202,257.2941613190747,727.9631113761774,291.3483282021524,784.0523274188936,227.24636701047666,793.066665711473,319.3929362235105,654.3460153201123,258.2957544626946,692.9073513494798,274.8220413324235,863.1781857648684,257.2941613190747,1032.9007014331773,404.15475721236294,765.932385185656,271.0639099749338
labeled-data,GOPR0086_clipped,img0405.png,716.0291748046875,255.44090270996094,626.3524780273438,306.4692077636719,765.6240234375,229.5111846923828,794.1613159179688,318.7548522949219,551.2516479492188,293.7557678222656,591.5617065429688,293.1479797363281,831.5637817382812,259.7459411621094,1043.094482421875,325.5433044433594,730.182861328125,289.27587890625
labeled-data,GOPR0086_clipped,img0432.png,569.7471923828125,291.47625732421875,622.3372802734375,307.10601806640625,753.6826782226562,227.2257537841797,781.441650390625,300.68115234375,511.37548828125,302.07452392578125,544.318115234375,304.6612243652344,811.6350708007812,244.60940551757812,972.6812133789062,268.66845703125,704.593017578125,285.7400817871094
labeled-data,GOPR0086_clipped,img0446.png,626.7684936523438,239.3885955810547,625.4183959960938,307.170654296875,757.2984619140625,223.89418029785156,797.2083129882812,295.7471618652344,593.62060546875,207.75196838378906,611.4529418945312,248.14120483398438,827.6614990234375,242.2926025390625,1023.6305541992188,213.4571075439453,717.5439453125,277.7851867675781
labeled-data,GOPR0086_clipped,img0462.png,630.4737602658411,239.4904158844318,625.148039859715,305.27872678363565,755.5063887619598,223.6600931270447,795.9541548061909,297.9711051617949,608.765656136377,208.60976157570286,623.3286254121368,243.20166896334538,833.5803421339946,247.2776319748724,992.9537886574162,252.104369458645,715.34346637787,275.28246088236426
labeled-data,GOPR0086_clipped,img0487.png,629.041592430442,242.321246657956,621.5863508547521,307.7240477537813,757.3843291225126,219.0133713200878,793.0969485406501,300.3861388130573,540.9801956245126,285.37067853767815,599.0971776661363,287.24541989385955,825.6564011692851,255.8487350960949,956.155351949209,257.3325947842952,711.2035966516539,269.57604858174784
labeled-data,GOPR0086_clipped,img0523.png,668.3526456151201,449.6371675793921,712.7624285616762,395.2895311063339,678.1757726328517,296.00813551176634,796.6577502144248,298.0078313359279,679.6755445009728,516.9745240816203,693.6734152701039,471.4814440819444,760.1515112735315,265.1916981544531,,,717.108803645754,365.36366663038916
labeled-data,GOPR0086_clipped,img0530.png,660.1421968460423,462.74686058114025,730.658203125,505.6876525878906,675.7026977539062,302.38702392578125,784.5682373046875,331.6036376953125,661.2215576171875,575.2306518554688,678.0447387695312,527.8276977539062,742.3102416992188,304.22613525390625,870.0439960521682,116.01903341262852,722.8555908203125,405.3620910644531
labeled-data,GOPR0086_clipped,img0541.png,654.481689453125,571.452392578125,728.2346801757812,627.0031127929688,660.4942016601562,424.2214050292969,747.21826171875,453.2400207519531,687.39599609375,699.5559692382812,687.3226928710938,655.3126220703125,714.3870239257812,392.5633850097656,819.6877560860182,151.4109464655383,705.3367309570312,507.463134765625
labeled-data,GOPR0086_clipped,img0556.png,657.4653553207854,676.5343729908452,747.1275243807995,726.0570826460857,645.4756466674114,593.1277040978089,744.5210659778922,539.9559526784981,735.6653376027748,795.8153338770026,721.3686981546018,754.5139310267252,692.7068927641661,536.3119683011129,790.9655777968603,275.5362800792572,712.1893708546243,637.3694875504432
labeled-data,GOPR0086_clipped,img0566.png,712.2921226530649,777.3429045730466,746.237807392964,733.605195388946,644.4007531732668,659.8386112426269,757.9882367260059,634.3793476877026,787.3643100586108,838.7062577567103,768.4330627998211,794.9685485726095,680.3048428020062,595.211249910896,745.2122497293466,294.1553433416956,717.9048125967784,695.889577768359
labeled-data,GOPR0086_clipped,img0597.png,794.8182514633559,912.7757679072272,866.8792477214267,940.3427262072945,731.3480417339906,815.8220720623622,834.9562223754323,815.8220720623622,817.6506126274458,995.1824877375062,821.7200519849207,959.3714213917269,772.4879469253607,779.5982130846086,678.3559832826656,520.589783717988,815.852369896525,868.4388553107859
labeled-data,GOPR0086_clipped,img0637.png,918.1915707633035,978.8883351873764,995.6464882797104,964.7689491817813,860.9072046834608,966.7860043254377,880.6743450912938,890.5413198952247,1055.1076122512509,996.5368681733719,1019.4591541754183,984.8397178672394,833.6330627491998,924.5199469187139,684.7582398314246,786.1777664773149,920.44143298232,941.2418602185327
labeled-data,GOPR0086_clipped,img0642.png,1013.5092163085938,1000.9954223632812,995.1212768554688,963.5205688476562,896.3535766601562,983.3703002929688,892.7888793945312,887.7850952148438,1098.4910888671875,1004.4303588867188,1058.3848876953125,992.4945068359375,846.9445190429688,926.8623657226562,713.6434326171875,804.634521484375,942.1907348632812,945.2252807617188
labeled-data,GOPR0086_clipped,img0702.png,1224.6708184101544,980.2659633262812,1225.184901402295,941.0155641506889,1097.3036052944774,1009.9988500637389,1100.5308935243277,943.8394413518079,1306.2705181772837,960.3792935297906,1264.7191822179611,961.9929376447158,1025.0930311515772,976.9191457077734,748.5083418411483,904.8837406969914,1142.6148386295574,965.2266372863244
labeled-data,GOPR0086_clipped,img0762.png,1312.4281005859375,962.1199951171875,1333.802978515625,925.6778564453125,1227.1683349609375,990.8626098632812,1169.5037841796875,940.547607421875,1382.3818359375,969.246337890625,1353.0850830078125,955.2742309570312,1143.9111328125,974.2578125,863.703369140625,963.6751098632812,1248.817138671875,939.7994995117188
labeled-data,GOPR0086_clipped,img0796.png,1362.314573673706,965.910977967917,1315.6570163970277,931.1378928277511,1221.838251686875,994.1446797273959,1228.510277539499,932.4284405906242,1418.730657602979,947.2266443125538,1385.1383206498151,945.6270092195459,1155.4164338239466,966.0817117341946,867.3601023520957,980.8836632347154,1275.1786905826502,952.90269243907
labeled-data,GOPR0086_clipped,img0802.png,1369.677347421676,969.2459462641573,1316.2975658239034,932.2288112868074,1226.64128226157,996.2721685326121,1235.066207636944,929.8639332208405,1407.5293859093063,967.5283054872184,1367.8826782604874,958.1122124206239,1170.6403077076134,975.4576470169822,875.4987673303971,969.5217401990906,1273.6088105278834,955.0654069820237
labeled-data,GOPR0086_clipped,img0855.png,1382.2520566334786,926.3665123924826,1347.038805858627,907.4393901009998,1262.5270039989832,991.9511919606437,1233.035906475045,929.4476718352821,1441.8440201628277,851.2396404882322,1410.2097198908893,880.0620029582205,1194.8670822041115,981.7365998623673,922.4642688191306,1001.1802933596452,1310.7385681113547,932.8667090430293
labeled-data,GOPR0086_clipped,img0929.png,1299.1285400390625,770.43310546875,1212.1910400390625,776.1812744140625,1311.449951171875,911.0103149414062,1232.7218017578125,898.927490234375,1212.6207275390625,705.9849853515625,1233.794189453125,742.0498657226562,1247.831298828125,932.914306640625,1007.6672973632812,1029.7703857421875,1259.0062255859375,839.011474609375
labeled-data,GOPR0086_clipped,img0954.png,1224.1795362333264,705.3710079450436,1213.0363295729087,774.9316313403782,1309.948460225632,784.7241462843816,1231.5657296275326,868.4308182014355,1106.476585142943,691.1000588695255,1153.2800254311994,707.0817214069789,1309.6720088334225,839.5012110030218,1158.4695401259428,1001.4698162542302,1243.3227023922514,778.4518951249997
labeled-data,GOPR0086_clipped,img1002.png,996.84096638404,812.0108852440327,1040.4112277289817,853.3874496623015,1165.3367018568779,763.2857597258745,1125.6456216023355,849.3282526716114,913.174432029307,833.9278338864846,955.8346567675057,832.5058263952112,1191.6061642332686,789.4812929361128,1444.423707848562,849.6775710754157,1070.8639888147995,808.8610446395733
labeled-data,GOPR0086_clipped,img1006.png,991.8599853515625,818.934326171875,963.0286254882812,866.9332885742188,1040.57666015625,784.674560546875,1117.213134765625,855.3116455078125,864.4652099609375,833.8902587890625,914.0855712890625,826.110595703125,1153.3436279296875,790.710205078125,1429.5,817.1715087890625,1043.917236328125,827.6160278320312
labeled-data,GOPR0086_clipped,img1072.png,887.1898792502775,707.5477866247837,867.1024974317886,781.5539301665849,990.7984802087991,781.5539301665849,969.6538677682845,858.7317655744632,795.7394304450519,663.1441004997031,836.9714247040554,689.5748660503463,1052.6464715973043,822.7859244255883,1343.486886469694,865.6619958980139,931.623700382549,776.2759339192532
labeled-data,GOPR0086_clipped,img1118.png,828.9088165366313,650.2241722785903,743.4395017008868,702.6287156815285,857.6065426858595,655.2150811741083,910.0110860887977,789.9696213530924,641.1258693427692,639.6184908756147,691.6588219098883,652.0957631144096,956.1769933723385,721.9684876516606,1249.471730140416,816.7453215654625,813.6866879717825,690.5803616995847
labeled-data,GOPR0086_clipped,img1122.png,726.5784428324403,637.1371676740318,742.205196733787,705.0327191074693,859.6752777852898,656.535896655014,907.6332466549402,789.0938780250585,616.6523119402083,644.6811178333028,674.3096453003496,657.0747502378191,943.1745403174472,716.8480075917162,1237.22815420602,803.8912969322798,806.8983405812545,691.529138333138
labeled-data,GOPR0086_clipped,img1169.png,756.9708251953125,595.336669921875,702.1585083007812,694.9338989257812,859.648681640625,654.489990234375,906.0574951171875,776.6303100585938,704.006103515625,529.3041381835938,717.5808715820312,578.518798828125,913.8214111328125,726.8751220703125,1221.196044921875,779.7190551757812,796.1454467773438,677.7533569335938
labeled-data,GOPR0086_clipped,img1172.png,752.9820110229984,594.050944227927,703.199842010502,691.9558766191699,856.989547294135,653.6740481063075,781.4826015441897,745.2830681728069,696.3101840985086,510.49476342200535,713.768807619617,561.1673536418076,879.2863973752229,730.4639345420264,1182.63972198202,804.9018616110033,780.6329708757236,664.4108292560022
labeled-data,GOPR0086_clipped,img1216.png,780.1492079819978,655.2841693108683,695.3680175066684,646.7282693546424,844.3184576536922,661.8955465497702,772.7600216561664,734.2317916342256,764.5930262434053,627.2830421814017,749.8146535917424,631.1720876160498,858.5634354230999,739.7220354309835,1138.4971678176903,865.3609394840483,786.7670681980521,682.1159849793531
labeled-data,GOPR0086_clipped,img1249.png,784.2504272460938,681.3709106445312,806.9992065429688,610.9703979492188,818.46875,735.4906005859375,705.5826416015625,693.7525024414062,882.223388671875,697.2549438476562,846.2099609375,674.3751831054688,749.8377685546875,784.902099609375,953.107666015625,952.1224365234375,763.9533081054688,685.51904296875
labeled-data,GOPR0086_clipped,img1287.png,832.9167997065674,731.2753201954516,830.7092895507812,622.7940673828125,824.2820434570312,735.0942993164062,702.9638061523438,695.2708740234375,870.04541015625,795.4989624023438,860.2799072265625,759.8378295898438,722.43994140625,765.3887329101562,874.0291748046875,963.6818237304688,777.5850219726562,683.9291381835938
labeled-data,GOPR0086_clipped,img1377.png,858.2022824403664,684.9284318733146,822.6442607189553,616.6196006716564,762.2891975339284,756.0444753161371,704.2734778832048,686.7999067007573,875.5134245942113,635.3343489460833,849.3127770100136,658.7277842891169,691.7689932231101,730.4449234459696,738.2884402386621,936.9077274837737,780.8869326890081,685.268311273979
labeled-data,GOPR0086_clipped,img1420.png,875.9007568359375,656.6170654296875,826.0905151367188,616.329345703125,769.05224609375,756.443115234375,701.2257080078125,694.1148071289062,856.4075927734375,516.5487670898438,858.7979125976562,558.8969116210938,708.6078491210938,751.9712524414062,719.7347450584947,962.1452236863947,798.6943969726562,679.7561645507812
labeled-data,GOPR0086_clipped,img1552.png,745.6160888671875,561.6404418945312,678.3238525390625,595.1481323242188,855.3563232421875,651.7041625976562,709.9656982421875,699.021240234375,618.9642944335938,549.5390625,669.1494750976562,561.7352905273438,808.0689697265625,703.362548828125,679.6559448242188,915.9351806640625,747.9423217773438,624.4207153320312
labeled-data,GOPR0086_clipped,img1603.png,664.4900657360778,569.4599534803933,648.1002807617188,662.7040405273438,684.2947387695312,559.4954223632812,739.9402465820312,667.63720703125,583.23681640625,681.4135131835938,610.954345703125,654.5921020507812,801.0911254882812,618.2137451171875,840.1563720703125,857.94287109375,692.8743286132812,615.6218872070312
labeled-data,GOPR0086_clipped,img1689.png,648.1116213944817,625.6646155770902,702.1392900510523,645.249645465097,670.3980347153171,557.7923568272735,746.7121166927229,630.0543636554365,651.8260236146209,690.1601450358712,678.5021850138027,654.3668145508933,763.7455047666475,504.7217286773495,1002.6668624516562,616.6133884653736,698.8992971535255,595.8762848903577
labeled-data,GOPR0086_clipped,img1699.png,643.3106193678292,628.5313068263363,705.2225455602163,644.9416969014269,672.7747288208327,555.4304783100238,745.8755573371452,629.6501970587288,636.597277973474,685.9676720891533,668.2991678912625,652.7739285281747,762.2859474122358,504.707454441562,1015.0403781568249,577.5411225657538,706.2615330506407,591.5848114382349
labeled-data,GOPR0086_clipped,img1817.png,649.5933016557196,685.8502018052247,707.7027487481149,643.4644874554776,670.1025182765651,555.6166762628567,746.670260327721,631.5007777599845,664.9752141213537,746.6942111137328,674.5461818777483,697.1302709466897,764.7946597932028,516.1895061276354,1033.7989432730851,504.1978963358886,705.6202215435735,605.554959494476
labeled-data,GOPR0086_clipped,img1818.png,650.1007332243836,687.6735899092486,704.4055613945575,647.1538335053497,670.5694761500645,554.4178961685911,744.5075883509935,634.2042206340004,663.8858049906585,741.9784180794225,673.4935822823047,699.3700144382091,763.6559253114658,516.3100827796004,1034.26992588315,485.2829236794539,694.0279944193131,616.8674641015182
labeled-data,GOPR0086_clipped,img1845.png,668.8356698001031,803.5859927218346,743.5085702393608,752.5672408689258,649.8195895640189,645.8916688128435,759.7418094652863,702.0122958510433,680.1815966781231,847.0537679031848,687.422687023074,817.3997788714817,692.7296886310439,620.8028067060832,786.3225078869796,397.42423556780324,701.3838452833103,733.3553581058184
labeled-data,GOPR0086_clipped,img1850.png,668.3932495117188,807.0996704101562,744.5910034179688,829.9346313476562,670.2182006835938,672.7643432617188,746.38134765625,716.3167724609375,694.72509765625,880.2612915039062,695.6616821289062,849.5062866210938,705.454833984375,673.5275268554688,823.672119140625,432.5165100097656,710.7011108398438,767.421875
labeled-data,GOPR0086_clipped,img1864.png,698.3767896674201,823.7704187114496,757.6852621138444,814.3955349325297,666.0546329290278,779.9906763475473,745.3186002273502,706.2450865193612,784.448913197408,873.8030933398655,764.8837567123792,841.1944991981505,669.1362804936173,679.0793906555612,797.1251276249229,447.31324170895226,722.75604777379,777.486012188996
labeled-data,GOPR0086_clipped,img1896.png,957.656476903233,872.2126279512439,941.8687960251352,849.0818396879844,822.5433010162569,888.7346195678579,851.9157305569039,808.6947490695948,1014.9614171662099,831.9562209210242,976.9040089453531,846.3334640266812,778.3580369818105,834.9878914784174,476.3936739538048,825.6354877537394,881.9028455394612,848.0952852308108
labeled-data,GOPR0086_clipped,img1911.png,987.798095703125,858.2720947265625,966.52978515625,818.9198608398438,915.4800415039062,894.0184936523438,874.6254272460938,812.0596923828125,1042.915283203125,794.9356689453125,1007.8323974609375,811.5902099609375,818.2064819335938,859.2008666992188,562.2833251953125,887.8231201171875,921.3860473632812,837.19970703125
labeled-data,GOPR0086_clipped,img2089.png,999.7563452934344,830.1172135219615,937.1518420240823,801.2333130465562,916.6139011440573,895.9728467834453,871.5629340523898,814.1523403743138,994.128065110603,749.2259466245577,979.2214951170365,780.6953721665313,840.3513548002893,878.3987976236051,613.485011977472,969.4601034251939,918.4882445524512,836.0993303570399
labeled-data,GOPR0086_clipped,img2145.png,940.2774658203125,879.6405639648438,1029.2821044921875,831.7262573242188,917.5408935546875,896.64306640625,872.9552612304688,816.2420654296875,896.3922609016258,900.2156838340807,917.9251199489561,877.3898286613473,809.26953125,850.7830810546875,715.9401667946544,947.1709944201301,917.1543579101562,831.9165649414062
labeled-data,GOPR0086_clipped,img2148.png,933.0921114894609,875.7155198732064,1037.382537091295,831.1870235488279,916.1009747341059,892.7066566285614,872.1583796771533,812.4381829911947,888.5636151650824,914.3850035233247,907.3124557227154,891.5348540937093,810.0528453299937,848.7640615716089,732.5966413410159,967.029881619804,916.7523563590105,834.203632401446
labeled-data,GOPR0086_clipped,img2456.png,962.3238825740494,876.9232030509771,1034.254239071857,833.7649891522925,916.0077505852173,896.5724711674513,875.6565749888862,813.764841248024,1033.6064229347517,874.0443116623364,1004.2020824135843,858.0524773438069,796.612952202566,851.3421029046708,688.7201199256077,991.7420847158971,911.731756770891,837.9633418388265
labeled-data,GOPR0086_clipped,img2537.png,871.7274782999802,870.462261325029,923.9195136699622,846.2572594143127,842.6058353761498,881.0519496609674,874.7531035388198,811.840772322513,854.3301331766529,876.5135118027081,852.0609142475232,858.3597603696709,761.48224296426,821.1507158436877,632.9155332345788,984.3871001072155,842.5653599297599,838.6030281612136
labeled-data,GOPR0086_clipped,img2644.png,801.3761710223184,902.5415360602749,878.1240942076943,959.420707558066,837.9970074661018,865.9206996164916,917.4720142164401,882.2832010062671,770.2095017084603,835.5331970354798,801.7657543887417,855.0123653566411,884.7888991254357,820.3587994898462,639.138876862312,719.0470587314842,850.3134958075469,888.291583428391
labeled-data,GOPR0086_clipped,img2679.png,799.0238037109375,835.086669921875,758.443115234375,869.7679443359375,871.994384765625,866.6211547851562,807.0147094726562,910.2315063476562,761.4072265625,749.47314453125,777.8723754882812,784.0587768554688,884.0760498046875,906.8853149414062,1096.1320360059951,814.6439327479078,815.75732421875,860.223876953125
labeled-data,GOPR0086_clipped,img2681.png,800.2083874394601,833.7694548075965,760.0896383694801,870.8412102773248,871.3049047786651,863.2237262766957,770.7541159703609,889.1231718788347,806.3023746399634,745.4066404002987,802.2397165062946,781.4627313366099,857.0856013108241,926.7027596152716,1055.032388152997,910.1108210073461,806.3008861348446,851.9657945615443
labeled-data,GOPR0086_clipped,img2694.png,833.1967407665747,809.953903498719,795.7150456360789,787.6674901778837,865.9510148896206,881.8782373977785,761.9477527257222,883.2289291141929,914.5759166805341,780.2386857376052,879.4579320537632,791.381892398023,826.1056092553998,916.3208761663423,987.425871299017,1032.5026615974775,823.9678236353958,838.2108718975464
labeled-data,GOPR0086_clipped,img3036.png,920.2935162289283,880.6036533009374,957.3638237887254,854.7406480266602,837.5318993512416,868.9653009275127,861.6707042739001,790.514184928872,942.8523654292601,910.3658650839495,930.7184276320133,880.0310205908328,780.8642958360163,809.6541813668017,692.6542755003898,980.6857318431333,883.8993941757864,844.1591852446126
labeled-data,GOPR0086_clipped,img3600.png,920.441248474521,879.6364312377918,924.8556146478518,835.4927695044842,834.9630671182069,870.0050868596156,865.8636303315224,788.9412716766324,957.3614019241966,906.1226282777766,934.0856530102707,874.0181470171891,764.3332083449145,800.9804521493527,479.43154291062973,910.8526310707008,882.2585069637405,842.0840965441884
labeled-data,GOPR0087_clipped,img0000.png,1297.784779192457,761.6897747817542,1266.0198534557076,788.9168539846825,1317.2326929088345,731.2213766260963,1335.38407904412,790.2133815657743,1215.9577713126469,765.2715598916395,1249.9064864056338,763.460961753347,1409.0665233682125,702.2706387423688,1394.3384872715856,436.745664697866,1308.5180872040164,753.2401880508789
labeled-data,GOPR0087_clipped,img0269.png,1271.833251953125,727.8120727539062,1256.495361328125,778.9218139648438,1314.5865478515625,729.2718505859375,1341.280517578125,789.032470703125,1246.720216563349,744.8464366932743,1258.4140625,748.4686889648438,1419.93017578125,717.585205078125,1697.802001953125,536.1820068359375,1315.703857421875,752.9302978515625
labeled-data,GOPR0087_clipped,img0372.png,785.0603622996164,826.9528813487225,698.2022318265314,829.3003983885357,892.1071393150941,903.4819368466299,823.0901383445887,916.6280322695833,637.6362921993532,759.8138940100677,688.3426602593163,788.9231053037502,931.5454255839543,914.7500186377328,1227.399585551489,894.4180045324249,824.572344767753,862.1542675694517
labeled-data,GOPR0087_clipped,img0375.png,775.0804904673636,814.910947460454,695.5682373046875,832.2645874023438,799.20361328125,827.0744018554688,817.8317260742188,917.7800903320312,600.466552734375,730.5376586914062,651.5006713867188,762.2445678710938,898.482177734375,890.2811279296875,1186.1036376953125,959.9365234375,774.9480017890644,836.5148431736997
labeled-data,GOPR0087_clipped,img0468.png,616.3502197265625,629.826904296875,572.2347412109375,601.2299194335938,665.7992553710938,724.6148071289062,576.8524169921875,724.054443359375,573.67138671875,549.1495971679688,593.1255493164062,589.754638671875,665.570068359375,796.881591796875,631.2124633789062,1034.90185546875,630.4374389648438,688.5711059570312
labeled-data,GOPR0087_clipped,img0487.png,609.406982421875,614.8135986328125,547.4091186523438,661.615478515625,668.873046875,719.16259765625,578.148681640625,721.2574462890625,492.9597473144531,633.9074096679688,532.7752075195312,632.4956665039062,688.4794311523438,762.8026123046875,656.3253784179688,995.304931640625,619.5023803710938,676.6065063476562
labeled-data,GOPR0087_clipped,img0516.png,457.66239387617793,657.0517603617891,452.62242034684743,712.4914691844244,617.4670099790467,641.221197042262,615.8866855637932,737.6209863727307,394.11449262320684,726.5587154659556,448.1444527333657,700.8157421991035,702.8724814713908,694.3669313449764,823.251979563692,911.5734582990096,570.2838883017621,682.8538182419492
labeled-data,GOPR0087_clipped,img0531.png,459.1963195800781,693.3155517578125,567.6893920898438,750.0986328125,622.5545654296875,641.7462768554688,614.4696044921875,737.0888061523438,507.8112487792969,779.1168212890625,528.5264892578125,746.74609375,721.5362548828125,690.2369384765625,825.2064819335938,931.162353515625,595.9677734375,696.9367065429688
labeled-data,GOPR0087_clipped,img0563.png,506.2591748996171,768.4003409725252,548.105712890625,837.404541015625,541.5829333337879,747.9797042409554,631.45849609375,741.7154541015625,507.63568115234375,896.1388549804688,526.9776000976562,864.9069213867188,649.6244506835938,688.5894165039062,868.17529296875,809.0790405273438,567.8103637695312,780.5396728515625
labeled-data,GOPR0087_clipped,img0580.png,470.46991755383544,847.0051782649241,528.6176017652506,906.7387084093778,518.0452955449932,765.0698050579299,573.0212878903312,830.0894883125123,497.9579137265044,937.9270117591368,505.35852808068455,912.5534768305193,621.125281192502,743.3965773064025,898.3565879267503,782.9688720709798,532.5201132537022,831.7053149804188
labeled-data,GOPR0087_clipped,img0808.png,543.1145146360398,857.8605615642384,591.0813271599848,862.0358582342409,522.202638633289,770.8861681891613,594.8205300342204,841.4047307303631,595.4862700338506,903.4567079496326,587.2693355121921,876.4582088070405,633.636323170122,720.3364528955298,931.1406076103345,676.02675680567,566.5774328842809,809.1402106177757
labeled-data,GOPR0087_clipped,img0823.png,564.6500244140625,903.5254516601562,596.739501953125,857.9613037109375,521.991943359375,763.913330078125,573.38565407803,818.6691378703885,687.29541015625,925.4415283203125,650.76806640625,900.094482421875,576.351318359375,732.470703125,798.679931640625,632.1083374023438,583.7851430335795,836.3444056892428
labeled-data,GOPR0087_clipped,img0918.png,713.6914214546559,818.0330992311091,663.6382216801469,802.107081121038,705.1596260385463,894.8192579760945,633.4925445432267,877.1868807828015,678.42666706807,755.4665995129728,693.2151124559931,791.8689266217067,657.3815717083332,935.7718759734199,418.3937178857624,917.7007420086271,682.5196595054722,860.4389593114548
labeled-data,GOPR0087_clipped,img0988.png,713.4581877470396,816.6662684623968,660.6350372506638,803.1670188911007,704.654329330977,897.0748419957689,635.3973097912842,877.1194295860269,681.17737355481,765.6038896492335,690.5681558652768,800.8193233134841,649.4834832569845,940.5072101816779,432.32164232743935,934.051047343232,679.2208730684292,869.6150476964053
labeled-data,GOPR0087_clipped,img1142.png,918.4094848632812,634.6162109375,887.6875610351562,541.0299072265625,843.555419921875,737.9829711914062,789.1101684570312,678.0004272460938,959.7572631835938,499.3095703125,940.9849853515625,539.973388671875,790.4744873046875,739.8497314453125,485.1549377441406,783.58544921875,865.53662109375,646.5191040039062
labeled-data,GOPR0087_clipped,img1184.png,1258.5814208984375,342.4434509277344,1169.407470703125,345.5510559082031,1096.0699462890625,452.4925231933594,965.1318949697722,465.5374229910528,1312.0615234375,304.5377502441406,1274.4854736328125,318.0174255371094,1006.4691162109375,498.6907653808594,755.2879028320312,647.7275390625,1117.8194580078125,401.6749572753906
labeled-data,GOPR0087_clipped,img1234.png,1450.9733431077843,239.041426602174,1356.803855925256,188.80512404089586,1278.009346572514,330.0757532354568,1245.8388072509804,263.86971579114106,1365.1961705308734,172.0204948296609,1364.7299308305614,196.26495924588917,1200.1473166203964,341.26550604294675,926.0577715943759,362.1110123899026,1303.61698191278,272.8463852188697
labeled-data,GOPR0087_clipped,img1474.png,1246.06103515625,540.2913818359375,1323.9017333984375,470.5008239746094,1234.9676513671875,407.6566467285156,1335.2391357421875,353.6226806640625,1289.170654296875,620.8587036132812,1286.7529296875,570.0556030273438,1216.0255126953125,312.1813659667969,990.1361694335938,143.42425537109375,1280.028564453125,436.4258728027344
labeled-data,GOPR0087_clipped,img1520.png,1263.8929208926352,569.2891051768787,1322.9909839243858,604.2889289141292,1239.7946815981347,409.20794414912666,1335.0401035716359,360.437697957876,1369.4661597066365,680.0262524111301,1333.892568367136,639.2887526513796,1231.7619351666347,361.585233162376,1076.677427308959,148.28236642433563,1282.2389117091402,485.0121196700417
labeled-data,GOPR0087_clipped,img1681.png,1439.3124750773766,190.03201217087354,1399.3953164161999,186.04029630475586,1380.0710748155307,339.07092495093065,1333.5991762986866,316.1367412672933,1472.4113406996494,133.87033409733343,1433.351270280473,173.95147678141996,1294.3696515766753,339.07092495093065,1077.072280431451,392.92105776693904,1373.4358177491918,259.5114885025857
labeled-data,GOPR0087_clipped,img1718.png,1441.7847597108819,213.79225220868108,1396.4467299828018,202.8820993897641,1376.2853253241349,342.2402818415153,1331.3675866013791,318.460117379499,1414.1272679768979,198.76382540174524,1394.6417535489932,224.60331192570584,1280.5614114140253,403.3786282595697,995.3389947727011,416.4784455756393,1344.8686112973096,310.635964278764
labeled-data,GOPR0087_clipped,img2002.png,685.8044261953706,155.9728153194162,695.062744140625,177.19009399414062,836.27783203125,151.50181579589844,958.19482421875,216.06663513183594,606.1901245117188,169.71170043945312,639.5023193359375,174.92074584960938,946.0647531706478,199.72085227328176,1168.4030795258013,330.63273285104174,804.7877807617188,196.95013427734375
labeled-data,GOPR0087_clipped,img2103.png,568.8692023377438,166.64098272297224,562.9624504061605,233.76316376369067,720.8338202139304,158.58632099808602,696.132857590946,211.21011093400926,468.51836598413684,278.57765054810073,521.2559023090059,265.1535503926795,787.820176823799,202.82737109965234,1036.3194795801664,291.56848760017135,657.7725672982158,209.9030780262937
labeled-data,GOPR0087_clipped,img2117.png,574.3130493164062,171.0988006591797,571.0213537758447,237.87416389875446,721.6187133789062,156.91156005859375,691.6095581054688,213.19003295898438,511.17962646484375,172.2984161376953,540.8936767578125,187.32159423828125,798.4110107421875,191.8190155029297,999.1423026479263,251.52738306719854,654.8732299804688,198.29364013671875
labeled-data,GOPR0087_clipped,img2188.png,573.7356087518727,161.8409704428036,513.5029003772977,171.23209164099003,717.1124673060158,162.7729284558908,691.7150328131265,212.15682885873116,,,527.5723543313047,133.14258821418662,748.6240989916378,233.3213576028056,957.6226778442269,330.37109551911544,639.9831986047429,183.07204823318193
labeled-data,GOPR0087_clipped,img2257.png,594.380868403412,396.08221775046076,654.3208336369273,379.22790280473026,588.3067626953125,326.69635009765625,693.4912719726562,248.38111877441406,619.8546752929688,495.19677734375,628.276123046875,445.7886962890625,657.2852402679343,256.5227146305901,875.0195922851562,154.3770751953125,640.2308746368781,362.5343371093987
labeled-data,GOPR0087_clipped,img2344.png,562.3609399128795,559.2335446601229,603.0934325508531,573.7410077914559,574.078506288187,473.8627039257401,662.7972231298005,514.5951965637136,542.2736832694955,605.5458308101474,577.9843617466229,577.6468632498918,667.2610579394413,413.04295464438246,878.446100851459,189.47351918413352,624.55516576576,510.4151918267223
labeled-data,GOPR0087_clipped,img2519.png,545.1843872070312,781.275146484375,621.2046508789062,815.7142944335938,518.5639038085938,683.6054077148438,575.931640625,709.4537963867188,635.6173095703125,859.4608764648438,623.5274047851562,827.6129760742188,558.3886108398438,626.8711547851562,746.97021484375,455.0860290527344,578.1458539464754,744.000897863192
labeled-data,GOPR0087_clipped,img2679.png,616.2653481250941,978.2382912504394,656.1541087294814,988.518899653632,595.2929069825811,893.93730234426,679.1826715526329,928.4801465789872,680.8275688971437,1011.1362381406558,677.1265498719944,989.7525726620152,633.5367702424577,834.3097736057429,719.3465572849532,595.9223811472898,650.9011083426931,925.1298488672967
labeled-data,GOPR0087_clipped,img2726.png,646.8611753933413,1008.3825683672367,688.7511723594489,957.3902305501373,590.8561401367188,894.6142578125,672.7918701171875,877.9903564453125,738.8109741210938,1001.2913208007812,721.8350219726562,976.3801879882812,631.8743286132812,804.9846801757812,523.6448974609375,574.1192626953125,657.9256591796875,898.9800415039062
labeled-data,GOPR0087_clipped,img2907.png,760.4072265625,1001.7827758789062,850.6878774909626,988.2992370991722,708.0407104492188,983.6316528320312,678.5480346679688,930.7713012695312,887.46484375,1018.4561157226562,858.8560180664062,999.614990234375,644.9557495117188,917.7964477539062,581.8191528320312,740.180908203125,751.3692016601562,948.9246215820312
labeled-data,GOPR0087_clipped,img3022.png,1253.9081614510158,1015.8697119002147,1292.1727294921875,1012.382080078125,1191.7862548828125,1015.7184448242188,1250.1121826171875,949.3942260742188,1237.3367919921875,1078.3817138671875,1244.6241455078125,1050.5540771484375,1153.6719970703125,915.8390502929688,1123.47705078125,862.1878051757812,1232.680419921875,982.4706420898438
labeled-data,GOPR0087_clipped,img3048.png,1185.4810310431938,1001.8884298688307,1231.777379667358,1021.1477108964831,1154.3698847677554,975.2217330613121,1250.295919117024,948.5550362537934,1106.7476521275294,1032.8076462088713,1129.589575251475,1018.2363493490307,1186.3003194233734,893.6201450527785,1132.6025745907987,798.0381592507954,1190.5211429827505,958.3289187555446
labeled-data,GOPR0087_clipped,img3172.png,833.5223438205853,652.3157102772801,767.056718503434,638.142893114064,857.0433687104244,775.6824805872475,793.026178419732,763.1183591283266,794.2227614158196,567.4770392679862,797.2142189060389,615.3403591114945,863.0262836908629,803.8021809953086,1046.7409938393096,1017.8766526240274,821.6316770271976,712.799040347206
labeled-data,GOPR0087_clipped,img3188.png,816.5216064453125,511.5966796875,735.0349731445312,590.9295043945312,822.4400634765625,651.8179321289062,757.7191772460938,690.422119140625,783.513916015625,440.1402893066406,777.3219604492188,480.3480529785156,824.7276611328125,731.862548828125,960.4121704101562,967.4752197265625,793.7418823242188,601.7947387695312
labeled-data,GOPR0087_clipped,img3218.png,790.5157228397425,360.5941947961692,746.4958095757231,461.2897463876134,824.0809067035573,516.3146379676375,749.2470541547244,496.5056769988288,698.6241539011022,322.0767706901522,723.3853551121131,356.1922034697672,812.230247429931,594.6372558733888,748.8119206405499,872.7690827607618,794.2506616531017,459.4650679735623
labeled-data,GOPR0087_clipped,img3245.png,715.2008056640625,308.7891845703125,705.9512329101562,378.84466552734375,788.7610473632812,380.165283203125,742.873291015625,457.9531555175781,632.9638061523438,293.2413024902344,668.6624755859375,316.7411193847656,830.9675903320312,474.8184814453125,981.1736581617713,720.7443361190071,752.080322265625,390.7085876464844
labeled-data,GOPR0087_clipped,img3384.png,467.71931654587956,286.01879744303943,458.02907957796,340.5263803875871,667.5804540092211,269.6665225596751,637.2984634844724,352.6391765974866,322.36576202708574,371.4140107228308,382.9297430765832,355.0617358394665,700.8906435864446,330.8361434196675,753.1325724747142,398.5644622325719,565.6533751022092,316.32746918720227
labeled-data,GOPR0087_clipped,img3426.png,500.73309326171875,341.376708984375,542.0347900390625,392.67596435546875,668.2383422851562,267.7566833496094,628.2149047851562,356.607177734375,467.483154296875,439.8405456542969,501.1130676269531,414.8868408203125,756.33837890625,330.9534912109375,922.5839233398438,490.407958984375,621.1288452148438,337.0557861328125
labeled-data,GOPR0087_clipped,img3469.png,499.24203354315205,341.31069069604007,535.3824399574132,396.6276392892969,664.4553200083458,269.0298778675178,629.0524729086613,356.0618769875752,513.0034974821247,455.75961080024854,537.9145622505047,422.1296733629356,746.544729685687,321.2398610509967,973.0354888698159,418.78920174478793,624.0107227953631,335.56869011312165
labeled-data,GOPR0088_clipped,img0001.png,707.0326420210104,562.0143890833701,612.9993450783686,507.56928861611374,774.3176832653138,802.9353468940528,668.1165622281188,702.3237585430261,627.3511496863146,426.36328038711383,641.293264519264,478.32934476447076,736.1889202471174,761.5970182198924,653.690070898736,980.7606281049863,710.7938413416622,632.9575797155549
labeled-data,GOPR0088_clipped,img0012.png,653.9377316924565,483.8575429292526,614.1215096492409,512.188316306156,705.3885967144574,598.7454455832287,664.6575066622562,686.753693731735,642.837279848577,388.5439272781189,633.381848229316,441.6398125247383,743.9629837261239,702.9959280483112,750.9378210530576,973.4965725534655,666.5452924705467,570.0881218386838
labeled-data,GOPR0088_clipped,img0036.png,661.4423999946864,328.7801045444911,582.6157618602808,354.10593205755316,654.0034615425225,445.00317159163546,608.8665324391692,541.6643310865525,628.454256389681,283.6173590428535,631.8608170767266,321.0895266003543,678.8752641735555,539.6693057117265,717.3655520683174,784.537269844282,630.9513376585578,411.88331277617664
labeled-data,GOPR0088_clipped,img0068.png,659.7934339804834,159.2055289706317,594.3434284213813,251.53678681293653,659.4038506140603,320.88262603627095,581.876760695838,334.5180438610839,626.2786099674586,138.19769528975488,627.0790815893229,161.61149022928586,656.0440101399228,399.5328577817988,564.528067360266,608.4376882319336,640.2458894415366,272.45127877192084
labeled-data,GOPR0088_clipped,img0103.png,662.5538148503192,155.35268944192086,604.3999529490945,154.47241628889162,656.3745964356973,315.6261670711786,587.2445904221138,334.5500234659584,611.1161466657795,115.34701356670463,620.8905033300665,152.0008510577807,672.6945936507873,329.40542451458884,579.610178276449,519.2419919995859,629.4249307408475,234.2452751729384
labeled-data,GOPR0088_clipped,img0131.png,497.177978515625,225.36856079101562,530.982636753954,252.76232638054532,665.543212890625,317.006103515625,585.6243896484375,334.439453125,473.00054931640625,272.0909729003906,501.33251953125,262.7893981933594,676.7697143554688,394.2046813964844,634.968994140625,586.2072143554688,605.686767578125,287.81854248046875
labeled-data,GOPR0088_clipped,img0151.png,476.03911806855194,300.96600510827113,513.7459522588438,342.6472002080201,662.0363721325723,320.8059755754554,582.7182405722059,371.96042274119895,454.54473812320805,374.834268087589,490.1804204184451,356.4416578706925,694.7982090814194,411.61948852138215,614.0970070415278,644.9062222931641,580.1510083597307,324.87798468815043
labeled-data,GOPR0088_clipped,img0160.png,454.74561710575693,366.1812786525288,502.19132996839664,354.04400326906284,666.6544061045088,323.79755832258604,588.3230658128628,376.18164214262424,425.7855347076976,427.09701333219414,463.97206309987496,407.51417825928263,688.38164988675,394.2530308309608,657.746054861371,647.7508921745083,574.1872779360037,352.97576057409
labeled-data,GOPR0088_clipped,img0402.png,626.07204114597,309.7330083325012,573.2845912010514,306.9780710346402,670.6151014686401,318.6928838266819,615.1507727052922,413.4495338497562,644.3381097758158,256.7667868468968,637.9011861996994,289.8709652383526,709.477173548371,435.24516803270893,647.8430640982629,560.0542396691778,641.679653153252,357.4321048519475
labeled-data,GOPR0088_clipped,img0477.png,627.2384643554688,310.0326843261719,577.2200927734375,314.5790710449219,670.9692993164062,315.8636474609375,616.9708251953125,412.9973449707031,658.9457397460938,243.89491271972656,642.34375,273.2150573730469,710.6189575195312,440.97528076171875,573.7846069335938,515.67626953125,645.4238891601562,356.1400451660156
labeled-data,GOPR0088_clipped,img0701.png,487.0768486010231,302.09769612369206,463.6155696275278,313.44881756384325,673.7673950195312,322.9957275390625,611.864013671875,414.5250244140625,468.43568844132693,278.4018256370819,482.17229380813023,302.2577502740345,686.1353149414062,413.05120849609375,802.5465698242188,544.9274291992188,586.2683715820312,351.82159423828125
labeled-data,GOPR0088_clipped,img0749.png,485.456440496098,235.72972087929682,459.82055191306085,313.13038448577436,669.9353083610567,322.98238534574415,607.8675199361211,415.0139336999591,490.152748785381,290.0222494235369,503.42241389691895,297.72721626249444,677.6402752000143,394.8954091760144,,,590.8339574503107,342.36252280427414
labeled-data,GOPR0088_clipped,img0758.png,591.86767578125,327.8918762207031,572.2553100585938,377.52679443359375,673.6729736328125,317.93743896484375,663.772705078125,424.3684387207031,544.3818359375,360.4346923828125,575.8930053710938,363.5677795410156,766.3351440429688,419.67578125,709.6870727539062,659.1885375976562,655.1416625976562,371.0229187011719
labeled-data,GOPR0088_clipped,img0791.png,630.498112742298,336.26939609970134,587.2791302816781,351.3457853301501,675.2247341259626,320.1879142538893,658.1381596647874,424.7175462516674,615.4217235118492,306.1166176388038,620.4471865886654,333.2541182536115,764.1754305856105,444.3168522512508,775.130669922038,648.0881159309334,687.8634598726533,387.8752676340386
labeled-data,GOPR0088_clipped,img0884.png,581.9113802938009,363.19077996001386,577.9506515039945,389.21842629302694,674.7055976549782,310.5696688954438,656.5994089015778,424.8649854012841,537.2117268088435,388.65260789448325,576.2531963083632,389.21842629302694,756.749265443824,421.47007501002156,778.4771372776322,646.0103686112532,658.6994111243459,386.4818425378825
labeled-data,GOPR0088_clipped,img0916.png,579.4790517237138,392.60156101890163,576.8338135074464,408.2084664948795,671.2153966001313,313.01177307895534,656.2938756568777,422.43625999614795,542.7181657374443,433.236304249139,585.5197896919825,423.26311031798446,767.0548261044021,412.0398788431875,777.6329647877046,629.6379127266506,643.351242119339,387.15651247904634
labeled-data,GOPR0088_clipped,img1013.png,645.8534545898438,682.5211181640625,747.8549194335938,690.100830078125,578.6057739257812,526.985107421875,688.8604736328125,509.7118225097656,730.0638427734375,749.0138549804688,716.9176025390625,701.4930419921875,636.5034790039062,464.1800231933594,876.158935546875,330.849365234375,676.005859375,589.7274169921875
labeled-data,GOPR0088_clipped,img1028.png,741.2147226486452,784.6687613940153,746.857818026728,719.2088550082541,616.838917945671,604.9668349367024,733.1936288196748,647.6959660486247,855.4243391461341,831.6225608135771,815.0191448116864,796.6960368973596,671.4508254829581,566.7300996991069,804.422597355686,295.3248677927422,708.4861807414218,687.8690236494695
labeled-data,GOPR0088_clipped,img1032.png,743.3797607421875,780.3374633789062,875.5346069335938,816.26025390625,674.0958251953125,718.7134399414062,732.0145263671875,650.9915771484375,887.1683959960938,870.5482788085938,857.05322265625,834.2002563476562,682.5843505859375,630.740234375,885.2085571289062,866.8564453125,761.9293212890625,719.3543701171875
labeled-data,GOPR0088_clipped,img1137.png,802.1185067618648,979.8424301369582,877.3448954918593,995.883351263207,871.2604081681097,905.7223118294635,919.3831715468564,833.8147343669689,720.8076307081207,999.7552977419567,766.1647180306175,990.3519991507073,859.0914335206107,814.4550019732201,841.8055814553273,680.1603449232866,872.0483027454045,919.119037388336
labeled-data,GOPR0088_clipped,img1160.png,789.1670532226562,938.249267578125,810.0440161459015,1005.8803234246122,837.299560546875,878.0437622070312,921.76025390625,831.0498046875,728.4954223632812,938.808837890625,771.3675693554645,939.643809955511,850.7990112304688,786.477783203125,803.4398193359375,670.1453247070312,857.3196411132812,892.8679809570312
labeled-data,GOPR0088_clipped,img1216.png,763.3977504668104,947.8640152803055,846.4465104388548,941.0202395668362,787.9604418561066,883.1277248175574,869.974840705579,899.2089794939245,832.7587366438811,976.6070825360258,819.1576817845173,943.1618656687378,832.3813370164021,828.6748262238659,821.7501442816204,668.7625880474901,822.1451137320611,895.0247670516092
labeled-data,GOPR0088_clipped,img1490.png,943.3274401994374,974.398891354023,972.8325052749398,951.8602999769032,831.8638610253178,975.2184764950092,867.5158146582163,908.422287504636,992.1838109018515,969.2389181283822,961.7491344769389,955.8849274521451,782.4053528801015,915.1584128259312,519.7200939889048,955.4041629133712,887.2157415097734,935.924277857091
labeled-data,GOPR0088_clipped,img2082.png,1068.6522216796875,1023.0463256835938,1077.5394287109375,976.9651489257812,839.5936279296875,977.9229125976562,873.5917358398438,909.6181030273438,1140.8890380859375,960.5444946289062,1106.27880859375,963.2120971679688,842.0239868164062,917.6565551757812,570.832275390625,937.6724243164062,959.7288818359375,957.8616333007812
labeled-data,GOPR0088_clipped,img2098.png,1139.3101902309625,1014.9779556248557,1108.0025924737529,947.831397277156,844.7037490328078,968.5276192805961,874.9848401523195,909.0217541736487,1201.2670694092096,909.1207371367143,1167.3713678690922,930.4483695664511,874.9866503087403,935.2779501858383,776.8655333730301,887.8610461917938,1008.3677813249635,964.4586801235484
labeled-data,GOPR0088_clipped,img2130.png,1235.0868918489218,875.9779664954884,1165.7080489532511,806.5715969421631,1159.8781008233145,910.4531574465824,1082.78955078125,874.7650146484375,1220.8088695677895,752.280760366809,1205.0189208984375,788.58154296875,1047.5732421875,926.2925415039062,737.594970703125,941.8155517578125,1139.0482488865555,870.8642369500783
labeled-data,GOPR0088_clipped,img2147.png,1213.2818387561356,805.5750109188264,1128.0682873453509,777.0263084157209,1160.5099947352437,910.2535867635465,1081.7847848024376,876.9467671765901,1177.3796825779878,693.975537497596,1164.4029996220306,740.6915961390412,1079.0991318397605,925.3284981483343,787.9626386696382,979.8377853015772,1134.0006170990796,840.8262786830767
labeled-data,GOPR0088_clipped,img2187.png,1275.32568359375,470.875244140625,1181.6488037109375,481.439697265625,1195.172813124314,709.8806387867561,1156.1541748046875,537.4492797851562,1311.0294189453125,377.54449462890625,1277.6767578125,405.5105895996094,1131.2774658203125,645.6514282226562,937.7766723632812,886.4736328125,1202.130615234375,528.322998046875
labeled-data,GOPR0088_clipped,img2192.png,1278.14128990434,471.3814992008634,1234.3285562993462,383.7560319908755,1247.3539635873174,537.6926635759894,1156.1761125715193,536.5085356407192,1337.3476866678454,365.99411296182393,1301.324913410849,393.9903697136585,1159.1364324096944,614.0689154009112,964.715692644161,869.0107070124376,1220.9931173867371,490.61868501227866
labeled-data,GOPR0088_clipped,img2195.png,1278.2071376994227,470.8367038040576,1224.3217794189168,366.2991087398762,1254.497580056,511.25072251443703,1156.4262279854793,537.654548071885,1345.02498196725,356.5997442493852,1304.0721096740656,380.30930189280775,1161.81476381353,608.7832210021527,980.9553303003698,872.4310930609133,1221.6214246613627,462.8001070439559
labeled-data,GOPR0088_clipped,img2247.png,1331.246682798042,178.34581923379432,1282.4202756159123,177.66018962177594,1342.746820466062,362.02281916439085,1225.837760694139,381.2671088387814,1252.779766238286,165.73106448560642,1261.9208038336214,190.26753382045447,1270.5574797205113,414.179095800964,1186.6267450053635,681.8000123807304,1293.5374279551643,290.1986360100421
labeled-data,GOPR0088_clipped,img2270.png,1097.64892578125,157.55772399902344,1134.5076904296875,201.62542724609375,1344.652099609375,354.7847595214844,1230.3675537109375,377.578857421875,1021.1085205078125,153.3267822265625,1055.45458984375,170.0917510986328,1269.6439208984375,370.3484191894531,1313.5123101449656,659.6086559838938,1219.8443603515625,285.4314270019531
labeled-data,GOPR0088_clipped,img2274.png,1093.3270063177245,149.57431467339615,1022.7104062821169,202.9802878897852,1342.6972613848948,353.05772373513423,1238.7264182138304,378.81196929126946,985.28050940143,151.2424592715568,1030.915631095821,172.76145974533466,1256.875080110564,351.5846602844361,1378.197621440417,634.7435798185836,1174.0542824832467,242.71086709432865
labeled-data,GOPR0088_clipped,img2287.png,1061.1947955027258,176.18953286127322,1005.298945326673,196.09764388288102,1199.649100250866,243.63912738378258,1227.7807159278038,369.54888772384714,908.0654711770889,147.4926615612879,962.7504361181445,173.57318330240673,1197.111392294788,327.84799082930414,1380.9199817314577,547.5921767322457,1094.8189495552458,235.32523070237067
labeled-data,GOPR0088_clipped,img2301.png,971.4225463867188,148.97372436523438,1003.630859375,197.56005859375,1196.712646484375,219.8229522705078,1141.298583984375,311.7513122558594,848.7844848632812,163.28709411621094,890.3212890625,170.600830078125,1169.79248046875,288.69097900390625,1343.3531494140625,420.98394775390625,1084.0836181640625,223.16773986816406
labeled-data,GOPR0088_clipped,img2326.png,971.9620338387817,149.86207873833808,926.1483848429855,172.5992799788408,1187.7542264628182,235.06162125985895,1141.7307863246692,312.57478359779395,857.6615656811077,158.46291757142558,898.8082750651893,168.47157661079683,1157.2881698814394,293.191105207193,1321.8156064795003,412.41847916894085,1065.7236367460305,217.6674312480917
labeled-data,GOPR0088_clipped,img2337.png,970.8286079396598,148.85674683996214,965.810302734375,199.3530731201172,1189.6180419921875,235.06781005859375,1140.0411376953125,315.2282409667969,847.349609375,215.74490356445312,890.5962976353538,215.5542930428453,1168.114501953125,296.0496520996094,1385.2064208984375,432.0279235839844,1065.6907428210206,232.9290268791167
labeled-data,GOPR0088_clipped,img2338.png,969.036851430393,144.474590298169,965.8568279370248,191.82160675498358,1190.0149057460676,234.53264740991017,1139.7395113419154,315.27797781657875,840.3616994809578,219.8263313331726,892.536737487772,219.47849774646048,1172.6393636996809,301.5284891018914,1392.1468532134359,431.85640168662155,1058.2986312146575,232.6595798774366
labeled-data,GOPR0088_clipped,img2457.png,724.1763258898136,197.0594817558614,648.8243691561896,221.43805599321036,862.4749432871856,181.77603447543873,978.83960494036,269.6428524413759,653.7629762273021,233.34697936390074,691.5595149022685,231.357687854692,965.7167859947775,234.3086828413252,1268.1408835528491,279.9799679795217,832.9528954845175,226.4392567835294
labeled-data,GOPR0088_clipped,img2576.png,892.373779296875,200.95716857910156,835.3091430664062,250.32545471191406,931.2532348632812,210.4702911376953,920.7875366210938,285.1829833984375,891.3851928710938,157.19009399414062,885.8821411132812,182.96847534179688,998.2562866210938,301.3576965332031,1284.292236328125,300.0396423339844,911.1842651367188,249.10572814941406
labeled-data,GOPR0088_clipped,img2594.png,928.137451171875,212.86322021484375,838.0506591796875,189.1491241455078,934.2032470703125,243.83407592773438,861.58154296875,271.1433410644531,957.4393920898438,170.781494140625,927.5673217773438,191.8458709716797,895.4500122070312,348.77685546875,1138.619873046875,481.6716613769531,894.6805419921875,235.43511962890625
labeled-data,GOPR0088_clipped,img2601.png,968.0937851636986,210.22008616907786,845.5787655321492,188.5726954823003,930.3259971569804,252.13311920092374,835.445944359615,211.1412517302173,1000.3345798035801,178.43987430976614,965.79087126085,191.79677494628845,845.7853362081403,309.36429525456094,1008.3485871347528,533.4046283894195,902.8297409878007,224.79764595187314
labeled-data,GOPR0088_clipped,img2675.png,1040.090082357969,156.1016781582319,970.502669345148,145.11419189304962,937.1332666138537,255.39599848061988,876.905564123225,202.08634289769847,1041.6597655012813,151.18469182558113,1013.87550385586,168.95887023367652,855.3726846982336,303.8107860420053,787.7864587067803,581.5269942527674,939.8451300257975,211.4411984095139
labeled-data,GOPR0088_clipped,img2694.png,982.1666786919247,237.52154325510665,1038.4938182466387,213.07769024079676,936.998689426352,258.77706761537615,877.4832212175976,195.01049453456773,1108.6370486355281,284.81508495670624,1068.251552351016,267.2792773594839,830.189679515998,265.153724923457,739.2727233205447,501.2640964470867,940.4491977993888,232.86493674478356
labeled-data,GOPR0088_clipped,img2705.png,1058.6473935217227,285.2770505330575,1165.2497447989879,270.9439612856942,1005.34621788309,203.75760543867824,1040.2831229235383,296.47477650756014,1219.688188912498,322.21208871051454,1175.0690160230752,312.62105154736753,937.6401573463786,249.58810026021823,681.0989069311848,371.8090528528718,1075.0526654874056,267.24137736158286
labeled-data,GOPR0088_clipped,img2717.png,1217.93212890625,355.8143310546875,1220.6468505859375,292.4620056152344,1052.6871337890625,300.55682373046875,1187.04833984375,278.9794921875,1340.7008056640625,360.14111328125,1298.2862548828125,352.0960998535156,1057.685302734375,280.17120361328125,758.9552001953125,291.88665771484375,1157.4222412109375,321.3037109375
labeled-data,GOPR0088_clipped,img2761.png,1385.0718994140625,484.3742980957031,1470.78271484375,392.4937744140625,1214.111083984375,359.12445068359375,1254.3245849609375,300.2105407714844,1469.1822509765625,516.475341796875,1439.57470703125,486.7279052734375,1168.4888916015625,325.88604736328125,892.7061157226562,258.1399841308594,1318.1698409473297,379.87940502055255
labeled-data,GOPR0088_clipped,img2769.png,1391.4052277619683,488.0615060012519,1429.913599415585,499.50994081719205,1215.800872170848,361.0709846108595,1257.612730697596,300.72397230421296,1424.5481234436118,573.7517985026825,1412.0261143219764,527.8377650566861,1183.5589640032372,334.96745562753955,894.1632739907366,313.0925593451015,1315.243674569204,413.00721303660725
labeled-data,GOPR0088_clipped,img2775.png,1345.4679045692726,556.9680653172497,1430.4235883460474,498.37793857464635,1217.889077445546,362.9141839691006,1305.5916936429296,361.8120731256839,1379.1197125389144,633.0670425865496,1380.126559453884,582.2212733805934,1213.4972495842394,357.9955865421517,943.8864988310095,250.3055176666595,1315.582237124162,449.6742526608143
labeled-data,GOPR0088_clipped,img2776.png,1346.717041015625,553.465087890625,1427.9307861328125,498.629638671875,1216.75341796875,360.00640869140625,1334.2879638671875,400.0313415527344,1380.064453125,642.3826293945312,1374.4730224609375,593.2599487304688,1217.52001953125,372.4888916015625,963.5311889648438,256.1969909667969,1312.73291015625,456.21258544921875
labeled-data,GOPR0088_clipped,img2797.png,1342.15972554891,736.0607990853838,1417.3752899042665,738.3145510428053,1346.0783737526015,660.3335490019218,1426.2874044232246,585.1375827482127,1381.2819267449545,810.0652693806592,1377.8367193554627,774.751893638369,1335.3057386886462,542.7635489334579,1089.8860320953854,333.3643437254578,1371.9218524241192,670.4210744075226
labeled-data,GOPR0088_clipped,img2800.png,1323.0322265625,802.4033813476562,1416.539306640625,739.772216796875,1345.7840576171875,664.6294555664062,1421.0916748046875,595.7979736328125,1372.0645751953125,844.4505004882812,1361.280517578125,811.745849609375,1341.4232177734375,561.7537231445312,1119.1051025390625,347.8778076171875,1359.8570556640625,688.7539672851562
labeled-data,GOPR0088_clipped,img2813.png,1313.446337301888,787.3573306531334,1379.9550192448828,774.8267094174967,1343.3270494791755,665.4247470909761,1403.0884738337504,669.7622698263888,1346.4916996779793,838.9256513823391,1349.2672499377547,795.9046223558207,1346.4916996779793,568.3095010542388,1375.563846092272,276.4198049280496,1353.5766205610716,703.2766704244895
labeled-data,GOPR0088_clipped,img2894.png,1204.4995544778965,891.8526943469834,1247.4571439144956,929.6553730511907,1230.8468759990105,844.3129620371469,1343.1093763933231,851.7589442061574,1140.349554252575,949.1294802624491,1181.5888401117102,925.0732301779535,1327.0718763369928,786.4634082625266,1449.4261655840673,596.8347799901652,1263.2967312194323,861.4858977969872
labeled-data,GOPR0088_clipped,img2968.png,1194.5251014287933,950.6440287426187,1263.746094142969,944.925772822752,1220.1067726492495,890.4518611650745,1287.8229611739866,917.5383365749694,1142.1579156363298,990.0698985059101,1173.7588036145405,959.070932203475,1297.8548540553309,843.9818465864521,1488.6795798175333,714.8418392069913,1216.8100788236904,931.527785247955
labeled-data,GOPR0088_clipped,img3100.png,1325.0005218549877,1009.3768241823905,1413.586766531935,954.9331946413502,1203.6558221152113,918.0222593592888,1309.3133743601118,882.9568708413306,1352.2977116423629,987.7241204079495,1343.052605398475,980.8323139352331,1248.6353104559425,825.3003643220826,1354.6217771495315,661.5828858248245,1288.9208718960344,929.4534079925967
labeled-data,GOPR0088_clipped,img3199.png,1223.6628357617972,968.6580160716824,1293.122690665829,967.7126901114335,1208.6366824977363,913.4556206456859,1312.5002154750246,884.3893334318925,1215.6686154245967,983.3257940988158,1230.0133299020706,958.5680256127157,1256.3368118138246,847.9435087504651,1337.1380967450539,676.1738897906998,1249.3570916912713,911.7561220828503
labeled-data,GOPR0088_clipped,img3440.png,1339.20618475735,949.2361596653639,1362.164912584012,883.0270924485504,1228.8126220703125,943.4533081054688,1307.9219970703125,888.7386474609375,1405.0850830078125,820.1489868164062,1376.954345703125,844.9712524414062,1214.57958984375,859.2003784179688,1395.274169921875,712.096435546875,1293.361083984375,900.4255981445312
labeled-data,GOPR0088_clipped,img3522.png,1306.8631518204083,929.7044421082094,1363.0350774035874,885.6201460809043,1231.493226354371,946.7693308929726,1302.5969296242176,874.9545905904274,1348.8143367496182,936.814812435194,1325.3501146705685,914.0616273888431,1198.7855228502415,864.2890350999503,1126.2597455149978,949.6134790237663,1275.7828125272206,891.0413222803709
labeled-data,GOPR0089_clipped,img0017.png,646.7731204515071,701.758937509928,578.9375726150936,760.6549170268141,719.3413809276702,828.4904648632275,603.1269927738147,810.6113282241729,592.6098535743707,610.2598264747658,602.6011358138425,651.2766693525972,702.86564334382,871.7331079896335,836.9113248793913,1026.9385563451278,650.5158659870115,758.77563958739
labeled-data,GOPR0089_clipped,img0029.png,662.08154296875,681.175537109375,598.7286987304688,696.701171875,714.733642578125,790.7166748046875,590.9048461914062,791.812255859375,663.2824096679688,614.9713134765625,654.030029296875,650.3201904296875,660.81298828125,852.6787719726562,804.21826171875,988.3893432617188,648.0025024414062,751.9031982421875
labeled-data,GOPR0089_clipped,img0038.png,664.9471309941082,708.5720977152723,613.66490407946,670.2909987508167,710.4510788197817,790.1902898470362,591.2740726096841,790.912574733158,675.7814042859352,645.7333126226754,664.9471309941082,665.9572894340859,664.2248461079864,848.6953656229023,809.9701467307623,993.162674944934,648.7072522506622,749.8781358585761
labeled-data,GOPR0089_clipped,img0086.png,743.0756270105044,729.9267243242051,659.4408527801119,686.4366417244009,690.401079394072,789.3880969115688,637.2964796913085,699.2500263634571,818.271365520463,705.5387289598372,777.7441710104592,706.9362184256993,577.9031773921652,781.0031601163956,679.2609164575897,979.9512716993337,689.1999620825126,724.2866983347905
labeled-data,GOPR0089_clipped,img0089.png,742.4078369140625,729.7485961914062,756.612060546875,696.140380859375,689.5411987304688,789.0636596679688,632.2522583007812,702.2827758789062,812.7755126953125,723.0714111328125,776.7410888671875,719.2398681640625,577.4456787109375,776.5664672851562,672.14306640625,979.4158325195312,687.8621215820312,725.9631958007812
labeled-data,GOPR0089_clipped,img0280.png,748.5971576667512,740.8293941400904,740.9457036348444,696.53150237642,687.3855254114977,793.9868642564946,635.0334715089782,701.3639996597295,811.822330456717,699.7531672319597,778.3975575804931,709.4181617985787,590.0768182992817,769.8377517405588,581.211131171077,967.382544511393,694.4023252576251,729.8710892732946
labeled-data,GOPR0089_clipped,img0358.png,830.9567419811715,709.5502728847385,815.4011630320313,655.1057465627478,690.3582399408657,789.1230421245712,726.255729823497,686.2169044610282,917.7090091975302,619.8065481781604,884.2046853070744,648.5245400842655,644.8880860895327,742.4563052771505,562.684943187858,932.4862513333228,772.3608189192103,709.1533262248327
labeled-data,GOPR0089_clipped,img0364.png,880.2971167145367,662.1191110031695,852.9766049363977,622.1140758994659,807.1171744516643,728.4689253215072,727.107104244257,683.5852274002788,902.738965675151,544.5433371008211,892.9816400401013,592.8420989943169,695.3957959303457,748.9593091551114,550.3248128972446,923.7982282159426,805.7625168755524,674.602683852342
labeled-data,GOPR0089_clipped,img0401.png,1085.7425727656291,473.46953499215084,1008.561417614045,451.70049123144764,981.5150299113532,587.5920977376554,834.4090675284194,561.8650460204608,1124.6629843377955,375.17900407261214,1099.5956006133492,414.759083637527,860.7957872383627,612.6594814621014,595.584502761922,762.6591101238016,964.5017220143893,526.266693294352
labeled-data,GOPR0089_clipped,img0420.png,1165.4163818359375,314.63751220703125,1089.860107421875,302.493896484375,1107.3607177734375,495.0534362792969,991.4306640625,454.07196044921875,1140.7940673828125,222.2208251953125,1136.77783203125,256.4937438964844,1005.4225463867188,527.4898071289062,791.8287353515625,749.974365234375,1076.735107421875,401.19769287109375
labeled-data,GOPR0089_clipped,img0487.png,1318.5561140512598,180.48711299196736,1214.0531871219057,161.9368944726807,1182.6704776657716,393.99956388815616,1063.7216934911494,360.98033617413057,1309.5756543479795,97.11152486787987,1276.7935214858628,149.4368523208736,1138.0998824538312,338.5645419100076,997.7853795596388,569.6951848231978,1201.2475787411163,246.57088030368953
labeled-data,GOPR0089_clipped,img0510.png,1288.436548326868,238.34025326260831,1212.4821159865057,162.38582092224624,1174.1627627337105,394.35476293470344,1063.9946221319242,372.45798964739186,1330.861546571034,212.3378349839258,1287.7522741616394,215.75920581006824,1097.52405622812,392.98621460424647,970.9333356608498,627.0079791123891,1170.0571177423396,294.4507348113443
labeled-data,GOPR0089_clipped,img0515.png,1289.7449373584966,237.6637806716231,1243.1066157746031,193.1215634285789,1176.0312768674307,395.9196584057331,1061.7935902911527,372.8625106563926,1334.5116225359513,244.68771625286877,1293.5444693882282,242.61343001754096,1093.6567718484434,416.253912584633,1052.8002719601916,675.3852915169984,1166.3237459881943,313.1937106133861
labeled-data,GOPR0089_clipped,img0524.png,1303.6799352308417,298.33998236667196,1284.94601665093,216.0093401865334,1181.4164666040492,392.99557098096295,1103.5228051402055,314.1159138023871,1397.3495281304006,328.412851666004,1351.0077295379872,306.7209459418956,1098.5928265665445,377.2196395452478,975.7364864397991,606.0087589335797,1212.725053434638,313.9918869089795
labeled-data,GOPR0089_clipped,img0572.png,1385.2026098306578,360.80206623675497,1402.1934960618437,304.9109931078535,1258.2180916817938,340.23415132531926,1259.5594774368874,257.06823450951396,1420.4740681608905,464.64486442498094,1398.65604014207,428.5612027015469,1176.27998533486,266.604302407994,1059.6374509265497,266.604302407994,1290.0119404001146,317.49307198809856
labeled-data,GOPR0089_clipped,img0608.png,1276.8807121981977,419.86521383495005,1384.0200910893063,363.2807799617238,1279.8011919720882,284.2202901967063,1259.4675737484013,255.5978349730345,1347.6497951604767,481.09003341307107,1332.3489756373554,433.73035393674314,1174.2405072317683,246.47746739187738,1145.8246995459717,170.70198022975273,1274.78874981228,330.9962799957857
labeled-data,GOPR0089_clipped,img0633.png,1261.145263671875,392.0907897949219,1381.521252272922,363.40011585202103,1247.9691162109375,317.8721618652344,1265.07275390625,253.96263122558594,1256.8726297856208,436.93718233824217,1267.7912558518988,416.12728961059156,1191.8387451171875,240.0452423095703,1087.3829345703125,133.68521118164062,1272.5452880859375,321.5487060546875
labeled-data,GOPR0089_clipped,img0650.png,1260.365240733656,394.8300031356663,1307.6870457372193,428.05595132965755,1275.971367915682,338.4465758973782,1377.15948287011,345.9979277596489,1205.9955073253068,413.9600945200855,1229.1529863696037,423.5251402122951,1329.8376778665468,287.6008066914219,1125.5594031730645,155.17960343149042,1309.0682741670207,371.2054522942731
labeled-data,GOPR0089_clipped,img0836.png,1140.6022858459626,417.70283239752735,1192.896018056891,439.23554566085085,1235.3462242045857,350.64381109174855,1312.2487715735983,423.2398158080963,1173.8241863093758,541.3621285668993,1168.9024232777592,493.9901593875877,1330.090162563209,346.95248881803593,1271.7806950123486,165.56874019164817,1232.4071434567063,397.2164685106778
labeled-data,GOPR0089_clipped,img0868.png,1132.1879723446439,415.23245671035113,1176.9552121717818,449.3166052151039,1226.8096383429126,351.6426274104393,1207.4783302357396,451.35147975270104,1072.159173485527,442.7032629679131,1100.6474170118875,439.142232527118,1289.8907490084252,378.6047150336019,1344.9737979126571,179.37287642993624,1183.1479182579503,412.0892277432708
labeled-data,GOPR0089_clipped,img1216.png,1050.5777383423608,391.3005393724735,1006.0965487080286,403.4799127247311,1138.4810416673506,360.58733700591085,1134.2447378926522,458.55186179580903,972.2061185104421,364.29410280877187,996.5648652149574,388.65284951328704,1217.2709222881822,420.5571633091017,1379.160904296224,298.11245610504966,1114.5488524861248,417.27005707543594
labeled-data,GOPR0089_clipped,img1253.png,1061.1218475981607,277.08769777776314,1016.1807367046163,289.9280151759187,1132.237451649484,351.16645199789144,1014.2053032587462,373.88393662539744,1081.3700404183292,241.52989575210154,1067.048147935771,273.13683088602295,1100.912044448801,452.0005519858987,1373.3990645103768,417.87060889126644,1056.1690098566655,340.5138486861155
labeled-data,GOPR0089_clipped,img1271.png,1140.8348388671875,272.4787902832031,1050.2998186312227,263.21295158045524,1132.8602294921875,357.2099304199219,1010.6499633789062,312.469482421875,1188.6728515625,244.1692352294922,1151.6513671875,255.8523406982422,1036.4542236328125,414.1282653808594,1257.7968916795,557.7379425353059,1082.1710205078125,318.34088134765625
labeled-data,GOPR0089_clipped,img1276.png,1140.0239257970352,273.45915935255596,1123.5883946287058,240.5880970158977,1132.6279367712868,356.45859175261813,1011.8267826840678,317.83509350704463,1224.66691131393,244.69697980797997,1182.7563068346908,250.4494157168952,1031.5494200860628,387.68610097244346,1222.2015816386806,578.3382625250615,1084.9648963831326,303.04311545554845
labeled-data,GOPR0089_clipped,img1279.png,1138.7333984375,272.8528747558594,1127.409423828125,239.20474243164062,1131.9971923828125,316.8116760253906,1010.95166015625,317.37744140625,1246.5377197265625,241.80996704101562,1206.599609375,247.2941436767578,1029.8768310546875,371.8893127441406,1205.8406982421875,583.04345703125,1080.725830078125,294.137939453125
labeled-data,GOPR0089_clipped,img1356.png,1227.9625649442712,166.61174509937405,1161.143251930858,165.63596351433662,1130.99462890625,315.72015380859375,1079.9398193359375,232.41505432128906,1095.3604736328125,143.7308807373047,1121.806640625,164.56396484375,1032.4317626953125,338.6109313964844,1094.1678466796875,526.8806762695312,1127.34130859375,253.4581756591797
labeled-data,GOPR0089_clipped,img1382.png,1219.9476329139839,206.03364264964677,1158.8579037621903,172.8008299910711,1130.0235516025439,317.9500264557323,1081.6404861143235,232.42440564322152,1186.226102422194,161.07160199392678,1168.6322604264774,189.41723632035894,1029.957552838027,335.773490378187,1078.3079142250335,495.8328499050484,1126.7242207823078,249.92897712731354
labeled-data,GOPR0089_clipped,img1414.png,1259.795166015625,280.64697265625,1244.6051025390625,220.96221923828125,1132.04833984375,315.335693359375,1126.5611572265625,236.2414093017578,1325.0631103515625,301.6990966796875,1294.16943359375,289.24713134765625,1052.3275146484375,280.491943359375,929.4263605706299,336.5831219811408,1172.922607421875,275.7267761230469
labeled-data,GOPR0089_clipped,img1448.png,1257.3273055406485,279.94492349330653,1274.418319391353,247.81381745398213,1129.486521937379,314.1269511947155,1160.9339874226753,230.03916304924945,1330.9662791450294,318.08394056468535,1295.8375087766703,305.1417620079215,1052.4012930661127,265.0826379036525,911.6989414274083,284.27739275777833,1182.2240189805366,272.71656145678077
labeled-data,GOPR0089_clipped,img1606.png,1167.0701904296875,358.5006103515625,1262.3834228515625,319.6168212890625,1120.8526611328125,287.2911376953125,1220.825927734375,264.05926513671875,1204.759033203125,430.8308410644531,1207.5771484375,393.8276672363281,1129.0772705078125,224.01947021484375,971.512939453125,93.36400604248047,1185.1934814453125,302.106689453125
labeled-data,GOPR0089_clipped,img1904.png,1053.9936784616548,333.6422288288007,1029.7339523768374,337.9233569614155,1148.1784973791814,317.9447590092129,1189.5627359944583,413.5566206376112,1058.2748065942696,257.2954437971691,1061.1288920160127,301.5337678341893,1258.060786116296,365.03716846797624,1486.2395908637207,194.52370463871438,1130.2719234616325,371.43709038563156
labeled-data,GOPR0089_clipped,img2289.png,1054.5603262940094,401.2835255396871,1094.9480752185939,422.2253212783605,1150.2942496708022,317.5163425849934,1189.1861560426241,413.99818723816736,1075.5021220326828,530.6739063536335,1074.7542007563015,475.32773190142524,1241.5406453893079,339.20605960004804,1477.2375637724901,201.78218699469488,1135.9114860320506,370.09125291498066
labeled-data,GOPR0089_clipped,img2314.png,1056.8145412234805,521.149534391494,1140.0918739546294,452.9223220334442,1059.322894618997,375.1633667724317,1163.6703958724847,426.83544672007224,1103.469914380088,586.868393354027,1102.4665730218815,535.1963134063865,1150.6269582157988,330.5146763322374,1310.7445832644535,193.2709521545316,1101.066672574707,433.44746803551413
labeled-data,GOPR0089_clipped,img2343.png,958.9843139648438,600.1962890625,1077.6689453125,582.8086547851562,1060.9927978515625,390.4981994628906,1098.5345458984375,551.3448486328125,931.4525146484375,694.261474609375,963.4349975585938,661.212646484375,1124.348388671875,444.2269287109375,1302.9031982421875,277.24420166015625,1043.7823486328125,535.9696044921875
labeled-data,GOPR0089_clipped,img2354.png,878.5630493164062,685.6572265625,998.3803100585938,664.6705932617188,967.5501098632812,567.0194702148438,1084.0633544921875,577.5651245117188,879.6856689453125,753.971435546875,900.9786987304688,716.9129638671875,1067.9700927734375,502.6104431152344,1322.2052001953125,332.0862731933594,986.3511352539062,613.0958251953125
labeled-data,GOPR0089_clipped,img2419.png,668.3484497070312,671.6629638671875,712.094970703125,699.4692993164062,847.4381713867188,617.2116088867188,915.3829345703125,715.6602172851562,619.775146484375,736.8612670898438,659.9299926757812,714.7577514648438,967.2725830078125,646.1160888671875,1284.0538840817899,542.4392741614984,821.7940063476562,673.7407836914062
labeled-data,GOPR0089_clipped,img2550.png,539.7210793574309,774.6774307316233,642.8637368363547,755.09338184322,702.2686851311781,625.8386591797582,709.449503056926,768.1494144354889,637.6413237994473,816.4567350268836,630.7640621510473,784.4694551758249,786.4800953513122,666.3123602157917,973.7930408497846,557.4424673986656,679.5992044936529,709.9678751474219
labeled-data,GOPR0089_clipped,img2691.png,540.3970205004641,773.5880436280022,664.3297603437683,762.3214309149746,699.7391145847123,623.09828810399,710.2009692468094,763.1261889659052,706.1771789921568,849.2353004154736,678.8154052605181,804.168849563363,774.5816133212531,667.35998090517,974.1616099520287,561.1319181823378,682.0344374642402,697.1360287896002
labeled-data,GOPR0089_clipped,img2695.png,574.903908127344,736.8662286967137,664.6943359375,765.4406127929688,702.0247802734375,621.1447143554688,712.380859375,763.1922607421875,599.5445556640625,798.2479248046875,630.9435424804688,775.4169311523438,792.1187133789062,665.7200927734375,969.5628662109375,551.8834838867188,689.3683471679688,698.6585083007812
labeled-data,GOPR0089_clipped,img2715.png,571.3042558864176,669.761671978529,593.0233281450805,774.2263216753298,704.8927612304688,625.0414428710938,711.8533325195312,763.1810302734375,551.34765625,626.6603393554688,567.8067626953125,649.6670532226562,792.3101196289062,687.5916137695312,963.1243286132812,568.826171875,675.1682739257812,705.3041381835938
labeled-data,GOPR0089_clipped,img2736.png,615.5673828125,639.890380859375,574.2410278320312,708.5706176757812,693.3738403320312,652.6639404296875,718.3740844726562,770.2194213867188,570.0670166015625,604.8772583007812,587.7791748046875,638.2880249023438,779.7528076171875,732.8262939453125,991.3856811523438,697.4547119140625,670.3328857421875,707.4589233398438
labeled-data,GOPR0089_clipped,img2764.png,615.5319415102729,637.7604681053806,574.0897549195695,708.0014623269117,694.2018550383877,650.4038470652563,717.3813831314931,771.2183571262898,576.1969847462154,562.6026042883423,583.9234941105839,608.9616604745529,786.9199674108088,733.2882202466628,1002.2713348217274,724.0457201326778,672.3030170166464,701.977775311319
labeled-data,GOPR0089_clipped,img2873.png,576.3221512359574,657.7325990947024,576.4777933452986,707.5328482425649,697.8675492153287,648.4217002586137,716.6888577702723,771.1532398309887,517.2263896409004,686.241302412657,559.9279047785109,685.6398726219865,778.8483485825984,727.1385281782558,983.8451811493369,726.0259253684964,666.0272802490924,705.8369098023032
labeled-data,GOPR0089_clipped,img3034.png,573.4809759030867,659.7674186816478,577.2046254899105,706.9336467814161,697.6026287972139,649.2170781856469,720.5651345826275,769.6150814929504,537.4856965637898,661.6292434750596,577.2046254899105,674.662017028943,792.4261459986446,718.4276251848578,963.6167868669537,693.8104245595152,659.285159721053,701.6895278902418
labeled-data,GOPR0089_clipped,img3089.png,738.745037810842,635.0150150743725,697.7531703401355,558.5582734997965,689.2103076350078,662.6510891516984,604.1459672719036,596.6666008326549,817.999308932418,638.0062802614532,782.2245863498041,618.1314343822232,598.5810104257191,659.4711138110215,743.2698884265133,870.9394739660285,690.8002953053463,607.0015206898545
labeled-data,GOPR0089_clipped,img3093.png,739.2789916992188,635.8190307617188,701.124588875934,561.6273941178808,693.0372924804688,661.0537109375,676.3683471679688,570.5496826171875,846.89306640625,642.1575317382812,804.0675659179688,627.672119140625,595.166259765625,656.5716552734375,716.0258178710938,863.3954467773438,709.824951171875,611.3062744140625
labeled-data,GOPR0089_clipped,img3117.png,786.4370051082402,713.5909273626088,828.4274262996951,654.40442892132,695.6577135800472,681.9981342757046,672.0630959581821,567.6242251256465,914.0079037756127,728.387551972931,870.4178474911499,706.3925694440736,640.5793550648207,610.527830344842,380.7455651588505,800.5914359242089,752.8532149007337,641.8041198705606
labeled-data,GOPR0089_clipped,img3153.png,1036.933153947987,816.4803627047423,998.8139287768595,749.993342057427,848.3812910630677,749.1039690618525,984.4966138885392,705.383633687632,1132.1553115109768,813.3796464589775,1089.8071098606288,799.6450945723782,862.6377106788848,681.967835126676,536.4968868861268,627.9031171383662,963.0304357081781,757.4792448209059
labeled-data,GOPR0089_clipped,img3163.png,1062.8489295470379,831.0915987365735,1166.7521701645255,821.350669928684,994.0130326379522,823.9482509441211,1000.5069851765452,720.0450103266335,1216.1062094578322,884.9914048068952,1169.999146433822,857.0674088909454,925.1291440633253,726.8847111381211,615.3985082847856,607.6973330950306,1049.9283941044077,786.6511508094334
labeled-data,GOPR0089_clipped,img3186.png,1200.2552490234375,885.858154296875,1252.2542724609375,841.9812622070312,1009.477783203125,836.8084106445312,1155.315673828125,800.3729858398438,1305.7078857421875,912.190185546875,1268.62060546875,887.2695922851562,1027.2911376953125,757.5949096679688,722.581787109375,629.2579956054688,1123.784912109375,832.361328125
labeled-data,GOPR0089_clipped,img3245.png,1146.51416015625,1000.7894287109375,1198.2685546875,988.2232055664062,1054.805908203125,870.890625,1154.474853515625,805.615234375,1230.4251708984375,1006.513427734375,1202.1151123046875,990.2733154296875,1078.803955078125,796.0328979492188,913.6599039843275,593.9609949097771,1130.3538818359375,898.4876708984375
labeled-data,GOPR0089_clipped,img3283.png,1412.4132868197296,954.7408186466129,1418.6676809639066,904.2245582513375,1206.820916048587,960.6514451543703,1282.2811375074227,881.2196330924378,1497.0058973451094,941.4550760160967,1441.3724864372462,933.6388116736696,1185.3576765603664,900.7493693796125,926.8153535294484,812.6244843225818,1310.7297315341473,930.5675920789015
labeled-data,GOPR0089_clipped,img3312.png,1419.3744050264213,948.7303600744517,1421.2853111357476,888.3457270197393,1223.697619431404,960.9601591741402,1284.4644337079817,881.4664650261645,1441.9780267662181,857.2250830983108,1405.623204417042,876.8763384221899,1161.1495786357677,894.8297593553834,869.81468417893,876.0602843623658,1292.7477183142712,919.0556714355673
labeled-data,GOPR0089_clipped,img3427.png,1348.1495784188894,715.2187173992652,1267.6644343284536,730.6410204585104,1365.0177223899389,813.5358994019532,1257.0616009752225,798.5955433133095,1398.7540103320378,611.1181717493602,1377.0663966549741,649.6739293974731,1309.5938207707763,852.5736040206676,1151.3675192844107,1029.3412751677188,1313.8100208474348,761.1904069310951
labeled-data,GOPR0089_clipped,img3554.png,1475.7967024183608,638.0287720887391,1465.6002197265625,600.0209350585938,1366.28369140625,806.344970703125,1254.6253662109375,787.6262817382812,1463.0024306865391,630.654347121273,1441.5807496563516,639.015136504945,1262.1810302734375,796.66650390625,1044.241943359375,958.0576782226562,1370.9197998046875,714.2966918945312
labeled-data,GOPR0089_clipped,img3577.png,1476.9523368416237,670.6436275112319,1464.731589407554,605.9189281381962,1361.9867869063014,809.5980520393578,1252.4526802750102,789.2301396492416,1492.126446119799,623.6866927871409,1460.795164329325,636.003127697879,1268.580208965899,780.2527344892699,1036.0227938644693,945.7234903726379,1382.3856522686765,706.4777010266575
labeled-data,GOPR0089_clipped,img3594.png,1413.1280517578125,771.7670288085938,1420.0279541015625,666.0108032226562,1365.1551513671875,809.39453125,1246.876953125,798.7071533203125,1455.7705078125,738.6278076171875,1418.896728515625,732.37255859375,1210.34130859375,882.3516235351562,1119.3716233389694,1059.1800486583834,1306.9910888671875,775.7491455078125
labeled-data,GOPR0089_clipped,img3597.png,1411.387989262078,779.8945534185339,1420.1465752622507,666.0329354162875,1365.405412761171,811.2794865858198,1249.3541482588812,800.3312540856039,1466.8590339298391,742.6705629177994,1428.9051612624237,736.1016234176699,1215.779568591552,870.3999420869862,1131.1132372565485,1055.0601302572961,1307.1139607922005,774.6601343719526
labeled-data,GOPR0089_clipped,img3616.png,1371.7350847085752,826.2882241799616,1385.937885922313,726.8686156837972,1317.0125270909384,844.2505904208654,1375.0769202882782,729.7927218160373,1415.7411929868304,863.3800599376259,1401.629470442364,841.8411150013353,1235.259688865499,758.6562242129025,1008.0935160284766,884.8643143584263,1345.7829775102546,781.9006497992864
labeled-data,GOPR0097_clipped,img0015.png,653.7676931811509,327.1181796824527,635.1637267761703,405.38314179995695,743.5799447914017,368.81672507292626,733.3156874645158,452.8553319368038,584.4839562246716,416.2889152097731,626.1825016151452,414.364366960982,847.5055502261204,422.7040760390767,1067.2507285095876,468.4728076186845,712.1673753880142,404.87578914914894
labeled-data,GOPR0097_clipped,img0116.png,668.5883178710938,203.45095825195312,631.0430908203125,226.6263885498047,755.1935424804688,287.29522705078125,680.7642822265625,337.1571044921875,634.5166015625,167.9998016357422,642.58251953125,197.7344512939453,773.4842529296875,399.0610656738281,973.7108154296875,588.218017578125,703.0570678710938,284.1355895996094
labeled-data,GOPR0097_clipped,img0287.png,694.4260122915778,210.73565480488242,622.1674014966553,217.4430330097858,703.352865924747,234.26494657735776,649.3342267532313,281.3454119103302,720.2027166754949,178.2639720234011,702.3616982335265,205.02549968635384,732.0003027103172,338.47512318060035,784.2528575723786,414.12434439880855,676.628192334103,248.787902148704
labeled-data,GOPR0097_clipped,img0322.png,790.2531236898931,207.896619350965,703.4498932678816,168.63706700242045,686.1612830593483,271.64836949493184,692.6445118875483,177.64155148603157,860.9995849730656,179.0037909864543,823.2357385087607,191.482279383355,595.452325718391,260.4783559837416,367.9134431921065,315.4198148418017,717.764017649134,222.0486415768105
labeled-data,GOPR0097_clipped,img0325.png,788.1790445095937,206.73475845673264,823.7924070055738,175.00926272762928,685.4152938435113,268.2529830903905,687.9368044856311,178.48720423092527,897.2221877815754,192.6076638267962,857.3823196360825,200.6764978815796,614.666858781276,249.6316227429344,380.5141909962679,287.9316967703522,736.5307330290486,218.2952093311775
labeled-data,GOPR0097_clipped,img0328.png,788.8735961914062,205.43453979492188,857.8704833984375,169.82369995117188,742.7653198242188,238.5732879638672,684.9624633789062,177.86326599121094,938.7235107421875,190.21533203125,901.2060546875,194.50672912597656,641.8634033203125,238.50453186035156,392.97747802734375,284.4783020019531,743.0865478515625,201.83944702148438
labeled-data,GOPR0097_clipped,img0335.png,928.0209350585938,207.51431274414062,889.40576171875,157.5869598388672,763.3765258789062,228.3290252685547,756.463134765625,170.55242919921875,997.0213623046875,163.5581817626953,960.5611572265625,173.4048309326172,706.2779541015625,220.90338134765625,463.50482177734375,270.7213439941406,832.4810791015625,201.4439239501953
labeled-data,GOPR0097_clipped,img0348.png,910.6887894238645,206.41432789678748,889.4223338605777,156.984187938878,760.6740623423019,229.9798597371862,794.5854374297049,155.25988073104395,979.0863086679485,128.24573447497716,940.5767810263214,151.23649724609783,710.5197945743832,199.4245669480598,469.5557891776965,245.9213380155299,828.50037052525,194.64354068016513
labeled-data,GOPR0097_clipped,img0460.png,1367.8898860324512,195.91987837037803,1322.229607103338,163.8605335903623,1179.3969341608097,214.78619393488515,1200.5669648975118,139.08729614910237,1413.6315238566424,215.03882605338714,1376.377404490304,212.6353344813653,1113.1766333254925,185.78712438516604,858.6027191252476,180.13576735545354,1254.3708111982785,190.6326623450651
labeled-data,GOPR0097_clipped,img0465.png,1362.5068359375,196.91140747070312,1323.819510756183,165.11749558191735,1183.4832763671875,221.20654296875,1196.2159423828125,142.34613037109375,1426.992919921875,229.27291870117188,1397.4710693359375,217.4476776123047,1108.6708984375,186.4733123779297,841.5338745117188,169.8280487060547,1250.0264892578125,190.90110778808594
labeled-data,GOPR0097_clipped,img0491.png,1379.8228754044344,226.9932741817027,1322.3769205422893,166.2171190376943,1188.3363591972845,222.4142487941404,1244.9497639889637,149.5661176283769,1398.0520814487145,176.5216139202108,1364.5360005885439,195.46548571074194,1128.2354614211963,171.68874172134338,855.8857025405474,142.10170880521764,1259.942439393275,201.09621859363244
labeled-data,GOPR0097_clipped,img0585.png,1364.8436266435472,341.99913966173625,1410.5966393688702,357.4159156887473,1292.2355847098825,314.64679509768445,1341.9671202808856,233.08707676123908,1430.6224862729755,465.22322055271457,1414.069640189151,423.6906249242091,1252.5805438635828,228.45669896595783,1141.4803387051502,65.04001845259435,1347.9506285048424,322.1900294520709
labeled-data,GOPR0097_clipped,img0608.png,1368.92529296875,451.1074523925781,1414.04931640625,415.2513732910156,1299.394287109375,316.6877746582031,1388.759033203125,314.79443359375,1450.0447998046875,554.8546142578125,1427.6689453125,518.8367919921875,1285.8734130859375,272.6120300292969,1223.3136950060828,94.02776780268495,1342.02294921875,374.8049621582031
labeled-data,GOPR0097_clipped,img0640.png,1372.619384765625,615.3834228515625,1423.4952852449592,591.8055134327818,1357.332275390625,435.7341003417969,1426.33154296875,479.3250427246094,1398.5596923828125,720.2857666015625,1389.4114990234375,672.9154052734375,1334.512939453125,398.0868225097656,1188.3031005859375,206.28009033203125,1375.7586669921875,523.5222778320312
labeled-data,GOPR0097_clipped,img0651.png,1319.4809480913923,699.173538596899,1381.948895079225,672.4015613163992,1347.666994283055,444.0856801831306,1398.6771177451458,604.6652557670328,1301.1423077054037,799.648286991043,1316.7843300519005,755.6787928331668,1320.1577419647303,481.4625470111516,1240.5196002622135,255.29022457600365,1340.4879003652086,609.9232842944347
labeled-data,GOPR0097_clipped,img0655.png,1321.7207168004484,702.2248196678281,1352.4250337395677,771.5288493304115,1305.9299252317585,631.6048907078539,1406.3769049325915,609.6732357513401,1276.1028744909,825.4807205234353,1296.2799970508925,786.0037416017105,1325.565307094869,537.3625440323724,1321.9601176617614,372.62928011724335,1338.6996955745649,676.3908240257783
labeled-data,GOPR0097_clipped,img0728.png,1231.110014604336,993.190409346775,1310.55941696088,986.6857799140755,1235.2915620967856,864.9562862449842,1325.427141378479,890.9748039757824,1272.9254895288327,1061.02440200207,1258.522381499284,1028.5012548385725,1275.2485714690827,825.928509648787,1193.0114707842386,759.0237497695917,1264.4188168611975,920.2810547437389
labeled-data,GOPR0097_clipped,img0776.png,1099.738607542665,970.5215217317888,1163.440258725559,997.9700298909881,1238.9416734863623,865.225938258378,1265.4185720782266,928.2409569070153,1035.5990923008437,984.9015198936052,1078.491668019664,977.4879882878831,1273.3616416557861,856.2237927371442,1441.5074931398512,733.1258089223729,1183.499330285772,927.8778183178163
labeled-data,GOPR0097_clipped,img0832.png,1104.6058349609375,845.168212890625,1059.5377197265625,942.3310546875,1169.3680419921875,885.4041137695312,1108.757568359375,954.0367431640625,1040.3624267578125,830.1380615234375,1057.0985107421875,853.6351928710938,1218.9837646484375,917.8126831054688,1467.037109375,995.2353515625,1125.474365234375,900.465576171875
labeled-data,GOPR0097_clipped,img0834.png,1103.1251967485264,844.7256448154848,1060.389990472725,942.5177230410293,1172.5304849039785,884.358006230413,1109.949032646991,953.2545064390931,1041.0120791777188,829.1605178483615,1057.6004224417459,853.7754788207887,1219.738100151431,917.4533126407641,1463.934661141297,1008.6390954954081,1129.059625369404,901.1847990292947
labeled-data,GOPR0097_clipped,img0893.png,1275.9345041273664,815.5466378432936,1248.915964852189,758.71453798861,1200.6233959993665,891.5918899264,1141.3649014139535,861.5675860031239,1354.2584749629673,769.5177795181971,1307.917862190163,776.6233401433605,1118.9828997217173,916.3509130050561,1315.4325571564448,1010.9820813350175,1201.3192055359534,828.3843418733414
labeled-data,GOPR0097_clipped,img1102.png,706.8759765625,575.7462768554688,596.1495971679688,610.7362060546875,795.567626953125,593.7617797851562,759.8377075195312,686.6807861328125,557.753173828125,557.7311401367188,604.2090454101562,579.5503540039062,876.1116943359375,680.9329223632812,1093.6407873563862,767.7240605889816,731.9635009765625,627.7723388671875
labeled-data,GOPR0097_clipped,img1116.png,544.5092043443719,522.8192238991709,589.5057874695518,607.8127698022886,736.994587713197,575.3152375452141,682.623716436938,661.5586885351423,462.6404211582807,559.0664714166769,507.63700428346056,560.9413290468927,796.7315402464737,635.752849970255,1080.2749965753949,728.2131706870736,653.2373121535308,586.9275040073528
labeled-data,GOPR0097_clipped,img1164.png,540.299110545816,523.835554939179,470.6487671451256,495.13117099222785,609.1052073598313,517.9258288324538,629.7892487333696,641.1858304870088,477.40273983852586,419.57110148481223,499.3531510920768,460.0949376452139,720.1236335075984,612.4814465400577,1014.2639504301526,689.519433791856,583.7652432953458,557.0958560259578
labeled-data,GOPR0097_clipped,img1168.png,558.0513765900976,470.16080825444124,473.56066725802634,500.98131857683194,608.5332469457375,516.922961847034,630.8515475240205,640.205003136597,478.343160239087,411.70811626370016,499.5986845993565,456.87610552927276,720.1247498371522,614.6983739042736,1013.6047721341131,688.5776494706909,574.1137564863698,545.6515761992084
labeled-data,GOPR0097_clipped,img1197.png,537.090576171875,292.55706787109375,489.5685119628906,405.4754638671875,638.1748657226562,520.1820068359375,505.8074035644531,431.4410400390625,479.0944519042969,252.77430725097656,494.8871765136719,281.78131103515625,601.0816040039062,525.0745239257812,714.7933587266488,755.9472863631277,557.4677734375,399.70947265625
labeled-data,GOPR0097_clipped,img1231.png,521.6204214230672,183.64977268786816,456.82237132800043,269.68415852837717,546.6684071741015,303.9890085787067,503.65121425384706,420.516594463953,489.493657090219,154.24561550187144,500.9286071069955,192.90663698716344,573.3499572132467,395.46860871291875,655.1237941600925,592.9200204237914,521.0909962009789,295.50417677729087
labeled-data,GOPR0097_clipped,img1237.png,519.7431383583694,183.6078157897844,456.60598895714696,271.0919705156611,544.5028047902213,301.62889244827846,497.8139095798032,421.98442827718276,498.96058951161524,167.70245553964767,505.23252203100446,195.9261518768992,584.5432636318491,403.7158756727087,619.5586854868839,549.5382863625978,519.7545372561024,293.10729355810975
labeled-data,GOPR0097_clipped,img1261.png,524.1795693909851,150.7988236251589,493.860595703125,152.91448974609375,546.6253662109375,297.5871276855469,498.77032470703125,411.4422912597656,527.3214721679688,118.80606842041016,533.6454467773438,142.12734985351562,562.788330078125,355.4332580566406,614.6370849609375,435.42706298828125,519.9993286132812,237.98275756835938
labeled-data,GOPR0097_clipped,img1406.png,564.2409266085042,306.77834507870443,523.067847644388,352.0279665145153,618.0512872348739,338.1677221107534,554.457224676437,414.8067205786133,467.219215782171,369.96475338997186,509.6152574877956,360.5887057050741,676.0776928245402,439.7433757713595,459.5231592685068,473.8671204529163,576.3313622169127,366.24607953416034
labeled-data,GOPR0097_clipped,img1421.png,483.56433505041275,331.96150070715544,474.8149994427389,413.83028389324664,529.1858707189979,306.96339897094435,566.0580707799093,390.08208724384616,408.5700298417795,452.5773415843738,449.8168977065278,430.0790500217838,649.176759052811,318.8374972956446,575.4483795115308,219.3053308741141,530.062225235382,370.5774535612114
labeled-data,GOPR0097_clipped,img1487.png,413.7858778899192,449.7559190038378,437.9752980486403,514.436325080418,530.526123003747,301.4642562916782,565.232682361912,376.66180156770235,319.1316250949238,499.18647324122423,388.5447438112538,490.7727618816691,608.3529530796322,340.903528289593,581.3342323173348,220.0664785640359,498.26769355762946,412.00740616562445
labeled-data,GOPR0097_clipped,img1558.png,478.2462168176677,346.6036340261319,508.3771017827439,421.9308464388225,528.4643584261281,298.6174098224919,559.7112020936146,381.1983538008491,459.27491887669373,388.4520853665156,508.3771017827439,380.08239509843884,656.7996092033048,277.41419447669756,537.39202804541,128.9916870561366,557.1496926383935,343.3194298193093
labeled-data,GOPR0097_clipped,img1644.png,701.5797729492188,557.441162109375,761.1860961914062,480.9604187011719,513.18212890625,477.6712951660156,665.9816284179688,442.1744079589844,869.6839599609375,530.8335571289062,819.28466796875,528.347900390625,561.4033813476562,419.7669982910156,477.3981018066406,212.2174072265625,661.058349609375,490.3620910644531
labeled-data,GOPR0097_clipped,img1645.png,700.8597479734603,555.0977693326976,810.6075050139336,496.40482967002686,527.5022553837666,484.82480264315757,667.3103325071709,440.73546162965886,880.9300978927201,537.24388355511,829.9649762017516,530.7376978073268,570.8019105817197,432.0605472992812,467.9942987049253,233.44010152551715,675.9457973257112,493.71324191538645
labeled-data,GOPR0097_clipped,img1669.png,847.239445554969,566.8041244000946,865.1256986799858,464.8524815874996,680.3010830548137,560.2458315875884,658.8375793047937,448.7548537749846,935.4782943050513,453.52452127498907,903.2830386800213,484.52736002501797,620.0840308672575,507.7794890875396,385.3733561146482,396.08474719728287,761.4797733496407,523.7951129393222
labeled-data,GOPR0097_clipped,img1703.png,1113.2576580437908,561.0759658373263,1154.6770891947067,477.1612741549507,899.1042443601438,558.3414701722298,1010.2597065357385,472.44861303654307,1238.5729401054245,494.5650044999294,1184.0299047904196,506.78264441049055,896.1734172689012,495.5110042416111,597.6493176099476,443.0296913499894,1054.851825013227,524.3750394688684
labeled-data,GOPR0097_clipped,img1736.png,1410.7308349609375,429.5581359863281,1382.265625,371.9561462402344,1254.1790771484375,516.9159545898438,1289.3310546875,397.98455810546875,1471.7752685546875,383.04339599609375,1434.2705078125,391.951416015625,1170.679443359375,473.1476745605469,898.0743408203125,572.0582275390625,1313.8868408203125,439.7320251464844
labeled-data,GOPR0097_clipped,img1764.png,1443.4551863557085,478.0416692834533,1459.1417468072148,490.6087574217637,1249.8236083984375,514.8607177734375,1291.8426513671875,397.79718017578125,1477.3834228515625,554.8467407226562,1451.0009765625,525.8887939453125,1182.2537841796875,444.9748840332031,913.6148071289062,433.94586181640625,1319.3592529296875,458.1500244140625
labeled-data,GOPR0097_clipped,img1852.png,1408.6132102000847,586.6804799810207,1458.3657762513792,506.22018387228684,1238.4887318660992,507.69917744438516,1319.3403804741395,434.73549455420255,1453.1995926617933,571.0580878469465,1413.2769202929055,559.1763401181108,1193.8221219417512,418.9814708445832,1157.8214145799545,331.3394725851699,1316.5535623676333,503.4439299753791
labeled-data,GOPR0097_clipped,img1862.png,1408.1589095137901,586.2101676340756,1367.1771139221112,469.82186815370744,1239.3139116760728,523.3714143935013,1322.3703507418757,429.9329204444733,1392.3126152183409,487.8538582140461,1355.702211156441,511.35008768660873,1184.6715175538343,411.35450644291217,1180.1662497880047,321.1488377043013,1289.935715705233,488.77708614932976
labeled-data,GOPR0097_clipped,img1957.png,1214.7797453789176,629.5581783483476,1253.3145913611634,658.7512434864127,1216.5313292872015,552.488486383856,1326.297254206326,530.3017568789264,1161.0645055248779,640.6515431008124,1204.270241929214,634.2290687704381,1256.8177591777312,454.3997875199574,1038.2087106509393,295.38222748261717,1260.8143339909332,581.1123512479023
labeled-data,GOPR0097_clipped,img2006.png,1201.43701171875,618.2948608398438,1276.9088134765625,628.6029052734375,1216.1983642578125,552.4070434570312,1325.45751953125,529.0143432617188,1208.8438720703125,663.9937133789062,1224.799072265625,626.6755981445312,1258.921142578125,447.4481506347656,1037.095703125,294.3133850097656,1261.918212890625,563.178955078125
labeled-data,GOPR0097_clipped,img2099.png,1221.2730631709585,606.7800722384933,1235.0529508414272,608.2564887746149,1215.3673970264717,567.9011034539565,1330.5278868439607,554.1212157834877,1209.9538697273592,645.1669021776563,1210.446008572733,611.7014606922321,1277.8690303889553,452.2484747910937,1074.1804071650317,290.84263302466206,1249.2895546504415,560.216392182905
labeled-data,GOPR0097_clipped,img2383.png,1057.2260830910327,787.0699549424477,1116.5689055137582,840.3039574098925,1155.8398909405616,666.6389329669167,1189.4384006946048,756.0895108835249,1050.244574570712,900.519468397658,1054.2366238623104,867.5919930846617,1201.6560406051658,663.5845229892765,1338.6820253039782,454.07681859104304,1130.111129142579,742.7450134770891
labeled-data,GOPR0097_clipped,img2414.png,971.6536865234375,967.7180786132812,1027.2529296875,975.8988037109375,1026.1949462890625,850.9970092773438,1113.701904296875,853.2704467773438,1003.656494140625,1009.9226684570312,998.2364501953125,986.8062744140625,1092.285400390625,794.0343017578125,1303.6756083926687,565.1034440280536,1038.869873046875,898.3959350585938
labeled-data,GOPR0097_clipped,img2417.png,960.6290251137883,984.7618207180763,1029.9467764243432,972.3369407661844,1024.0613069734468,848.7420822973651,1116.2669950374866,853.3196696480619,980.2472566167755,1013.5352269224575,988.0945492179703,989.9933491188729,1085.5587209554617,789.8240163026362,1280.9933597835877,564.6371254737688,1023.3437860801062,909.8393048589932
labeled-data,GOPR0097_clipped,img2498.png,665.6754695511964,929.2495202297941,738.7686593129665,979.7698131533705,845.1190163019329,927.1420136408456,787.7673268003648,980.1561804070009,610.2137585717185,943.3395885575168,647.6553037127208,942.4886443497667,895.2800681679855,937.3829791032664,1171.2823284633273,866.8832421346785,755.2147238926667,944.5058057290994
labeled-data,GOPR0097_clipped,img2537.png,541.837638266808,964.7747365770484,,,698.9994506835938,911.3949584960938,699.8238525390625,983.1121826171875,533.1914069553317,1021.6317615378905,561.6964556026204,1001.1861917679223,753.0122680664062,916.5313110351562,1005.6522827148438,924.4222412109375,646.4705200195312,946.0753173828125
labeled-data,GOPR0097_clipped,img2585.png,537.8253116180861,966.919831739809,,,697.17683235905,911.9044479568397,711.2271841786129,984.2377406575523,,,,,739.8482712184632,908.2617641517679,968.1591704045101,860.2082218838732,635.3152599167092,951.115500273477
labeled-data,GOPR0097_clipped,img2752.png,559.3892238991523,970.2611188176835,,,702.7786674016573,909.004799972348,716.0218007359317,984.9442183230186,635.104110205994,1019.3455129860563,637.3772898497746,982.5957754116046,779.0721543120936,922.7353781253842,950.6844386111759,974.8760708166762,672.4394587173956,942.20670719749
labeled-data,GOPR0097_clipped,img2800.png,564.3184814453125,972.0810546875,638.314208984375,984.7177124023438,702.5582885742188,908.4599609375,714.32861328125,985.6019897460938,682.726385213328,992.0839946704223,672.9631546632867,978.5569438759139,797.24169921875,909.1438598632812,941.367431640625,962.2319946289062,691.3533325195312,943.3928833007812
labeled-data,GOPR0097_clipped,img2919.png,665.5730505112749,934.4991132878763,743.870739093092,967.4280477381733,746.4318784392262,880.715187019058,782.6537063345529,947.3048100185474,737.2340366636174,988.1556444238713,732.376190558,959.0085677901665,856.2512662512459,893.8324658731318,919.1859313935715,968.475909887835,750.3841979072123,920.6650142760916
labeled-data,GOPR0097_clipped,img3302.png,728.1545807342786,920.2175917892071,768.7365014111544,946.2393936816551,751.1283569335938,879.916259765625,827.8375854492188,936.733154296875,697.630859375,935.2880249023438,717.2685546875,931.4847412109375,833.1948852539062,868.4215087890625,985.6073608398438,782.3143920898438,773.0781860351562,915.0324096679688
labeled-data,GOPR0097_clipped,img3374.png,728.7205200195312,701.5322265625,630.2615966796875,730.0350952148438,719.7373046875,829.22314453125,626.214111328125,777.607666015625,741.904541015625,621.0694580078125,727.9071044921875,656.9752197265625,673.5890502929688,861.3409423828125,850.631103515625,1008.4196166992188,684.1753540039062,765.2525634765625
labeled-data,GOPR0097_clipped,img3399.png,808.7941638104028,679.2481973039667,730.0783904719508,642.2054804388127,735.866314982131,793.2703101545184,679.1446547823641,698.9271406385795,874.6100627952248,581.6444740171523,843.8994068272074,612.3551299851698,680.1792863825774,782.5932893662449,729.7890318417024,983.0058421205281,755.8824035396127,696.8719991447293
labeled-data,GOPR0097_clipped,img3486.png,1267.2600881947728,223.40146774912753,1141.1124267578125,167.15501403808594,1188.5091552734375,315.8512268066406,1071.0247802734375,264.0765380859375,1143.6082763671875,129.2600860595703,1155.602294921875,154.46238708496094,1094.0545654296875,346.6269226074219,908.6378784179688,572.0323486328125,1157.2991943359375,253.9166717529297
labeled-data,GOPR0097_clipped,img3518.png,1153.8628213762402,131.11766794183646,1063.940362932878,132.12803264344728,1191.0839508232418,314.66003567678587,1081.6288911009708,251.50016737783193,1141.1629723267583,50.26533102201501,1137.8531080758069,87.33581063266936,1110.7122212180066,305.1248783452636,1107.580988431766,416.1411989709909,1135.6102981111396,206.16020793777818
labeled-data,GOPR0097_clipped,img3540.png,1171.7503849383843,158.35223185089944,1063.3175072942179,130.56630695458176,1185.9822001291814,314.2244934643889,1079.5824389408428,249.16476687788895,1154.1300423212074,131.24401243985778,1142.9479018141526,156.31911539507132,1087.0781516956654,351.94975675645713,1179.17648673379,425.9895947282827,1119.5834464150034,233.6666009721992
labeled-data,GOPR0098_clipped,img0143.png,976.9923045999301,841.513863647245,981.7453653508967,796.3597865130628,809.6062827100687,832.903739377147,855.0542239571663,758.1345457125672,1041.1296898986589,723.4976874210548,1004.3444694648656,759.1333697162919,779.6097633771608,786.7222850416367,440.29753679595353,790.1586917378913,893.4845883546359,799.0577496449584
labeled-data,GOPR0098_clipped,img0175.png,988.1904296875,752.5770874023438,971.4587328299016,693.9694261615766,907.7348022460938,848.0634155273438,846.201904296875,754.3276977539062,993.0877075195312,601.6890869140625,985.9314575195312,642.2416381835938,814.7085571289062,830.5921630859375,501.0411682128906,897.567138671875,913.9129638671875,772.3338623046875
labeled-data,GOPR0098_clipped,img0183.png,987.1611164257206,750.5714259541105,930.4423415748314,707.8798749910757,908.486686793842,848.1521138696188,846.2789982477054,754.230701750942,900.5582559007071,623.7165316639497,919.4645141843367,670.677237723288,827.9826192635476,835.3446485807083,537.6800727149104,911.5795610146993,904.9153780726626,774.5859446716202
labeled-data,GOPR0098_clipped,img0204.png,933.9056012263809,655.1135061988324,844.1088914545644,665.63023797391,959.9085499797395,788.2866375514118,841.7438673789347,767.3041238185587,798.1701022483053,576.7521549027698,826.9245884596194,608.4666617534839,894.385504122623,812.4180436416511,735.1808548976203,989.2592781266435,903.9124257223118,707.395822474369
labeled-data,GOPR0098_clipped,img0212.png,878.0577392578125,580.6417846679688,840.489990234375,666.4072265625,970.7932423439372,778.1122814423397,858.5001220703125,709.2728881835938,784.3877563476562,546.72900390625,819.484130859375,589.057373046875,919.5393676757812,778.9155883789062,810.5552706294216,991.4753099223522,899.9515991210938,672.9913940429688
labeled-data,GOPR0098_clipped,img0278.png,806.6863578068118,573.8745277474915,801.260650860237,620.7681377857448,942.7165819673646,644.4087180529633,852.0297658603293,705.6416964500213,703.9854763180751,580.0753356864341,756.6923437990872,591.7018505719514,954.5172026450048,720.8093704350941,945.9255634717928,965.6710868716352,874.8468475503807,642.2287773003804
labeled-data,GOPR0098_clipped,img0385.png,824.7507020910703,518.7570014967622,762.4135014512462,574.3410054006052,938.516093258749,647.0677394804,847.6076756590057,701.0933133682474,771.7640815472198,448.1081741049616,782.1536149871904,494.8610745848296,904.154198876847,683.0845182649612,916.8541528790817,956.3022634635037,837.0141224511352,592.4812062096747
labeled-data,GOPR0098_clipped,img0424.png,824.14404296875,413.3608703613281,796.0291137695312,476.4609375,856.8245849609375,536.523193359375,769.3768310546875,596.2671508789062,764.256103515625,374.8434753417969,779.7944946289062,420.8761901855469,864.886962890625,623.4596557617188,891.933837890625,888.1461181640625,815.6649169921875,518.872314453125
labeled-data,GOPR0098_clipped,img0457.png,732.1187744140625,300.27081298828125,719.5581665039062,374.4910583496094,845.564453125,411.0907287597656,747.8038330078125,473.7231750488281,650.6171264648438,284.1161804199219,679.8250732421875,309.7984313964844,829.4617919921875,489.6700744628906,924.2495727539062,745.6051635742188,779.005126953125,398.00006103515625
labeled-data,GOPR0098_clipped,img0460.png,724.5518799138022,288.7756353560875,720.067683194938,374.79068150884507,845.625191323134,409.8489467654193,729.4437308798357,448.1684459993492,636.9062167723666,289.9985980975959,672.1318879234391,314.4902974763568,826.0577874589994,470.9970838408394,937.4019606249487,724.8383305868145,773.5633697837386,391.90591679875814
labeled-data,GOPR0098_clipped,img0482.png,665.1713508196469,254.41335624696194,642.5961702599982,313.61049638115213,741.9269647224529,298.0587053289496,706.3083465061181,402.90787726154065,583.9007008049114,244.37994266489582,619.5193190212461,268.46013526185453,779.0505949760975,385.85107417202823,904.6006963557734,558.0448972556366,699.3447428933118,319.19171047190383
labeled-data,GOPR0098_clipped,img0502.png,553.0911227286597,210.7034914100145,517.073854427237,256.90458844265606,740.985141224392,301.3902745612961,592.8143120375186,315.0182284450528,457.7737988170761,212.8254076295828,483.65941369540764,225.74045228374743,715.6423136357055,349.58700078509827,943.7680714168877,474.9479035281832,604.6653346480866,276.8192584805097
labeled-data,GOPR0098_clipped,img0556.png,631.1598510742188,138.4687957763672,530.0460815429688,148.2187042236328,695.7149658203125,239.05337524414062,590.3157348632812,310.6857604980469,586.1351512230463,86.51499489236134,583.9041691656593,120.94848039392281,680.169677734375,321.1004943847656,888.0723876953125,499.8494873046875,608.7317186779323,222.4170146871702
labeled-data,GOPR0098_clipped,img0618.png,594.9520263671875,154.4916229248047,541.8844604492188,216.37799072265625,699.3975219726562,240.87606811523438,595.6480712890625,314.1445007324219,485.6266174316406,215.7526397705078,518.0989990234375,218.2021026611328,713.796630859375,337.2975769042969,931.1445702632918,564.6990920951408,630.09326171875,253.40673828125
labeled-data,GOPR0098_clipped,img0670.png,546.4426532489376,196.17687562143436,540.0578926104112,216.83345415784362,699.6769085735737,239.36790347029006,597.1451642019422,315.2338828221931,459.60631492949096,254.32952617129644,492.8431141616553,244.46805826724767,704.4821963555671,301.12939305860743,949.4242465752916,498.98214559497916,608.428098850183,248.2954799157897
labeled-data,GOPR0098_clipped,img0718.png,654.1432358379728,222.46790756108444,542.4972052875758,218.62907556508225,703.0883437870008,242.94167820642946,595.920950565273,314.9197781314706,593.3751931090173,196.87373958530753,604.8883591976039,221.48495375986508,720.8798331995537,324.70406625031814,928.2627682637958,497.13134525798824,638.4142626030119,263.95163449226493
labeled-data,GOPR0098_clipped,img0789.png,851.7305999217018,162.22860339652263,774.6839472066725,150.40663022860807,673.5999482089802,247.98231203678648,691.647531990685,166.76818501911504,923.4902291765213,130.32445555212064,895.8165591756009,141.92954297186148,630.7615055030294,229.45469190021151,372.477136694901,408.2634751977066,750.9483414407847,196.56465383804857
labeled-data,GOPR0098_clipped,img0800.png,864.1276245117188,171.21116638183594,925.7648315429688,134.43804931640625,680.5872802734375,259.7930603027344,692.7890014648438,166.9482879638672,990.2557983398438,130.77560424804688,957.068603515625,141.0328826904297,645.6940307617188,232.00428771972656,301.5032653808594,332.72412109375,772.2905771802095,198.5500914897135
labeled-data,GOPR0098_clipped,img0813.png,861.2704064506684,170.62468217736523,908.4547608668499,146.3386174043306,679.4718644353804,251.80952727579535,743.3095204102143,155.35915574860064,983.7514495556436,172.74768977983496,944.4868551868371,179.54348495905148,668.826278480887,215.32336286860843,323.59094236857413,305.5356115009715,790.2658439475298,189.3005988400421
labeled-data,GOPR0098_clipped,img0831.png,862.3414125618974,215.24442752698792,942.3477771833807,218.8402191953692,799.415058365225,235.47075566163258,862.3414125618974,158.61070874998285,976.0583240744552,299.2960577754002,946.8425167688572,264.68656296723043,752.3666100088296,183.50676720670083,435.7274214453559,205.03391825368018,860.454791850663,202.998736202284
labeled-data,GOPR0098_clipped,img0848.png,952.5944213867188,325.3915710449219,1017.4419555664062,315.0200500488281,862.76171875,285.80279541015625,927.3143920898438,205.19793701171875,1071.560546875,393.73455810546875,1036.8929443359375,367.33551025390625,841.6013793945312,221.88027954101562,534.1596069335938,198.8867645263672,931.8901977539062,270.27008056640625
labeled-data,GOPR0098_clipped,img0863.png,1066.9280158421466,426.44050317643956,1131.0056542524155,404.7926523621596,930.9795127284679,315.6035070073257,1017.570915985588,293.9556561930456,1189.8719642509006,489.91210695701534,1148.5995747844863,452.5090040030775,919.685842700189,276.7760333029434,602.1389420046839,227.59077966260702,1026.5155183698153,359.97430254410176
labeled-data,GOPR0098_clipped,img0876.png,1165.4752095182264,538.9060121880794,1158.7161748450592,431.7270337992849,1028.8461514820603,423.51963455329616,1114.782449469472,381.03427375053076,1278.976869184368,565.0433639597785,1245.4955603628343,538.5373278093975,1002.0585441395992,363.4579837634606,700.6087634362253,255.7381207042131,1110.0193284307081,444.1517585085885
labeled-data,GOPR0098_clipped,img0878.png,1158.7244873046875,539.6577758789062,1170.2346566751573,447.71686462360987,1028.9151611328125,425.41107177734375,1155.26806640625,412.4578552246094,1286.3277587890625,582.9880981445312,1246.81884765625,552.78173828125,1019.0542602539062,357.2533874511719,756.4410281422936,268.34755567822447,1111.9857177734375,451.5904541015625
labeled-data,GOPR0098_clipped,img0940.png,1300.618185439435,705.6258367947243,1341.9989938782783,751.3171461126137,1280.7898813958225,672.4349800260686,1382.5177021413124,643.9856742243638,1284.2382820990595,812.5262585950695,1296.3076845603887,771.1454501562262,1280.8513172110006,555.4083015894155,992.5187846531298,395.69057218418095,1316.7588976224122,672.9961514045912
labeled-data,GOPR0098_clipped,img0947.png,1270.239501953125,785.5557250976562,1315.939208984375,805.6637573242188,1280.1982421875,674.1306762695312,1380.836181640625,644.2222900390625,1240.034423828125,871.4625854492188,1262.9962158203125,827.5309448242188,1301.874267578125,560.917724609375,1059.5030517578125,379.079345703125,1311.1513671875,704.7466430664062
labeled-data,GOPR0098_clipped,img0960.png,1219.4208984375,874.8234252929688,1319.1707763671875,811.8624877929688,1294.184814453125,726.8847045898438,1372.7406005859375,728.7387084960938,1216.696533203125,925.4865112304688,1229.648681640625,900.1253051757812,1337.0887451171875,665.1845092773438,1195.6109619140625,383.23486328125,1291.7951650136988,777.6500553914328
labeled-data,GOPR0098_clipped,img0975.png,1220.767578125,870.35791015625,1227.7705078125,911.8212280273438,1286.07177734375,735.242919921875,1348.125732421875,796.1712036132812,1153.967529296875,958.5272827148438,1166.913818359375,930.6910400390625,1335.5906982421875,740.9408569335938,1347.3778076171875,453.76922607421875,1262.3197021484375,819.3735750666037
labeled-data,GOPR0098_clipped,img0983.png,1167.7800257367996,902.6290343917146,1228.7245354162521,914.6909685991063,1243.9606628361153,794.07162652519,1345.5348456352026,798.51549702265,1112.5756618950377,979.953946219636,1137.674528486364,956.8168965598768,1324.519677717924,761.2508957235824,1303.864527749271,438.4197056451348,1242.309196411259,849.0187892443071
labeled-data,GOPR0098_clipped,img1094.png,1126.18994140625,954.0161743164062,1159.5472412109375,1001.71923828125,1190.3363037109375,849.0668334960938,1306.4959716796875,850.4129638671875,1085.1856689453125,1025.596923828125,1102.2718505859375,999.3934326171875,1253.7960205078125,787.7351684570312,1516.4700783255062,608.3709245467624,1192.289306640625,897.9915161132812
labeled-data,GOPR0098_clipped,img1128.png,1211.657149662125,937.5335858288479,1301.1438513953665,904.1954028301893,1182.9980098913484,854.480568533944,1301.7287317988516,849.216644902577,1339.161077621907,919.9871737242908,1307.5775358337041,916.4778913033792,1235.0120186830113,782.084076084466,1390.1050983694574,531.9624149712805,1236.7652052870767,880.3741065857834
labeled-data,GOPR0098_clipped,img1131.png,1212.216241629002,937.567764527064,1299.45751953125,904.5313720703125,1183.9920654296875,855.5755615234375,1304.1810302734375,849.3453979492188,1341.6676025390625,921.1632690429688,1310.3984375,912.4500732421875,1229.65576171875,785.3279418945312,1383.8776375343705,531.8713611951704,1241.9844970703125,880.040771484375
labeled-data,GOPR0098_clipped,img1551.png,1221.268059529816,922.4114631000506,1270.4034958712239,910.509090321697,1188.9180206963422,849.1660921563367,1304.2794799326914,848.5557140651392,1275.9400734595176,943.6123017613994,1260.2621374541227,921.3715088235133,1257.0919860215931,773.736343453113,1370.6077479434596,609.5287875212965,1239.163972134788,876.1805847362969
labeled-data,GOPR0098_clipped,img1641.png,1304.9686464694958,915.8240329414764,1308.8172115469138,903.1237681859967,1222.6093538127486,895.4266380311606,1305.7383594849794,853.0924221795616,1375.2067673278868,882.4255664977097,1341.8504805662608,877.342703753081,1203.001918236204,805.8300988027488,1351.9888997807088,578.6618299131075,1278.2329683230332,882.5362675187316
labeled-data,GOPR0098_clipped,img1671.png,1421.2714350905644,891.0909332178418,1432.6467170902342,842.8814047430508,1261.4758069999652,921.9666986455169,1297.2266932846417,840.173004266939,1535.0583828193462,885.3070596827873,1491.9866262557666,883.8948709429978,1224.3768600656567,870.4790779149976,1065.5056268393382,680.53969241331,1348.316582729539,870.8545318694919
labeled-data,GOPR0098_clipped,img1752.png,1332.6135710348883,704.4494853107783,1282.76790311236,705.109692832931,1313.1374491313838,852.9961777951344,1231.9319239066026,803.4806136336824,1266.3646703334857,586.3495522871382,1276.09605189694,637.7868548368253,1254.3570000437937,850.5865826865606,1032.2672896339188,995.2217002128285,1286.8561536416635,757.477207441254
labeled-data,GOPR0098_clipped,img1909.png,1325.856268492276,691.5758284684013,1283.6420018289643,701.2643486862105,1322.3445205382334,786.612956739972,1232.67355764459,800.5514483814709,1234.0674068087399,612.3818112212344,1246.147432898039,643.9757256086322,1270.7661572677303,846.0513833410823,1096.9886253468676,1005.5945781762771,1280.2501997376135,760.2026852475765
labeled-data,GOPR0098_clipped,img1996.png,1241.6758469326408,612.396933004641,1151.209228515625,607.0216064453125,1256.4127197265625,613.2767333984375,1202.628662109375,731.1277465820312,1090.6796875,522.0294799804688,1123.4752197265625,556.3970947265625,1296.0015869140625,705.2238159179688,1234.6571044921875,943.037353515625,1206.4947509765625,657.1354370117188
labeled-data,GOPR0098_clipped,img1998.png,1233.4928838384126,608.7945163533802,1148.3128381705362,605.1229626607993,1272.0441976105117,617.6062452155743,1199.3474344974104,731.0572543163233,1081.9017137717824,521.6318165487468,1109.535285066284,550.441284494078,1299.4425941753038,708.5993840306921,1243.2969722346602,934.8914275966612,1203.8564418245692,640.5169691889837
labeled-data,GOPR0098_clipped,img2064.png,1067.8502404170056,689.5734711927005,1099.1030941982203,738.6230889326627,1221.1861468506786,594.0309573278959,1208.8692118765657,726.7801453822224,993.3228498295923,786.3119977571007,1021.3780906039602,758.9410311479612,1257.4526776077882,655.6156321984597,1531.6495087389517,699.8975420353693,1140.2368581111386,674.1708889424615
labeled-data,GOPR0098_clipped,img2169.png,1053.8018798828125,851.9764404296875,1112.0380859375,809.762939453125,1103.6884765625,654.04541015625,1206.3582763671875,720.6820678710938,998.288818359375,925.92236328125,1029.0972900390625,893.725341796875,1173.5867919921875,653.164794921875,1403.8572221471725,473.1966494547817,1116.046142578125,743.4574584960938
labeled-data,GOPR0098_clipped,img2196.png,1051.1489699377887,851.5850163573984,1051.9120005981554,902.3265552717794,1094.5652254319116,673.7850218392999,1198.5314088428245,732.9030477004073,978.1471558912781,924.7452948784404,1008.7534233477095,898.3605815539307,1164.8416359681319,682.8513091706855,1294.7194779596243,400.451336311169,1107.159600236807,783.5809023539921
labeled-data,GOPR0098_clipped,img2228.png,937.764404296875,921.6195068359375,941.231689453125,977.8640747070312,982.7059936523438,849.0556640625,1074.38818359375,900.1843872070312,839.958740234375,998.62353515625,875.7730712890625,988.6092529296875,1076.6019287109375,829.7758178710938,1284.20654296875,582.7401733398438,985.6032104492188,906.9605712890625
labeled-data,GOPR0098_clipped,img2255.png,858.7331839338962,969.6712181040839,829.5916032184715,987.6521934391332,985.1550671052975,850.0610826757036,1075.5508415951408,899.6805023684983,749.8312846018462,976.3203981316263,796.0117346129618,965.5122077034929,1060.5275528380148,842.6482084261454,1309.5722153696493,648.0533123475974,932.5336603284882,919.7413689972896
labeled-data,GOPR0098_clipped,img2283.png,769.0282592773438,907.7632446289062,674.5472412109375,934.693115234375,838.2047729492188,884.5592041015625,852.3250122070312,964.0298461914062,610.359375,894.28076171875,651.9480590820312,899.7978515625,928.0907592773438,924.2901000976562,1228.4993896484375,831.8744506835938,806.9736328125,925.0221557617188
labeled-data,GOPR0098_clipped,img2409.png,464.000250260738,904.4889206490781,482.7473072000623,956.3491800007637,710.1173783137123,871.7113905185545,745.6759242977625,949.5723446560439,390.59939538197716,945.4574708141084,438.9234134458659,944.7954979639183,725.5576575782468,893.1616156490782,966.9403404639862,821.6576651588741,601.0401991402987,926.4502831801295
labeled-data,GOPR0098_clipped,img2581.png,652.9496358327242,850.4168993845899,602.347072232542,861.7518736310307,739.2992842560705,906.8207393267381,664.9681761837055,944.6499639707096,669.2912290122001,791.2539571559648,667.2456806987377,826.0282784848262,758.3349122936706,960.9984966239618,,,687.385225582987,894.8179634826694
labeled-data,GOPR0098_clipped,img2674.png,687.6856079101562,833.5736083984375,601.6388549804688,861.2077026367188,738.48828125,902.2597045898438,642.4918823242188,901.2401123046875,674.9191284179688,762.0147094726562,669.7986285792289,800.0968959967367,721.927001953125,952.829345703125,820.2185823127029,1079.273193359375,686.3870849609375,880.3446655273438
labeled-data,GOPR0098_clipped,img2687.png,688.6114704300521,819.0928761901906,611.1914188215497,852.8904621715674,738.1288638446274,902.4078555861425,630.8411781130478,876.470173321365,717.3001189956394,763.680554988166,703.5452874915907,788.8322468812836,710.6278108615841,940.421006757282,794.4472667034788,1078.0182721750916,688.1337262856823,863.9069740224188
labeled-data,GOPR0098_clipped,img2726.png,813.4447102699669,738.2004485300332,734.8018179093284,754.5302606525831,771.9341753421227,838.3432960008904,713.0528656986917,764.0785811353018,817.5539287595557,653.2119710859587,813.3102307672364,690.344328518753,676.7040940777733,855.4493642988887,,,771.0777296801459,773.8710723977338
labeled-data,GOPR0098_clipped,img2737.png,811.5546360978644,739.1075677189813,796.2450268923712,664.0410967759179,817.4809364354746,789.974978950136,713.2768221658275,761.8250523464873,857.824646149443,598.1788028405862,838.5137026707332,639.333272549312,722.3509263452809,805.0109644734208,670.2298215648901,1014.356742898745,788.1274841920003,719.7594692754594
labeled-data,GOPR0098_clipped,img2765.png,854.8254751911453,659.3914697181824,840.7649150197847,592.8381515737424,852.9507338349638,714.2276543864887,754.9954979744853,703.916576927491,892.8330288247345,525.4477663521541,878.2702662786909,571.622379303024,765.9154092256193,763.2864633501716,694.0210715590918,984.1182040745131,823.3267062539308,663.1333705081746
labeled-data,GOPR0098_clipped,img2794.png,889.6034856820653,590.8740225604292,841.8143848217984,592.0255671594718,851.6025139136602,709.4831162618146,756.6000844926477,701.9980763680378,852.1782862131815,510.26590062744884,851.6025139136602,554.600367690588,777.9036595749353,765.3330293153796,,,833.692029040654,650.2677095916165
labeled-data,GOPR0098_clipped,img3004.png,855.1281002953663,600.4635389466457,798.5804532185908,589.6680790501704,851.015544144328,710.4744159869181,766.7081430480446,650.8423517968638,858.212517408645,501.76219132172844,854.0999612576068,545.9721699453893,781.3036341290697,736.5148375208403,746.0923648411224,980.2412529491493,824.6486486781233,645.2183685686771
labeled-data,GOPR0098_clipped,img3415.png,911.296461646077,560.7603865955095,873.6799804485604,573.4696198847604,881.0788943202083,640.8866031255725,810.8406475127931,590.7164268345616,922.5529067207774,522.4849870787867,901.8159005204928,551.918157169513,778.9027950510343,693.5029431932594,599.281309013197,960.6397028056701,856.5391197065289,602.6807366315892
labeled-data,GOPR0098_clipped,img3432.png,924.7400478967786,560.6597209005595,891.6458118252565,566.4194870692454,883.2192993164062,638.1332397460938,811.589111328125,591.32568359375,939.3428963052808,517.6854807767694,912.323209935853,550.8611900679963,777.9134521484375,695.2659912109375,542.1320190429688,939.7992553710938,860.8432006835938,597.8226928710938
labeled-data,GOPR0098_clipped,img3557.png,881.5471724497052,525.2231750183923,879.2602616844829,542.1090384218869,884.5804272738903,636.3643597287962,810.8031725725983,589.4151976461558,887.5147499040554,509.35010873736724,880.388537802226,541.6276576691826,779.3009522350239,696.2715793665411,545.0656684850807,940.5880560902131,857.7788025658441,594.1509565693673
labeled-data,GOPR0099_clipped,img0084.png,1183.889707802472,451.4819110141068,1141.5943640678681,403.69366549578814,1127.1812929036123,552.3737818521441,1013.4715376629132,475.72963743576133,1213.8771283909962,419.18887516138057,1169.9009799553667,431.12525830819425,1011.506395308588,550.4376781053555,706.5493951066883,618.5240976964545,1097.1947929468472,479.21357874623243
labeled-data,GOPR0099_clipped,img0354.png,1188.4969944826437,506.695261910773,1225.5796815970748,475.98030894730493,1127.1001971256685,553.2035674913541,1121.2007680878448,417.51669962141136,1244.853507675136,485.8019215016149,1216.23767927943,491.0481567074943,1024.4806142090633,484.8081166692622,741.6254202395652,403.7246056793424,1135.835365415842,491.0195486076346
labeled-data,GOPR0099_clipped,img0414.png,1187.5205078125,524.6870727539062,1217.8974609375,481.3962707519531,1127.6231689453125,552.5725708007812,1118.468017578125,417.627197265625,1213.6155044241534,499.7386214603524,1189.0894775390625,504.2237854003906,1018.6500244140625,484.70343017578125,752.316650390625,405.0416564941406,1129.81787109375,498.26385498046875
labeled-data,GOPR0099_clipped,img0727.png,1174.6604634250023,569.5278940635297,1183.2107565968952,466.6903433539512,1123.483645850224,554.8589354085611,1119.9284606867316,415.49567699966155,1221.3806983977838,623.2812946397315,1207.4176813571426,580.9558992352877,1034.2932762508874,472.16836850333425,730.4261672901771,405.12844233042165,1149.9748456830182,508.06433389491
labeled-data,GOPR0099_clipped,img0731.png,1185.0572509765625,596.517578125,1181.6529541015625,466.5199890136719,1123.804443359375,562.5017700195312,1148.400634765625,439.1722106933594,1220.4451904296875,643.8992309570312,1208.0955810546875,605.8575439453125,1059.2086181640625,466.8947448730469,761.709520887017,412.8065483351595,1158.07568359375,516.3421630859375
labeled-data,GOPR0099_clipped,img0749.png,1186.806396484375,596.8308715820312,1266.62939453125,642.4970703125,1125.7060546875,560.3872680664062,1229.51708984375,511.85888671875,1259.5499267578125,728.361083984375,1246.02294921875,685.8964233398438,1161.4090576171875,474.7077331542969,968.41650390625,269.7288818359375,1206.652587890625,567.0732421875
labeled-data,GOPR0099_clipped,img0765.png,1184.167813488388,711.3244277324407,1268.5697570495272,643.1321289611892,1145.041084685211,596.7390076659935,1259.0675514830414,574.3808769213208,1260.1854580202748,781.7525395781595,1242.8579066931536,740.3899977005151,1174.1066546532854,543.638447147396,,,1206.3899907743223,639.2618723037133
labeled-data,GOPR0099_clipped,img0770.png,1182.6793362782055,710.4239946976174,1296.0983248197304,749.0116644837273,1114.6952560108828,621.4626581575615,1260.1955532408883,576.1119161637935,1241.2994107434852,814.2033116310753,1233.7409537445237,777.3558337611389,1175.1629120025734,577.0567232886636,,,1204.2843907620552,663.3215524632724
labeled-data,GOPR0099_clipped,img0785.png,1194.4423201869167,722.0770134396942,1292.2935258145906,799.3999941105133,1156.1229669341215,697.4431434914686,1264.8104946085334,579.5066863791226,1263.6085953811912,845.7966830785602,1252.1724882036772,816.062804417024,1189.3578481334948,609.5511112991189,1318.5771177413972,367.7020689693172,1229.6259407447715,696.6669292918551
labeled-data,GOPR0099_clipped,img0903.png,1425.0916748046875,833.2609252929688,1431.663818359375,746.44921875,1212.8160400390625,862.7015380859375,1338.2584228515625,756.333251953125,1552.68994140625,796.266357421875,1505.243408203125,800.1512451171875,1261.8231201171875,789.5548095703125,1280.5801070213263,648.2199739456286,1353.4193115234375,806.0487060546875
labeled-data,GOPR0099_clipped,img0904.png,1425.9458238840734,833.4973641000165,1431.8618938737307,746.5689245527958,1213.0769903741443,861.1705406716267,1329.3236057674083,753.1489216505277,1555.236839456204,794.2739035113523,1508.628526680603,798.1122351516958,1260.7819693327008,789.3389056880533,1267.9102995219105,673.6406233862671,1352.9019287009478,803.5955660664724
labeled-data,GOPR0099_clipped,img0943.png,1380.337821178933,871.5927565846868,1413.9195820672137,857.2371946782462,1211.9033056405951,866.2695806077795,1330.3478506429392,759.2413772924083,1368.683404542306,933.5574338147048,1371.1038707146938,904.9152507747835,1259.7624267848587,779.8578318680848,1244.1718174599941,648.6319693642893,1332.2646707819194,832.6918975341218
labeled-data,GOPR0099_clipped,img0966.png,1279.7891652222213,982.3954952453005,1346.41795541492,978.1552420364509,1218.6252487938277,862.2283076140915,1368.167948251428,839.968134794067,1318.5291656659065,1015.3448577252968,1316.3320049524204,982.387447023008,1280.416734917142,829.4802960827906,1225.8573104122522,608.3862803902812,1303.087912580924,916.3334043419856
labeled-data,GOPR0099_clipped,img1122.png,1277.6566224338292,930.8973322740228,1359.935711551087,891.4301269250941,1226.148574775058,860.6590854666074,1367.9629397576487,843.2667576857236,1361.2735829188473,917.5186185964199,1335.8540269314017,902.8020335510566,1279.6634294854696,797.1101954979936,1568.6436449216924,790.4208386591922,1292.3732074791924,865.3416352537686
labeled-data,GOPR0099_clipped,img1146.png,1280.5966113135253,936.0331355069331,1346.2118920149812,907.1312329602017,1223.8135572089916,861.3823471638647,1348.6197281095253,842.1196584075121,1299.2590881713722,987.3924361116703,1294.443415982284,962.1101571189578,1282.707828594487,810.8938043694438,1414.7542662333003,624.2512434761207,1290.4804595039593,891.5183119662195
labeled-data,GOPR0099_clipped,img1154.png,1276.4424251718783,932.6228354410109,1316.6439080988584,953.6266724458031,1222.6275882525072,864.7300531851442,1359.4632220882859,845.6475328202907,1282.6677133028998,1016.924788778,1283.9314635357878,984.2079731763797,1284.0639952808158,813.9984746541923,1488.3046271216251,683.9295451174394,1290.2951650319694,900.9799101708952
labeled-data,GOPR0099_clipped,img1240.png,1199.509033203125,960.9766235351562,1141.177978515625,992.6044921875,1227.90478515625,866.506591796875,1314.1219482421875,921.6329956054688,1054.3541259765625,990.8416137695312,1085.895751953125,982.9677124023438,1280.089111328125,847.2935180664062,1527.2119140625,820.3271484375,1217.129150390625,921.316650390625
labeled-data,GOPR0099_clipped,img1264.png,1039.5553357930203,973.6359509410181,956.5977565954919,1009.4066502280257,1074.5649563717939,926.4490710304973,1152.1949846116827,994.9461547715758,885.0563580214766,980.485659315126,927.6459001015603,976.3518845003522,1176.6465341105554,931.3509056087145,1458.2257632164706,1003.049894920161,1050.6150937332457,971.4979207934175
labeled-data,GOPR0099_clipped,img1317.png,622.0223209789782,876.0661683511613,622.0223209789782,936.1589029320089,763.2621788989268,925.193075453752,785.0825803569217,992.3589561696084,541.8887831197159,871.2424237681728,578.7404943426,884.2940714929442,816.7411293237267,954.1587740196622,1071.1034339907853,1003.42185655874,,
labeled-data,GOPR0099_clipped,img1323.png,539.5972678864808,858.1202487657422,618.0285067872546,936.4063911237912,626.5032248884797,949.0469898393403,755.9753786737685,924.8052579832405,489.0715637207031,868.287841796875,524.4263916015625,869.4264526367188,758.0046997070312,947.3203125,1011.3704812068961,994.9939302111441,640.154052734375,894.1051635742188
labeled-data,GOPR0099_clipped,img1375.png,524.2847320132046,847.7749468516461,533.180640775029,903.81917205114,635.48359153601,856.2260601753792,618.5813648885435,949.6331021745357,455.5814330044451,904.3669229615083,489.61661328734834,890.752850848347,717.5220435336046,928.2052028953696,983.3230324401324,935.9622322248724,595.0339790390628,891.819938437785
labeled-data,GOPR0099_clipped,img1503.png,515.3227678256262,595.3567585718748,460.736289205205,678.7813768408205,621.4059243898412,769.4155300218972,489.57442885372944,768.3855964630213,410.8628016361138,561.9211342139274,441.0765171503957,577.7909645850654,586.4604953340029,812.8318309032677,630.9619834841993,990.2940770406507,539.4666740701983,692.9097647599015
labeled-data,GOPR0099_clipped,img1514.png,494.3822326660156,595.8731079101562,458.466064453125,605.6149291992188,620.3563842773438,768.0526123046875,460.3449401855469,708.232177734375,467.59783935546875,528.1192016601562,480.67120361328125,564.6336669921875,553.7582397460938,794.3243408203125,634.21337890625,977.9353637695312,536.2401123046875,681.625
labeled-data,GOPR0099_clipped,img1608.png,529.2156042290829,211.45509249672813,533.8370568841518,174.4834712561773,584.6730360899093,328.31182391775485,474.08827612933305,321.37964493515165,596.7256801717581,123.86669892328368,584.5064476615552,145.25035581613878,529.3449951094685,382.2293156659286,231.43454387346867,399.6074253213619,546.7231047649019,263.89266420273975
labeled-data,GOPR0099_clipped,img1615.png,,,540.2572918842629,150.5888588973114,586.7781551024724,325.11991883696055,473.77425122479895,317.9222179530323,,,,,537.8337890917603,366.1468138753515,255.6839144417733,431.64589191909846,539.250553187411,255.0667907113463
labeled-data,GOPR0099_clipped,img1652.png,611.7989501953125,139.93499755859375,538.5228881835938,148.8087158203125,582.7842407226562,326.5780944824219,477.0621643066406,308.4783630371094,544.2864775654325,77.9218587979619,553.2766929773396,106.16402775640793,539.6303100585938,313.927001953125,238.28207397460938,308.64434814453125,562.8080485117982,214.85385646281563
labeled-data,GOPR0099_clipped,img1655.png,597.9528557303906,133.18929234049833,536.2707536950319,150.07843932637036,581.6915460751227,325.28415419651503,486.1835214504779,315.15451522117394,516.5724383765012,80.72572750613675,535.3846250449918,111.83819007325586,550.535943606066,315.39143531668736,245.27445077917378,307.5642175518952,562.6201044942367,209.31208361721582
labeled-data,GOPR0099_clipped,img1728.png,554.316650390625,257.1137390136719,478.5382385253906,266.8136291503906,583.0517578125,333.45458984375,475.2308654785156,315.9300537109375,535.4990234375,213.5332794189453,540.8178100585938,252.45167541503906,524.114501953125,420.7853088378906,211.4091796875,493.4960021972656,534.927001953125,316.4189758300781
labeled-data,GOPR0099_clipped,img1752.png,563.801799956331,262.086307389984,503.4419198475556,284.5651592925624,581.7016264713473,334.5181635205145,475.135217451716,314.5369618293337,468.8870907318388,269.7513813476098,494.40406583421077,276.7560411796335,513.4930632955709,418.9937087462618,166.08224784654362,423.99012951309385,544.2806357262167,310.54921605930133
labeled-data,GOPR0099_clipped,img1879.png,677.7937388197622,246.9924490495232,604.3778068330156,218.57337860304062,574.7746084512629,330.47346848606566,567.0777768720072,222.12576240885096,778.0821039515974,187.50662342533286,747.8528772188474,203.22582132636288,513.8786623073621,308.42353035633306,363.7695822865126,417.91346040630947,618.1912423988798,264.12642551993054
labeled-data,GOPR0099_clipped,img1887.png,677.0133666992188,245.52577209472656,731.5935668945312,185.061767578125,597.6976928710938,322.56365966796875,571.5191040039062,219.69761657714844,801.78076171875,180.34165954589844,768.1061401367188,197.41513061523438,535.355224609375,285.7723693847656,377.4799499511719,410.0816650390625,633.671875,250.7898712158203
labeled-data,GOPR0099_clipped,img1936.png,853.0259073383857,188.92556250158,911.9323854785911,139.18231429429548,789.5003638884126,235.36412564535564,771.7210908963874,158.72932826593686,1013.5587505366611,170.659945089546,971.726948679881,173.1206393164154,728.9649237864055,208.05849575687125,519.1296493625028,214.59315828218314,833.519524191395,187.0023609530886
labeled-data,GOPR0099_clipped,img1943.png,969.0740966796875,192.720947265625,969.8380126953125,150.98199462890625,794.3682250976562,237.27178955078125,802.70458984375,145.48712158203125,1063.937744140625,174.42904663085938,1024.8582763671875,177.62570190429688,772.0890502929688,196.5224609375,506.9043884277344,194.54083251953125,882.197509765625,189.34408569335938
labeled-data,GOPR0099_clipped,img1960.png,1139.4587729905613,205.89547694458196,1070.127409599731,135.46361572215102,933.665678481271,214.69945959738578,1005.7482864511027,129.9611265641486,1201.0866515601883,180.03377790197058,1168.071716612174,182.7850224809718,897.8994989542553,171.22979524916673,621.3239367473705,146.84693704722338,1028.8063510826223,181.92443679394023
labeled-data,GOPR0099_clipped,img1963.png,1159.4722204172406,197.61085890346612,1069.6288629483813,143.6500618871085,933.4238988586181,213.15523638916952,1005.0153171167324,128.97631601973856,1224.5811790202542,176.47034533409743,1184.6160500623673,179.09963013395844,913.492092600522,176.88409269840986,662.4111884845865,137.6159967307116,1033.2574683976018,182.35686638285608
labeled-data,GOPR0099_clipped,img2056.png,1325.08176781103,147.52363942200003,1269.6224249409663,132.58253791819294,1206.4062641933117,234.15496718886405,1202.2234519531244,134.27455407514873,1273.7984821343803,80.75064204486253,1272.74032122468,107.91010539383278,1124.8566577883341,205.6099594701177,872.5341919019929,136.3848035451569,1242.7248056638637,180.1485297384885
labeled-data,GOPR0099_clipped,img2087.png,1272.4571533203125,208.67266845703125,1248.3494873046875,143.8944091796875,1205.0966796875,234.21875,1166.538330078125,136.61172485351562,1307.1793212890625,199.90736389160156,1272.5198974609375,201.55166625976562,1057.3699951171875,196.71995544433594,941.7396850585938,154.0738983154297,1189.834228515625,188.7879180908203
labeled-data,GOPR0099_clipped,img2141.png,1278.9915129901974,203.2023440863494,1232.6899284504857,148.081410110502,1172.608110416812,224.1482989971714,1167.5093956761243,135.1831094103581,1242.529401196203,150.74732719387382,1233.151178907224,167.57296130057142,1059.044310882631,182.86965405558155,942.2306948233324,134.4347400797748,1178.6220598110076,182.29242022294818
labeled-data,GOPR0099_clipped,img2268.png,1235.2483980014872,472.2562676064373,1274.9822999827377,509.4088482671857,1260.6848525108815,339.54701634461634,1352.897478652631,429.55095683027605,1152.4592553624807,531.1504970104073,1183.3808545477382,514.0331831757113,1325.2889079515085,364.94690138964916,1367.4678369613248,159.5907845965301,1286.3881248592475,425.0526450946426
labeled-data,GOPR0099_clipped,img2280.png,1231.3533935546875,474.1532897949219,1211.514892578125,536.2738647460938,1230.5614013671875,398.1500549316406,1302.3548583984375,501.47186279296875,1104.478515625,534.041748046875,1141.919921875,522.4630737304688,1329.856689453125,397.96905517578125,1502.959716796875,233.68284606933594,1261.8721923828125,464.2559509277344
labeled-data,GOPR0099_clipped,img2316.png,916.3828125,464.5104675292969,891.0443725585938,529.5521850585938,1098.1551513671875,438.5098876953125,1096.2969970703125,557.201416015625,804.485595703125,484.6841125488281,857.0609130859375,491.1845397949219,1136.3953857421875,499.54443359375,1452.951904296875,470.7543640136719,1012.5731811523438,495.91790771484375
labeled-data,GOPR0099_clipped,img2423.png,727.71923828125,235.7267303466797,652.2980346679688,253.30020141601562,850.55908203125,345.97296142578125,710.661376953125,382.0423583984375,735.17138671875,203.72393798828125,736.2031860351562,232.3493194580078,803.693603515625,404.296142578125,984.0315351323378,644.0477643805377,750.62451171875,314.8728942871094
labeled-data,GOPR0099_clipped,img2456.png,790.8309503684347,325.2268463958072,713.8255865117569,332.77639187195206,843.5099244259378,372.7581601682641,711.5524482251218,382.768371223881,781.4918063310422,279.1600096290278,765.8257590438502,312.05870893213097,797.9884808250198,465.6744593927175,971.3081094358665,678.8132482865603,769.2820112546458,364.43818333424116
labeled-data,GOPR0099_clipped,img2509.png,844.1632875841356,335.11194035029985,756.835653703088,298.4906745292153,840.8767637283972,383.4707913704499,710.3548163147884,384.4097981863751,897.6866760918745,311.16726654420614,860.1264034548648,324.7828653751221,764.6249488081068,468.8006931998012,951.1251745540947,684.9496727823307,784.7095885038285,361.6826148226184
labeled-data,GOPR0099_clipped,img2516.png,879.8355712890625,342.4913024902344,759.368896484375,298.1396789550781,834.9515380859375,384.77410888671875,708.68017578125,386.05389404296875,943.2647094726562,319.6917724609375,904.6148681640625,326.36981201171875,745.2780151367188,464.4534606933594,,,788.6481323242188,369.9627380371094
labeled-data,GOPR0099_clipped,img2712.png,972.3993681407351,570.2927643421508,1003.44970950984,473.0999318000698,844.3064812090153,447.5440849196453,982.5403802440383,412.1143881081478,1065.0160679035898,606.1064985186422,1032.4904446012315,574.1616899181117,885.821897547191,415.2087826327583,684.9073435834945,211.85889572803916,946.6720839351281,488.01500505704416
labeled-data,GOPR0099_clipped,img2714.png,971.974740314347,568.4360262664962,1001.4600874422317,475.23778308191834,845.6367292302909,447.09458798808,1006.056317323317,452.6841206742481,1060.726108142474,623.113822868796,1029.3542012508608,590.6346722045374,889.1038323114569,418.2302028819737,686.6150887420163,216.91530710134134,948.9700695406829,490.4218418936873
labeled-data,GOPR0099_clipped,img2733.png,1029.2661735824108,739.2690558569285,1095.5381202505532,705.2876605078579,967.6685620494354,643.366575237238,1051.2368559918982,548.7229652301114,1115.6750585499417,808.4894692922246,1092.5175795056448,767.7121692359626,975.0099289515583,546.6675112099181,812.5590834631839,298.13443900630494,1036.3828978279532,650.9333203129579
labeled-data,GOPR0099_clipped,img2734.png,1053.426020487208,771.1110264029387,1096.9239249084815,710.107867763348,968.5520606408211,647.5133223766376,1055.5478694833678,551.4996553004123,1126.6298108547169,816.2003175713319,1106.4722453912,779.5984223875774,979.6917678706594,555.7433532927316,833.4020952964844,304.3806808900031,1042.321555085171,662.5772165025787
labeled-data,GOPR0099_clipped,img2747.png,1083.0401611328125,855.0864868164062,1168.4112548828125,845.0408325195312,1015.7376098632812,780.22998046875,1106.5975341796875,681.377685546875,1173.169921875,911.92333984375,1149.5806884765625,877.9461059570312,1031.00390625,685.12646484375,932.509646658172,419.4099414563474,1091.2027587890625,777.1112060546875
labeled-data,GOPR0099_clipped,img2815.png,1226.1428360869822,996.5798727346569,1308.7393556871993,981.3312845007706,1098.551197095469,927.4631765795186,1181.2305559530657,828.0889471833689,1317.969495602168,1013.3225107777921,1287.7597298657383,1000.602609415085,1126.375981326391,850.3487745681064,1091.2701154509543,744.070193226557,1196.1994278735856,929.6741678426301
labeled-data,GOPR0099_clipped,img3023.png,1154.5018861411413,912.9039564978482,1233.7861950724919,923.8817838883429,1120.9585246701854,865.3333711390378,1178.8970581200183,820.2023029781153,1134.8451159184858,962.8215656112307,1148.235601402802,940.0577402878928,1117.4374847888746,783.835409637535,1100.4762031754071,733.8442638294205,1172.7848247907154,867.7491186725842
labeled-data,GOPR0099_clipped,img3063.png,1081.69582591765,934.9257186702457,1079.919744201793,981.9918841404519,1118.5495215216793,860.3302866042585,1181.1564020056328,910.0605746482499,968.9146369607407,1000.6407421569487,992.891740124808,980.215802424595,1215.7899954648412,828.3608157188354,,,1108.5298830601641,894.6893032740214
labeled-data,GOPR0099_clipped,img3088.png,961.9320678710938,972.0306396484375,868.909423828125,999.978515625,981.2904663085938,919.0298461914062,1073.4852294921875,966.1766967773438,808.6046752929688,989.3202514648438,838.04736328125,976.040283203125,1092.17822265625,913.5667724609375,1314.7008056640625,960.3818969726562,969.6921046403701,951.2445147244791
labeled-data,GOPR0099_clipped,img3102.png,758.9199751734134,967.9692112452739,866.716407129148,1004.0157210699778,983.9295033868083,919.8407450840018,905.2465400060566,1000.4621788379226,713.3809406398108,978.9514085186275,746.332974161288,974.5381897434297,1000.1311831546922,947.9847764704068,1262.4613318116567,980.7419465152665,877.8274500675684,959.8975220185066
labeled-data,GOPR0099_clipped,img3134.png,620.0072631835938,941.3922119140625,710.1294555664062,989.7855834960938,814.3833618164062,945.4667358398438,711.6234130859375,990.4684448242188,555.4578857421875,969.81982421875,587.3280029296875,958.052978515625,830.96044921875,968.4238891601562,1097.4287109375,1005.900146484375,713.5408310915487,950.6935805690764
labeled-data,GOPR0099_clipped,img3184.png,450.7118516898994,880.0883869964998,527.8954276434017,921.6871950827001,644.9481440649422,908.1031470057809,613.9104225908345,965.8224185190337,416.7936651587823,833.5037111820484,450.5539937797415,848.750311204417,715.8862551057636,951.3859863408895,975.4320852303526,1009.0560637455665,567.0593169491831,909.9597364131496
labeled-data,GOPR0099_clipped,img3418.png,491.5130920410156,883.1970825195312,514.4244995117188,933.6895141601562,641.3338623046875,908.35546875,616.7383422851562,972.5844116210938,464.6380920410156,926.8577270507812,489.699462890625,917.7098388671875,731.0963134765625,946.094482421875,814.4718627929688,1032.59765625,590.8035278320312,918.9343872070312
labeled-data,GOPR0099_clipped,img3549.png,473.8111858992574,957.8226858961467,532.6899678207942,970.8812301657372,643.7765213726218,907.6523483132269,648.4355333451407,983.2318758674228,424.28529066728544,1001.8679237574985,468.287070407742,988.4085558368882,687.2606331161318,919.0410442460509,863.9215054966344,998.2937788765613,590.3142601972105,942.8391556833618
labeled-data,GOPR0101_clipped,img0111.png,487.1755065917969,744.892822265625,557.9554443359375,785.2565307617188,658.3555908203125,723.3038330078125,701.2061157226562,793.513916015625,436.53875732421875,792.038818359375,471.7728576660156,783.8051147460938,762.9544677734375,746.7823486328125,1088.210205078125,775.1292114257812,622.9261474609375,757.4599609375
labeled-data,GOPR0101_clipped,img0113.png,478.7794029,752.7209559,556.6405997,786.3797025,662.4831641,724.3340612,681.9123708513911,787.412512574276,432.7638762,792.2229924,470.9702995,785.6651735,763.0849272,745.8483408,1069.291836122386,795.8333439462712,612.5115066,748.2767794
labeled-data,GOPR0101_clipped,img0375.png,913.2029418945312,122.71882629394531,828.916748046875,125.92212677001953,880.5944213867188,316.61273193359375,802.0999755859375,315.9481506347656,894.5827026367188,75.25524139404297,890.3390502929688,101.9627914428711,837.4281616210938,320.76025390625,751.813232421875,505.2925109863281,854.9066162109375,214.94468688964844
labeled-data,GOPR0101_clipped,img0408.png,908.3054154788589,122.71391284874332,830.354228464282,126.24111588107712,879.1616659052594,320.6824799339795,792.6639712736867,312.6191355191719,828.2406749027414,96.29484347848879,849.6267966172006,117.34680704115956,834.3343518104873,338.50440145350603,826.5859454064804,411.43057937357185,863.8409684276043,218.1304694057535
labeled-data,GOPR0101_clipped,img0443.png,890.3456326164428,176.03803125077877,808.6761816721222,173.52439845681735,882.6760152647928,322.83767215563785,789.4099528077583,316.26963958824103,854.9207625788124,149.9498292919979,853.0915622897302,180.78491987938298,813.1285127539395,390.75814980568634,858.1662086599466,519.3407714782951,842.2556100304006,257.2464885853397
labeled-data,GOPR0101_clipped,img0737.png,1368.7033727935386,155.32941199517475,1281.8866816970528,137.2426013500735,1207.9891410613534,292.2724068795127,1191.9693944899782,197.7042255065548,1315.0850311407767,140.75818217230068,1305.85893217923,158.15596878550312,1136.7744451967246,270.8611248898619,906.9959006208957,333.2446996907353,1246.5101357853055,217.22372052921725
labeled-data,GOPR0101_clipped,img0762.png,1273.6591796875,252.15965270996094,1272.7628173828125,184.75051879882812,1209.474609375,290.1207275390625,1167.7786865234375,205.45608520507812,1316.2974853515625,257.41998291015625,1277.5198974609375,244.16302490234375,1077.9713134765625,269.1329040527344,1019.199951171875,253.49205017089844,1197.63134765625,241.9010772705078
labeled-data,GOPR0101_clipped,img0859.png,1433.8093621943235,348.340815437212,1415.0953452485237,274.37589131809807,1211.023446172896,288.63418994346944,1269.39335617051,223.58070246521257,1590.192402925091,340.6234294707736,1530.2253913057373,330.0410156555936,1212.6869660630664,278.2704352969078,933.0531548740835,234.45604621011424,1339.4088895623026,293.38064390044747
labeled-data,GOPR0101_clipped,img1195.png,822.2604370117188,153.67250061035156,857.7759399414062,236.3104248046875,1017.2799072265625,260.2518615722656,898.3382568359375,285.8225402832031,770.5925903320312,128.95040893554688,790.665771484375,152.8853759765625,1009.760498046875,327.3792419433594,1318.1163330078125,315.7918395996094,909.5338606232074,242.69834449409035
labeled-data,GOPR0101_clipped,img1227.png,863.4653573661492,124.13152404561984,792.3749029427769,146.0055100220421,1007.9629921687167,262.05211108623604,884.8266975769852,273.31028659176576,874.4523820049851,114.31094587783963,861.9866630338198,134.2560962317041,970.4766272864612,328.62040669934464,1269.0059435189646,429.58947514004603,885.832383066891,217.18026813632665
labeled-data,GOPR0101_clipped,img1266.png,1045.2199606028241,124.38931244808354,948.959017748317,123.40460032980025,1019.9815310791626,299.5773094336483,886.2547649169513,274.36283500575666,1065.9078952156794,78.0501412457429,1034.8400606527416,100.11280637014812,960.9838294859496,316.81766033644806,1169.4854135980745,511.8194699185957,969.5723359267976,191.2976759663007
labeled-data,GOPR0101_clipped,img1425.png,975.4539192612605,190.18979801882875,962.25048828125,214.06549072265625,1005.3208618164062,202.99603271484375,949.6883544921875,279.1749267578125,861.25634765625,214.3261260986328,901.2235717773438,221.457275390625,1040.17236328125,319.0027160644531,1076.1693115234375,389.8485107421875,978.5656127929688,249.51077270507812
labeled-data,GOPR0101_clipped,img1658.png,762.2788749378453,247.00486202426376,793.9999163526627,278.3437222172157,864.321261175872,195.41039707245255,921.266263233797,247.7692244679943,714.8884034265521,268.78919167058405,759.6036063847885,264.5851982300661,966.799441247535,213.13659628945487,1058.7411157234167,113.79283785153194,849.0674838256768,241.6399766186961
labeled-data,GOPR0101_clipped,img1672.png,757.2836371237988,263.6427144427259,794.1840209960938,280.7551574707031,862.0181274414062,195.64370727539062,918.3468017578125,246.96646118164062,724.8054809570312,373.90374755859375,748.7657470703125,341.09637451171875,959.444580078125,208.69825744628906,1064.563323200517,124.87504689454333,855.599365234375,246.41839599609375
labeled-data,GOPR0101_clipped,img1728.png,563.4767518807782,571.7975667878826,647.1882069399346,712.3810092896867,585.2358075941335,502.9956886616659,692.8231307058286,467.13324762443415,581.938088212045,754.961915366818,597.4021858271556,718.1680279377618,687.2974160503027,432.2910546009131,722.4613128157623,183.2757100869432,631.2819774220541,566.4054428487167
labeled-data,GOPR0101_clipped,img1771.png,534.7454223632812,696.4066162109375,546.88134765625,777.9830932617188,563.2129516601562,586.9349365234375,679.1090087890625,536.9598999023438,431.76605224609375,788.828125,471.73419189453125,774.9498291015625,669.3493041992188,556.590087890625,565.4666022171082,378.54205593792267,588.4909548953865,663.2303269578404
labeled-data,GOPR0101_clipped,img1796.png,516.656494140625,841.61328125,545.6378784179688,780.6734619140625,543.8040161132812,617.3901977539062,606.5347900390625,720.3109130859375,554.4307250976562,906.9479370117188,545.4117431640625,877.5770263671875,627.3966674804688,620.8406372070312,546.276611328125,452.1856994628906,573.43505859375,714.0463256835938
labeled-data,GOPR0101_clipped,img1856.png,686.245361328125,963.3602294921875,726.1713256835938,922.0689697265625,624.7461547851562,920.3287963867188,660.2484130859375,814.3497924804688,865.3101196289062,985.126953125,834.7696533203125,971.0511474609375,607.0223999023438,829.3888549804688,671.1083984375,591.8145751953125,681.1793823242188,896.0015869140625
labeled-data,GOPR0101_clipped,img1922.png,1359.125,902.9878540039062,1261.7476806640625,899.534912109375,1073.4715576171875,988.828125,1221.0410860158756,888.7738265560461,1414.02880859375,853.1255493164062,1376.7398681640625,864.88671875,1089.1439208984375,924.6780395507812,781.7391357421875,951.5171508789062,1217.3042382555993,918.8486875196669
labeled-data,GOPR0101_clipped,img2082.png,1236.21826171875,662.5437622070312,1145.5546875,688.7957153320312,1286.292724609375,688.7001342773438,1263.1539306640625,798.44921875,1097.5179443359375,626.0242919921875,1133.9224853515625,647.7916259765625,1311.4595947265625,778.4679565429688,1323.0975341796875,978.4269409179688,1226.616943359375,721.7271118164062
labeled-data,GOPR0101_clipped,img2155.png,1059.5341952827796,600.4931221673698,1049.0964760715538,675.4549237752648,1169.6046887829798,638.4484647536458,1146.8314832312142,729.541286960708,964.201051907691,542.7292993432166,991.1354831227521,586.1459944361511,1228.9451213816353,709.8297592542788,1392.3971807566863,785.7544492869987,1101.034527169043,663.4283844476031
labeled-data,GOPR0101_clipped,img2329.png,730.7531391276979,131.77103661913506,620.814453125,139.28614807128906,813.2566528320312,183.14125061035156,800.5509033203125,248.9404296875,568.6519775390625,80.35106658935547,598.0844464502693,102.41721455989031,804.1950081030454,237.46265942009995,814.7229902342741,250.3308547919399,728.8180541992188,182.9805145263672
labeled-data,GOPR0101_clipped,img2436.png,553.3440238646813,175.24981869748996,527.3785042518153,215.5458559984201,664.6074539355358,136.77144761187807,641.565213674389,210.8666739756282,483.35659554474546,176.54664407884945,512.2904309945897,186.10277321824753,734.2912657031275,189.1372616252032,881.2805718342324,188.2796120775538,606.5865388985083,193.68697493061924
labeled-data,GOPR0101_clipped,img2548.png,538.2611694335938,169.8972930908203,523.8134155273438,214.7168426513672,597.8111572265625,152.51705932617188,641.5041349297223,211.28306572852725,450.722900390625,208.32704162597656,482.01898193359375,206.07037353515625,726.1145706595017,183.34419253276675,886.8012498652961,180.02517229405345,598.7217407226562,194.78038024902344
labeled-data,GOPR0101_clipped,img2556.png,537.3894232425336,168.77090071228724,528.359351018674,212.91792047337822,600.0982581304469,150.7107562645682,644.7469485706412,210.91123775696502,455.03036065253326,201.9155789491565,484.45875064269694,202.69001026468712,729.8674057281019,182.4480514997374,887.7028668010233,174.07858621992298,606.3359393612448,193.89945752630902
labeled-data,GOPR0101_clipped,img2826.png,518.4393522434559,285.85071439233593,557.5696652135139,275.3156301311665,595.6966368253652,145.8845949225134,606.7333917656379,213.10846592235646,598.706660899985,347.55620792204263,589.6765886761254,307.4225535937781,674.3982944596285,155.7780855054768,905.9623926916531,63.5900431243215,581.0308518029176,216.859637883159
labeled-data,GOPR0101_clipped,img2948.png,738.8225708007812,341.34588623046875,809.5078735351562,300.7250671386719,667.9241333007812,359.02838134765625,671.3574829101562,268.1058654785156,875.0127563476562,348.2273864746094,835.6975708007812,341.332763671875,612.8568725585938,305.9723205566406,480.1633585735155,158.15592253507438,712.9300537109375,312.3362121582031
labeled-data,GOPR0101_clipped,img2950.png,739.0204395375239,341.8355757190957,834.1836579223486,310.3165479738034,701.6859382341344,371.180259374973,668.3008051058109,270.07099904347916,869.7700141574408,350.3512852601053,837.4667327529788,347.83880781753606,622.8253215972962,319.18130590517296,464.89169368930817,196.3139770815984,,
labeled-data,GOPR0101_clipped,img2965.png,921.3690185546875,374.8157653808594,970.0111083984375,353.8461608886719,810.959228515625,392.2286376953125,823.9293212890625,292.17633056640625,1049.4981689453125,407.0137634277344,1004.0958251953125,398.008544921875,759.1124267578125,330.99810791015625,491.6849060058594,227.19276428222656,870.7217407226562,347.63507080078125
labeled-data,GOPR0101_clipped,img3011.png,1304.243807736687,465.3607105702281,1357.80907295429,424.2940072367322,1043.8808869658897,442.4239804510608,1118.0034156517854,367.2467431683919,1423.3393467128649,450.3043781563274,1374.583388633856,453.44072633684846,1053.206661437211,395.2632555726373,757.4460592631781,299.68534030362315,1195.1886762522154,426.1371394807427
labeled-data,GOPR0101_clipped,img3029.png,1264.0751953125,470.6951599121094,1296.892578125,438.946044921875,1041.706787109375,438.7898254394531,1120.8785400390625,364.9703674316406,1284.435546875,516.4116821289062,1257.395751953125,486.368408203125,1024.4481201171875,376.0023193359375,728.4453125,255.24229431152344,1151.65234375,421.2628173828125
labeled-data,GOPR0101_clipped,img3091.png,1012.4923095703125,628.5945434570312,1087.5396728515625,632.05224609375,1047.940185546875,486.10906982421875,1127.9805908203125,428.604736328125,1008.3521118164062,692.05712890625,1020.3251342773438,652.90283203125,1073.340576171875,392.3805236816406,852.312744140625,209.9879608154297,1077.3564453125,527.91845703125
labeled-data,GOPR0101_clipped,img3113.png,1004.5718157652474,801.3413397465561,1097.0066300160481,805.6075619427468,1003.1497416998504,646.3352666182901,1098.4287040814452,634.2476370624162,1013.8152971903274,883.1105985068797,1025.9029267462015,835.4711173160824,1047.5351917210728,566.5254077626247,841.7690779486227,332.5452777910357,1049.500239751961,717.3796087864106
labeled-data,GOPR0101_clipped,img3126.png,1005.331298828125,804.1906127929688,1080.06494140625,870.858642578125,998.8544921875,762.4844360351562,1095.3662109375,645.0125122070312,1018.0927734375,958.4466552734375,1023.6165161132812,917.2001953125,1037.450927734375,645.1980590820312,891.7688598632812,357.7464294433594,1048.333251953125,764.4943237304688
labeled-data,GOPR0101_clipped,img3208.png,1343.4861588813492,982.3694767900105,1357.6742441396918,941.2079321249585,1125.2989501953125,963.8370361328125,1177.11474609375,868.8121948242188,1367.34423828125,999.41064453125,1349.4664570087093,974.7771865534916,1126.798828125,888.6375122070312,1080.8480717569828,856.681940226857,1230.58740234375,934.9895629882812
labeled-data,GOPR0101_clipped,img3312.png,1267.1607711037987,986.3315084748059,1308.798670473781,945.779815175345,1115.1014946521948,959.8873186913028,1210.127211772843,869.4155496754778,1317.742628070079,927.936206606149,1285.9179936059804,933.8045789186777,1108.4959649942155,872.1112844513091,934.3826070457397,798.4746524966557,1199.2292997990141,922.9326603353006
labeled-data,GOPR0101_clipped,img3325.png,1264.149600699367,980.9360969066643,1326.687215227797,907.0592445791235,1116.0963876589667,962.3303122184151,1206.4538911024006,867.71065875283,1401.3774423553577,897.2746235389387,1360.3920999773857,911.7849621448047,1105.8022985872847,881.6234151858514,950.1635741175114,812.763401941525,1218.3343584780926,922.5758498909909
labeled-data,GOPR0101_clipped,img3443.png,1308.1192626953125,829.4591064453125,1249.2554931640625,832.9749755859375,1243.5350341796875,898.8868408203125,1206.5816650390625,869.7134399414062,1273.6605224609375,733.0641479492188,1265.7847900390625,769.5667114257812,1145.37109375,925.6292724609375,978.1505126953125,1015.7994995117188,1233.556852709082,856.454710531624
labeled-data,GOPR0101_clipped,img3507.png,1280.5459258858361,628.9790262555921,1225.192208814598,545.1867022486718,1280.0380936191275,674.6839302593668,1223.668712014472,727.4984859970621,1258.2013061506573,465.9648686421291,1248.552493083194,524.8734115803276,1266.2310788382815,761.0256014910885,1160.8609848831934,988.0079594290842,1234.581277674772,637.4396376518442
labeled-data,GOPR0101_clipped,img3549.png,1396.6744315618646,525.2225727619681,1387.4434521419332,433.7513797255524,1272.1275974977768,682.8512086922632,1226.969272496942,594.7067516101745,1457.5220804006804,435.12965036569966,1420.2148751745317,459.5405377358956,1208.5570942541428,662.3371835610202,1113.3670528895661,903.4330545290586,1316.0862742944332,549.4157222978698
labeled-data,GOPR0103_clipped,img0059.png,1260.354107,262.4772445,1214.527538,192.1571643,1158.034439,272.3536603,1078.628057,218.2309019,1333.715994,289.2353654,1309.568109,272.7708982,1040.3914,281.918833,719.7650585,331.606224,1142.858074,242.4008936
labeled-data,GOPR0103_clipped,img0111.png,1256.861063274136,258.45929525770555,1215.2254887346135,194.26206260634112,1158.1668676063514,270.6021490027035,1079.5390473066673,216.11138827572347,1290.095947265625,345.7491455078125,1272.4503173828125,320.111328125,1041.671630859375,281.4064025878906,741.9139404296875,356.9721984863281,1140.2388916015625,247.49649047851562
labeled-data,GOPR0103_clipped,img0152.png,1126.6701715033844,381.926462008788,1222.0957685112896,339.3170025396545,1093.8729248046875,295.5826721191406,1077.1142578125,211.77394104003906,1082.7183837890625,490.6529846191406,1095.48291015625,456.2593994140625,996.459228515625,232.88351440429688,758.6280746264283,215.9684681690484,1114.3212661008765,296.54515846496963
labeled-data,GOPR0103_clipped,img0289.png,856.7687377929688,255.326416015625,846.338623046875,336.0495300292969,1016.080810546875,315.9453125,987.0604858398438,398.162841796875,785.691650390625,234.35671997070312,814.4056396484375,259.6072998046875,1068.1563720703125,374.6857604980469,1192.5010986328125,198.47459411621094,938.430908203125,332.9689025878906
labeled-data,GOPR0103_clipped,img0414.png,666.4549685,129.2927514,611.3396097,178.109212,851.0942306,218.7203081,763.9259957,237.567494,568.7546012,174.230027,597.9828729,181.0075972,850.3035813,257.861542,1121.828148,284.7378813,737.6101882,202.4562987
labeled-data,GOPR0103_clipped,img0436.png,603.9582036477326,133.38488856653362,607.1012085832158,171.42407837659204,730.268310546875,162.22190856933594,614.3898315429688,184.98854064941406,468.450439453125,176.41062927246094,502.57421875,173.81178283691406,746.5444946289062,212.03530883789062,1003.0296020507812,268.1966247558594,643.0883586838618,169.44669337343663
labeled-data,GOPR0103_clipped,img0465.png,456.042236328125,187.22377014160156,449.7509345529091,246.6681193682182,624.674072265625,137.19618225097656,625.0100708007812,187.04502868652344,368.2987060546875,273.88800048828125,411.69000244140625,264.57159423828125,666.1367797851562,184.6171875,929.0762329101562,166.40725708007812,551.8748168945312,190.12286376953125
labeled-data,GOPR0103_clipped,img0523.png,455.1670354,187.5856595,452.4824197,237.8263251,626.27729,132.4800807,611.983567,194.7087801,441.0634785,287.7629648,462.6558701,265.3104286,704.7661945,159.6550208,949.2462754,93.67993857,575.9942741,179.4813252
labeled-data,GOPR0103_clipped,img0594.png,473.30821899777663,369.65723918863057,582.5496779531834,308.25292555848915,521.4668521766549,228.71479677607377,619.7365596723849,188.03423476720565,,,574.8919094,347.9053046,598.9138614,155.7296889,,,566.4260301,246.4977047
labeled-data,GOPR0103_clipped,img0598.png,535.6533203125,317.1521301269531,604.6664428710938,283.75201416015625,521.4199829101562,222.63323974609375,618.4513549804688,187.7567596435547,605.4551391601562,324.9643859863281,590.7161254882812,310.0316467285156,600.8128662109375,153.42881774902344,711.3947678641334,7.892197324142344,566.947998046875,243.2211151123047
labeled-data,GOPR0103_clipped,img0618.png,602.7158512137198,339.69756321784763,676.088134765625,288.2316589355469,579.8519897460938,321.57086181640625,590.652099609375,230.4995880126953,787.6605224609375,362.2878112792969,753.6510009765625,350.5594787597656,529.056640625,255.4821014404297,419.2220458984375,101.93309020996094,619.6143798828125,295.5732727050781
labeled-data,GOPR0103_clipped,img0631.png,668.7572695,349.9365847,675.9584379,289.7856488,572.1768936,314.3543409,614.9603058,245.7314423,761.3646728,316.9366825,722.9778314,316.0487335,530.8230349,256.0372019,442.1947799,102.2369652,628.2915999,298.1283547
labeled-data,GOPR0103_clipped,img0684.png,682.1318359375,277.65582275390625,642.6649169921875,264.9830322265625,577.6466064453125,314.9071350097656,601.624267578125,254.79873657226562,692.4715576171875,206.4646759033203,687.4633178710938,240.6225128173828,514.2098388671875,297.0275573730469,456.3146666452445,124.64304286320193,624.881103515625,296.2013244628906
labeled-data,GOPR0103_clipped,img0732.png,795.2295532226562,117.2210693359375,715.2877807617188,124.38040924072266,728.770263671875,210.9318389892578,666.979248046875,196.39138793945312,784.9606323242188,16.515071868896484,778.3995361328125,46.993221282958984,690.2737426757812,258.6434326171875,458.9922790527344,433.6950988769531,727.2752685546875,170.76524353027344
labeled-data,GOPR0103_clipped,img1002.png,809.0423831,173.4033776,775.4731246,127.2456473,726.9841958,206.972636,657.9807202,181.3294525,867.7885853,166.4097821,832.3543681,168.7409806,624.8610681,260.2122103,550.1728187,296.6455027,726.4440527,191.2332245
labeled-data,GOPR0103_clipped,img1168.png,723.1791381835938,163.87026977539062,722.9090576171875,183.72216796875,785.646484375,147.2589569091797,745.1984252929688,208.02069091796875,648.32568359375,193.8866729736328,687.3018798828125,188.7972412109375,861.614013671875,233.99559020996094,844.3112182617188,473.8924560546875,774.3434448242188,190.52281188964844
labeled-data,GOPR0103_clipped,img1306.png,414.3042784,381.798913,416.4005126,488.7068572,577.1118012,234.3637744,627.421422,267.9035216,326.2624421,488.7068572,363.9946577,467.7445152,633.5280461,290.0054634,870.4544513,165.2304084,532.8129016,322.2256761
labeled-data,GOPR0103_clipped,img1423.png,392.6408445,420.4502931,414.8622306,487.6842305,455.4546799,308.7231898,560.2784313,389.8063704,234.1957562,452.302305,288.6988808,450.8090687,591.0792292,348.522383,812.0781998,267.1410053,479.8483837,395.7680564
labeled-data,GOPR0103_clipped,img1461.png,416.5078198,376.399975,417.8134231,484.7650455,455.023116,309.8142088,562.7353849,387.4976027,250.0434043,377.7055782,300.3091298,386.844801,601.9034826,335.9262739,762.6405511,282.1141123,490.8041631,376.1482243
labeled-data,GOPR0103_clipped,img1494.png,416.1041259765625,375.48297119140625,419.9137664759871,483.7455276086168,454.39361572265625,309.7220764160156,561.6365966796875,385.479248046875,373.1183776855469,470.7399597167969,409.3406982421875,445.06756591796875,619.63525390625,301.06427001953125,760.1149291992188,265.5751953125,502.5837707519531,365.1552734375
labeled-data,GOPR0103_clipped,img1999.png,421.4336192,384.7293629,469.0525248,378.9822536,500.5551417,244.3182859,557.4190041,290.3111158,518.8543942,486.127836,510.8074538,446.7321994,613.5816458,229.2254067,686.9325546,199.1574134,515.8420942,297.8541586
labeled-data,GOPR0103_clipped,img2087.png,414.1800831,485.9428297,417.6226887,563.9752236,505.4091318,251.845648,549.0154696,296.0257534,326.3936399,599.548815,357.3770905,568.5653644,565.0809625,323.5665983,771.7438981,216.0885075,479.5168252,390.4514304
labeled-data,GOPR0103_clipped,img2137.png,471.34011987159033,456.4298146921676,473.9756782985055,433.47272742398115,502.1328125,245.9653778076172,540.3972778320312,281.8690490722656,547.9989061660146,459.2003441801375,520.9043836333389,432.7872644463582,593.8904418945312,242.3273468017578,779.9647216796875,144.25379943847656,513.7984619140625,340.74871826171875
labeled-data,GOPR0103_clipped,img2144.png,471.1103942,425.0600964,532.903473,404.3120553,502.2324558,245.0933925,538.3160054,284.7852971,578.00791,460.2415573,549.1410703,429.5705401,595.0006902,238.9154913,809.1878995,183.0722102,512.4594691,308.6264644
labeled-data,GOPR0103_clipped,img2222.png,962.1864624023438,508.0601806640625,1010.8683471679688,416.04095458984375,939.8021240234375,525.6702880859375,819.2376098632812,437.7401123046875,1094.91455078125,406.63623046875,1061.543212890625,427.9801330566406,815.2462158203125,518.4197387695312,502.7335205078125,467.7543640136719,925.7980346679688,469.4758605957031
labeled-data,GOPR0103_clipped,img2224.png,1034.502324,482.0706395,1011.02785,416.014563,938.0334128,528.2058656,824.4638103,439.5172361,1116.698515,396.7910904,1076.038393,417.8472252,823.3647749,520.9496784,502.9674828,465.6401088,936.2157278,475.6478718
labeled-data,GOPR0103_clipped,img2275.png,1383.335003,328.2154083,1431.688109,283.7396736,1255.123957,389.6800228,1235.070783,323.3222472,1455.738003,308.184832,1421.990357,311.1451518,1158.824612,396.9779275,855.4811634,421.8868444,1285.039364,352.1423124
labeled-data,GOPR0103_clipped,img2412.png,1352.274313,328.3048529,1305.161112,278.2470773,1317.78072,372.4734784,1220.18909,319.4711277,1350.265988,279.7226095,1337.378863,289.9434324,1215.385937,420.9613019,893.8759844,439.7240015,1275.344046,343.0005901
labeled-data,GOPR0103_clipped,img2536.png,1352.193603515625,379.2308349609375,1399.3865966796875,381.4919128417969,1315.9835205078125,379.9838562011719,1298.770751953125,302.73797607421875,1400.78759765625,435.23602294921875,1378.058349609375,411.66064453125,1189.0343017578125,362.96728515625,884.0424194335938,430.2430114746094,1314.0460205078125,352.70892333984375
labeled-data,GOPR0103_clipped,img2552.png,1352.65966796875,436.9422607421875,1400.770712850416,439.9602779916643,1300.98046875,379.6286315917969,1385.595947265625,374.2264709472656,1345.9835205078125,543.9221801757812,1349.492919921875,507.6187438964844,1248.4820556640625,305.9567565917969,956.0697021484375,286.94464111328125,1337.83935546875,394.16705322265625
labeled-data,GOPR0103_clipped,img2601.png,1312.188039,476.43858,1395.670004,495.8735349,1301.145451,377.0552878,1384.627416,371.7548456,1216.182386,540.4172208,1250.59152,517.2634108,1296.0242,305.3156995,1051.286198,187.1756544,1339.11197,417.0053254
labeled-data,GOPR0103_clipped,img2709.png,1267.522227,725.3305776,1350.8299,704.9531612,1287.300308,616.2514662,1343.637871,535.940472,1270.622413,798.1090113,1275.710302,766.7336951,1265.534524,516.5791468,1122.823324,263.4356911,1295.625969,627.2510707
labeled-data,GOPR0103_clipped,img2728.png,1213.02978515625,837.279052734375,1262.6553955078125,900.0716552734375,1217.3231201171875,729.0670166015625,1317.5367431640625,776.4609375,1187.5848388671875,949.7023315429688,1197.5499267578125,923.1676025390625,1278.3209228515625,682.4221801757812,1369.7498860829612,392.55169473780154,1255.90087890625,791.4572143554688
labeled-data,GOPR0103_clipped,img2753.png,1163.7015057606134,962.3076142702033,1160.5237022967622,987.8404502510102,1215.67138671875,833.0580444335938,1260.466064453125,866.2754516601562,1030.937255859375,969.39501953125,1059.6890869140625,966.4791870117188,1261.5760498046875,788.9806518554688,1433.3797628594848,564.7963082115616,1191.0694580078125,894.9014282226562
labeled-data,GOPR0103_clipped,img2802.png,968.5499032,945.0106443,1043.985532,979.6168322,1145.619532,851.2578171,1254.596378,867.9760435,903.3085972,998.6636524,944.7962533,979.5628398,1199.838365,834.105924,1429.614073,701.6685194,1094.420357,910.0643464
labeled-data,GOPR0103_clipped,img2824.png,926.039306640625,967.0567016601562,915.7596340664018,1005.2810738181488,1038.4407958984375,857.5785522460938,1132.1693115234375,923.5829467773438,850.1430053710938,1038.35693359375,877.3169555664062,1012.95654296875,1100.12255859375,867.2969360351562,1348.6234130859375,726.8977661132812,1004.8165893554688,934.4368896484375
labeled-data,GOPR0103_clipped,img3112.png,1285.1712646484375,966.7225952148438,1302.208740234375,951.453125,1189.59912109375,985.6207275390625,1202.1165771484375,890.0685424804688,1341.2371826171875,939.148193359375,1316.3653564453125,939.8804321289062,1097.6021728515625,909.115234375,899.6851196289062,748.8238525390625,1213.1064453125,938.8588256835938
labeled-data,GOPR0103_clipped,img3181.png,1307.9439843769524,686.4436499003913,1260.7528076171875,788.8853759765625,1348.577880859375,820.8784790039062,1264.09716796875,809.0181274414062,1231.78466796875,648.5845947265625,1242.091064453125,685.0967407226562,1301.991943359375,876.9412841796875,1081.1536865234375,1002.7586059570312,1292.4456787109375,777.3240356445312
labeled-data,GOPR0103_clipped,img3444.png,1370.664376,509.1574268,1324.269417,458.5921337,1328.961042,636.3525968,1267.969915,572.7550118,1416.538044,481.007676,1394.122502,484.1354261,1234.386966,673.9302423,1236.372783,896.5808433,1308.328503,575.476034
labeled-data,GOPR0106_clipped,img0177.png,626.0895293,825.5583349,575.0218465,813.1028025,651.0005941,779.4728651,764.3459388,852.9605061,523.9541638,728.4051823,551.356335,760.1667899,783.652014,785.0778546,1125.82582,698.0748621,680.4011904,818.2871843
labeled-data,GOPR0106_clipped,img0178.png,626.9861450195312,825.9360961914062,537.5632934570312,797.5911865234375,650.8495483398438,779.6791381835938,764.2322387695312,853.3234252929688,520.6984252929688,721.9401245117188,545.9983520507812,752.7444458007812,781.5209350585938,785.8595581054688,1129.3341064453125,700.0927734375,679.3196411132812,818.6075439453125
labeled-data,GOPR0106_clipped,img0259.png,683.1131591796875,879.04150390625,765.2009887695312,898.4725341796875,682.7305297851562,757.21142578125,762.9453125,853.8703002929688,784.580562913989,930.894369770633,767.9545352162357,906.6028072623858,773.4600830078125,756.5485229492188,1034.7420825847848,615.2199361388008,721.548095703125,830.5703735351562
labeled-data,GOPR0106_clipped,img0491.png,641.7536842,903.6173267,719.6245365,927.4111983,677.8050047,848.8193196,754.2338041,890.6388513,666.9896085,939.6686472,670.5947406,927.4111983,767.9333059,815.6521047,995.9710902,590.7752028,699.7066494,884.5748055
labeled-data,GOPR0106_clipped,img0524.png,728.1800711788355,988.7678157812455,805.7831762145466,994.0947758188779,676.523681640625,847.0249633789062,790.2567138671875,878.284912109375,876.9598999023438,997.7183227539062,845.7796630859375,982.4879760742188,755.5083618164062,797.9285278320312,960.5324096917509,655.2303989615611,749.1427001953125,906.4086303710938
labeled-data,GOPR0106_clipped,img0555.png,969.407470703125,925.0935668945312,914.6488647460938,892.0901489257812,839.3308715820312,947.4252319335938,811.1381225585938,857.917724609375,1017.0487060546875,898.3547973632812,975.8445434570312,898.4086303710938,751.9229736328125,884.9464111328125,624.357666015625,659.5986938476562,877.3186645507812,897.182861328125
labeled-data,GOPR0106_clipped,img0672.png,962.872933,927.821618,962.4350641,893.6678487,839.8317895,949.2771911,859.5358872,868.2714561,1018.920144,884.0347342,981.701293,888.8512915,772.3131281,895.9317285,579.4477545,707.7397399,882.5725532,901.9799919
labeled-data,GOPR0106_clipped,img0756.png,1134.3912353515625,779.0404052734375,1115.7723388671875,721.2783813476562,1039.691650390625,863.68310546875,1043.388427734375,773.8478393554688,1186.2613525390625,687.6345825195312,1155.942138671875,720.7973022460938,965.6653442382812,848.9737548828125,656.9940185546875,868.4676513671875,1079.4398193359375,790.2670288085938
labeled-data,GOPR0106_clipped,img0859.png,1470.300669,678.8143159,1387.121512,634.6147033,1213.038903,820.9828423,1180.46079,723.8006735,1473.885441,629.1648498,1443.236318,642.1517666,1118.569882,768.5458127,969.1912879,878.7657279,1280.18507,714.3353283
labeled-data,GOPR0106_clipped,img1114.png,1310.829916,670.3103903,1266.231231,685.4831388,1216.222136,821.6099987,1181.398341,720.1933332,1259.599143,571.1230539,1262.042918,596.7826922,1130.43756,796.4342123,933.4694656,889.0792844,1228.247647,734.0260221
labeled-data,GOPR0106_clipped,img1121.png,1309.1715087890625,671.10205078125,1266.5633544921875,679.396728515625,1215.520263671875,822.8926391601562,1178.639404296875,720.8115234375,1232.18603515625,547.8252563476562,1237.912109375,573.861572265625,1127.8402099609375,798.68359375,936.855712890625,888.87158203125,1224.1087646484375,730.8387451171875
labeled-data,GOPR0106_clipped,img1270.png,1309.455919,734.3956228,1308.808815,718.4337267,1213.895053,822.8794789,1178.64595,720.5591657,1350.485328,726.9235871,1318.663221,729.8610123,1126.920365,785.8059903,920.5427184,851.1051674,1237.364652,744.6916936
labeled-data,GOPR0106_clipped,img1343.png,1246.813643,871.5135848,1291.819818,870.7571785,1201.051061,834.4496757,1295.223646,775.4499835,1236.602157,914.6287445,1243.688874,884.8323331,1182.472139,755.0590712,894.751585,653.9256884,1255.688229,820.8716134
labeled-data,GOPR0106_clipped,img1375.png,1244.7962646484375,869.89599609375,1286.448486328125,886.1425170898438,1208.1241455078125,832.5214233398438,1295.2237548828125,775.25732421875,1261.0198974609375,931.205810546875,1259.9322509765625,901.7435302734375,1217.5029296875,748.8509521484375,955.0035400390625,560.9570922851562,1252.7393798828125,829.943115234375
labeled-data,GOPR0106_clipped,img1545.png,1118.434353,904.2563127,1118.05549,931.9133317,1189.660649,870.158618,1208.603813,936.8385542,999.1230478,853.4646629,1031.200038,870.2668959,1277.12363,882.4867017,1631.968937,940.5381144,1168.365447,901.6675882
labeled-data,GOPR0106_clipped,img1922.png,1127.451904296875,828.368408203125,1096.82763671875,898.123291015625,1192.0926513671875,872.3656616210938,1126.656982421875,926.20263671875,1056.828369140625,784.0989990234375,1079.7109375,820.4050903320312,1248.0721435546875,901.187255859375,1597.0235595703125,999.6449584960938,1150.85791015625,877.9130859375
labeled-data,GOPR0106_clipped,img1963.png,1058.181903,660.1533774,996.1297572,744.0260583,1137.963234,800.6230705,1047.271636,854.492516,1022.041642,593.3279895,1024.087317,640.3785177,1149.555393,867.4484585,1290.922115,994.5272429,1056.287766,772.5270936
labeled-data,GOPR0106_clipped,img1993.png,1038.53969,528.6341737,965.8476137,597.4233194,1091.717114,711.5840293,979.0200033,742.8074714,998.7796101,444.5872238,999.1732912,487.8921486,1054.518541,766.8147173,1304.427321,893.4681412,1015.812578,638.4699459
labeled-data,GOPR0106_clipped,img1999.png,1040.2052001953125,530.5189208984375,975.6286010742188,473.12957763671875,1088.5936279296875,655.3213500976562,964.2731323242188,670.3552856445312,1033.13818359375,403.8177185058594,1024.40576171875,449.4779968261719,1041.805419921875,719.9713134765625,1183.1007080078125,929.8767700195312,1012.0267944335938,596.8291625976562
labeled-data,GOPR0106_clipped,img2090.png,1261.354448,447.4878556,1177.354001,415.1496554,1141.466486,500.7275754,1039.719466,439.994858,1286.519261,368.4292143,1252.891201,395.8626314,1050.242438,509.7563596,832.1735573,655.7438947,1142.928844,444.6563337
labeled-data,GOPR0106_clipped,img2130.png,1222.868435,347.759884,1169.49429,308.692211,1177.197775,449.5559334,1045.138035,440.7519508,1232.772915,266.8732934,1218.372175,295.5949523,1074.621344,484.1400739,820.5086794,670.4479187,1144.704917,387.2964746
labeled-data,GOPR0106_clipped,img2266.png,1100.5517578125,328.25408935546875,1041.53515625,377.6105041503906,1179.11767578125,446.8572998046875,1050.115966796875,438.4340515136719,934.545166015625,368.7987060546875,987.9013671875,379.9242858886719,1107.780029296875,506.5167541503906,1033.49951171875,806.6505126953125,1093.1435546875,408.9782409667969
labeled-data,GOPR0106_clipped,img2403.png,1142.911693,405.2646512,1095.99187,373.9847697,1141.608364,496.497639,1053.633698,445.0161673,1142.911693,324.4582906,1131.181737,357.0415005,1075.79028,542.7657971,1033.716369,784.0738589,1109.679326,438.5074969
labeled-data,GOPR0106_clipped,img2485.png,1143.582735,404.2375653,1099.4489,398.0135629,1141.319461,497.597601,1054.183428,442.147398,1139.622006,367.4593694,1129.437275,401.4084733,1075.548142,543.4973875,1044.789687,768.7158852,1107.502136,452.3465541
labeled-data,GOPR0106_clipped,img2496.png,1142.9796142578125,405.36077880859375,1096.444091796875,398.9793395996094,1141.5875244140625,498.173095703125,1054.434814453125,443.65936279296875,1168.5260009765625,352.202392578125,1150.7506103515625,387.8937072753906,1072.365966796875,540.35302734375,963.3944702148438,813.3812255859375,1110.1077880859375,448.28729248046875
labeled-data,GOPR0106_clipped,img2685.png,1127.542097352686,493.7792622308042,1114.1916077668645,479.74852720793166,1138.9737548828125,500.745361328125,1054.5413818359375,443.1381530761719,1118.2222078465609,480.15546888261446,1131.970771150198,459.0430643331674,1068.494873046875,535.1460571289062,956.15380859375,504.2541809082031,1094.6626997153392,476.6685097443937
labeled-data,GOPR0106_clipped,img2744.png,1145.114283,452.5032389,1100.78623,413.7161927,1136.248672,524.5363245,1056.458178,442.529427,1107.989539,379.9160526,1113.530545,414.8243941,1066.43199,558.3364647,940.0970393,731.7699708,1109.679355,469.9469795
labeled-data,GOPR0106_clipped,img2865.png,1267.9700927734375,504.042236328125,1231.9791259765625,434.4214172363281,1131.942626953125,523.3037109375,1167.217529296875,430.85894775390625,1375.099609375,503.5046691894531,1336.0343017578125,497.530029296875,1051.9131646662904,513.5824771994214,1041.8819580078125,805.9219360351562,1182.2591552734375,483.75128173828125
labeled-data,GOPR0106_clipped,img2880.png,1392.37362,563.497916,1390.366937,479.7189125,1255.919195,529.3843098,1290.032801,442.0936116,1483.176013,559.4845505,1455.584125,551.9594903,1165.08392,466.5814821,,,1312.313643,505.0712438
labeled-data,GOPR0106_clipped,img2938.png,1418.405705,711.330508,1477.925391,647.9078914,1254.575102,523.9120734,1300.881369,444.4196478,1406.614013,780.140086,1407.385784,734.6055898,1245.313848,479.9211194,1188.202785,380.3626447,1354.140611,554.2249581
labeled-data,GOPR0106_clipped,img2944.png,1381.3275146484375,721.1404418945312,1477.397216796875,650.6041870117188,1256.5504150390625,523.14404296875,1373.4051513671875,526.1326293945312,1409.8431396484375,790.7636108398438,1405.6160888671875,748.226318359375,1257.12353515625,487.442138671875,1182.8170166015625,378.2894592285156,1348.8890380859375,589.9933471679688
labeled-data,GOPR0106_clipped,img3044.png,1244.6072998046875,732.50048828125,1282.4912109375,777.8515014648438,1333.3392333984375,675.5049438476562,1425.817138671875,696.549560546875,1191.774658203125,763.0455932617188,1228.57275390625,750.9483032226562,1409.62109375,620.22607421875,1575.29638671875,322.6095886230469,1338.852294921875,704.9796752929688
labeled-data,GOPR0106_clipped,img3068.png,1126.98291015625,743.2073974609375,1186.777125300349,768.1936026450036,1236.354736328125,692.4324951171875,1232.8765869140625,764.1886596679688,1051.056396484375,789.8311767578125,1088.277587890625,770.334228515625,1332.0986328125,690.1248779296875,1619.0029296875,548.3507690429688,1201.1544189453125,724.5122680664062
labeled-data,GOPR0106_clipped,img3120.png,1003.550781,720.6614037,1004.138729,774.7526497,1150.537863,721.8373004,1229.910886,768.2852181,927.1174989,736.5360085,966.5100367,740.0636985,1248.725233,709.4903856,1473.07889,591.8507256,1112.940487,746.8348783
labeled-data,GOPR0106_clipped,img3181.png,1102.837646484375,695.6232299804688,1007.0757870249412,770.061484163002,1181.9012451171875,715.6900634765625,1237.7879638671875,778.33984375,1076.0329567981573,675.9765047441704,1079.803309693172,692.5421498377575,1288.6580810546875,740.0330810546875,1555.2725830078125,688.8798828125,1152.0645751953125,741.471435546875
labeled-data,GOPR0106_clipped,img3222.png,1232.63720703125,752.1964111328125,1092.549987700968,752.9846801757812,1278.517822265625,725.4435424804688,1246.8050537109375,817.803955078125,1207.6457731690746,723.8799978152589,1184.8956692980696,727.9941711346465,1334.2763671875,813.5526733398438,1566.98681640625,939.6160888671875,1234.0320600786506,762.1273314289093
labeled-data,GOPR0106_clipped,img3250.png,1269.8685849279927,759.4284584379429,1177.417358719935,774.1823717608856,1289.851806640625,790.0112915039062,1246.705078125,814.5133056640625,1308.0419921875,691.0576782226562,1272.8172607421875,710.3748779296875,1259.8173828125,858.5956420898438,1443.7237548828125,992.7269287109375,1238.8625178450006,777.8043119781389
labeled-data,GOPR0106_clipped,img3380.png,1470.4954044161555,729.5374531256973,1480.7500300298816,619.6181850713449,1215.872457,744.9071935,1284.639948,798.1865111,1591.925315,640.8266661,1547.319374,640.8266661,1226.291734,758.058791,951.2462886,851.3623857,1351.721444,722.8582279
labeled-data,GOPR0106_clipped,img3396.png,1471.28076171875,731.8272705078125,1483.726867160206,617.2707181670594,1284.37060546875,798.6842651367188,1216.023193359375,746.5839233398438,1616.8619384765625,729.5858154296875,1571.3837890625,721.203125,1230.935546875,755.337890625,952.5106201171875,831.1312255859375,1357.634765625,727.0313720703125
labeled-data,GOPR0106_clipped,img3459.png,1377.60023,766.7069222,1394.821041,742.9701286,1288.238183,802.5448263,1214.235238,743.9009832,1375.273093,832.3321752,1355.725145,801.6139717,1174.694481,812.8592098,920.7806528,881.1768087,1291.973062,757.0664633
labeled-data,GOPR0108_clipped,img0135.png,1433.4211435470238,961.9454236736397,1439.4663778034628,917.0379691972363,1321.1525073560153,890.2662174901496,1439.4663778034628,811.6781721564438,1499.055115474075,958.4910040985317,1457.6020805727794,952.0139673952043,1329.9547074559728,834.4209537916529,1532.9484556602388,786.5315836167028,1377.1293109118938,915.1895930419419
labeled-data,GOPR0108_clipped,img0162.png,1376.1907291482544,973.7595485822713,1447.5252685546875,926.7208251953125,1317.7021484375,888.7235717773438,1439.1702880859375,813.6412963867188,1539.605712890625,964.9993896484375,1495.1226806640625,956.9743041992188,1330.498779296875,829.5790405273438,1504.3826904296875,787.2089233398438,1385.7181396484375,899.4017333984375
labeled-data,GOPR0108_clipped,img0200.png,1383.9313753599508,926.4683617476292,1436.1794714334585,907.0372516376469,1314.8429838577918,891.0605611027727,1434.4522616459044,811.6089108752899,1433.5886567521275,925.6047568538522,1416.7483613234763,913.5142883409744,1327.7970572644465,808.5862937470704,1537.904311186206,776.6945424193285,1374.3741745981492,876.459268593905
labeled-data,GOPR0108_clipped,img0349.png,1447.7024167296352,873.2748703086102,1413.649658203125,823.178955078125,1315.72802734375,900.6514892578125,1364.2261962890625,802.3374633789062,1441.7742919921875,779.2164306640625,1423.6514892578125,800.3746337890625,1319.2167922016772,850.95556640625,1383.3233642578125,954.0171508789062,1380.267822265625,841.4584350585938
labeled-data,GOPR0108_clipped,img0461.png,1460.23980393004,634.7948179938543,1448.4388122634134,630.0744213272037,1447.8942378991785,780.2792847047256,1374.4365693684836,746.7722780065138,,,,,1384.5443163828922,798.3305028412458,1403.0057247065097,987.1403606964241,1418.9496682587246,711.0583907659634
labeled-data,GOPR0108_clipped,img0535.png,1476.4435930313546,536.7206417680339,1398.0155029296875,609.2565307617188,1472.115392915959,683.005554306681,1367.5084228515625,652.5314331054688,1469.2796630859375,490.47576904296875,1456.6543224988798,525.9566816232076,1407.3638916015625,711.75830078125,1397.8199462890625,912.4400024414062,1422.6534423828125,612.3865356445312
labeled-data,GOPR0108_clipped,img0567.png,1420.9253377744012,451.6103524847319,1402.6432625837301,506.93768529860495,1478.6582067975733,525.219760489276,1392.0589032628154,552.6428732752827,1378.1067932488822,484.32564493119594,,,1412.0296981526403,593.7338952080979,1457.8584151438365,760.2195472797728,1418.5065316006298,516.8088649863089
labeled-data,GOPR0108_clipped,img0571.png,1425.6634521484375,468.1222229003906,1381.4394098613561,520.6902367829496,1478.484375,524.7505493164062,1390.6817626953125,550.3279418945312,1381.2612780382678,516.8506164077478,1383.8665219228672,495.8250682303132,1414.9169921875,592.7930908203125,1460.0067138671875,758.6612548828125,1422.71728515625,515.689697265625
labeled-data,GOPR0108_clipped,img0621.png,1251.5157035072025,422.87162176322136,1262.1165880086292,497.07781327320816,1384.0267597750362,463.50834568535697,1311.1456788277276,573.4925223876589,1197.6278739582835,421.1048076796502,1217.5045323984587,447.607018933217,1388.6224370170107,541.3713544034262,1449.0381803740509,781.846951899869,1304.0146409686145,495.0113402857457
labeled-data,GOPR0108_clipped,img0661.png,1158.620849609375,216.1255645751953,1122.8355712890625,264.87127685546875,1267.1141357421875,330.14501953125,1148.451416015625,382.7374572753906,1083.32080078125,181.26124572753906,1101.2767333984375,208.41490173339844,1228.21337890625,380.04998779296875,1434.4886474609375,592.9588623046875,1169.5614013671875,305.7355041503906
labeled-data,GOPR0108_clipped,img0689.png,1040.6356201171875,123.53887939453125,957.7138671875,116.69384002685547,1169.4532470703125,220.5998077392578,1060.692626953125,244.6334686279297,963.5850219726562,53.29673767089844,974.4505615234375,82.42041778564453,1129.6314697265625,242.5392608642578,1336.5395836245618,452.71823625134977,1047.1285400390625,180.97970581054688
labeled-data,GOPR0108_clipped,img0698.png,1041.0431202756135,123.09439051093325,954.6443771728052,115.27549973239856,1148.0938707896191,164.4286713769389,1062.5592088750566,237.62660320767029,958.1082274986196,26.668518774157917,965.5102655489184,55.865446639224935,1113.4366792956016,223.9748995615888,1303.9304644386104,377.0471580714909,1041.7546190663852,170.63434397385075
labeled-data,GOPR0108_clipped,img0790.png,718.4529418945312,144.48727416992188,687.912109375,186.55552673339844,847.3164672851562,133.5159454345703,912.4349365234375,210.5554962158203,676.3740234375,143.1465606689453,697.4547119140625,158.7168731689453,906.5685424804688,173.50823974609375,1199.1998291015625,193.9637908935547,807.6091918945312,185.99632263183594
labeled-data,GOPR0108_clipped,img0861.png,577.4153463931298,202.21765462902368,630.4542664859914,207.9003960675446,711.7667853102282,141.6449494244906,803.8558196670263,222.26764487304928,532.7900444226714,239.8865832610816,567.2126326325647,233.26685475917904,776.3960532926856,176.337189642817,1043.269286109399,233.35264184377093,696.0527373750847,193.07585206552554
labeled-data,GOPR0108_clipped,img0880.png,556.8506809479998,206.0498996785421,502.3588655580686,283.4024607409069,608.6255964104779,169.11263600265428,682.4841431174494,229.16584687654708,460.21823620488084,258.84731891766637,482.8051505655594,263.06317593806233,693.5135067781267,170.53969696636528,977.016193304275,129.8951605871,608.4463309564686,223.04753378342798
labeled-data,GOPR0108_clipped,img0944.png,629.7122192382812,295.3858947753906,666.3317260742188,259.10338239507485,564.3587646484375,238.39077758789062,675.2225341796875,228.87271118164062,693.0546459515408,256.1914042487003,682.6955394279984,285.5148798819213,639.6769409179688,182.5742950439453,646.408935546875,30.630863189697266,625.4882202148438,252.97361755371094
labeled-data,GOPR0108_clipped,img1030.png,733.7639136622441,226.71475789178857,690.7046847524202,307.29320041431873,748.260182542599,301.0499581812062,639.7177674984025,311.71377439607454,684.7771795485658,301.84308547050324,,,683.1428791955169,364.332628721123,486.3647901796978,351.2667817983947,725.9039013320246,305.83924374602054
labeled-data,GOPR0108_clipped,img1117.png,1080.4300537109375,200.17672729492188,1071.628305448967,162.87048811905368,912.0451049804688,225.9044189453125,974.7118530273438,139.622802734375,1172.8275146484375,183.52853393554688,1133.735595703125,185.1665802001953,913.9078979492188,180.10015869140625,614.9351806640625,222.68804931640625,1004.634521484375,191.46575927734375
labeled-data,GOPR0108_clipped,img1346.png,1250.6319176959291,278.2526088734045,1247.1837794364287,216.53093402834782,1120.292291486815,217.2205616802479,1208.9094447559746,167.5673707434425,1327.1805870568373,274.45965678795415,1292.6992044618337,265.49449731325313,1123.3956159203653,176.8773440440935,969.5913025602737,20.21414999292839,1191.5977552084823,226.21723618897659
labeled-data,GOPR0108_clipped,img1406.png,1353.5095753335806,361.7147118120275,1418.230255174443,334.93374084339473,1273.1666624276822,323.32865342365386,1330.2994004940988,262.1787697119424,1455.2772650143852,423.3109450398828,1432.513439691047,401.43981874883275,1248.617439039769,266.1959153572373,1132.194528337283,90.8645106786216,1333.713186262072,323.92883405711206
labeled-data,GOPR0108_clipped,img1460.png,1178.643310546875,505.2494812011719,1272.63134765625,498.4980163574219,1298.7081298828125,340.97674560546875,1328.0528564453125,458.25885009765625,1148.4090576171875,569.0629272460938,1177.09228515625,538.3384399414062,1349.8033447265625,372.0255126953125,1451.0528904919245,204.22433546405847,1267.07177734375,436.64990234375
labeled-data,GOPR0108_clipped,img1514.png,1061.2183683036083,385.5057914165869,1042.2744965130769,453.99517404389184,1198.1971335582182,387.69162277703276,1161.7666108841197,500.6262430667378,1000.0150902111228,379.6769077887311,1029.1595083504017,404.449663207118,1222.2412785231231,461.2812785787115,1467.7830013465464,408.82132592800986,1121.4382770932198,437.47086172324913
labeled-data,GOPR0108_clipped,img1752.png,1442.7286703325153,206.41998603334739,1426.6043124669718,160.7740502170803,1345.69435693023,256.76039498427076,1310.5161153925162,174.34280052448418,1565.8096396947822,178.3631709859372,1522.5906572341623,180.3733562166637,1278.8556980085739,216.55669036974072,1101.138480734563,213.75710277834125,1378.936558031683,202.57513737137268
labeled-data,GOPR0108_clipped,img1944.png,975.5949096679688,473.2172546386719,1009.1388904985517,537.6890578511154,1102.9478759765625,407.0950927734375,1215.349365234375,468.2327880859375,899.8980102539062,496.95318603515625,948.8753662109375,499.74334716796875,1186.87744140625,442.87548828125,1446.5091552734375,317.8433532714844,1079.0556640625,476.1552429199219
labeled-data,GOPR0108_clipped,img1981.png,655.3313598632812,462.26483154296875,590.9147338867188,518.068115234375,862.6553955078125,452.9223327636719,782.87109375,568.46337890625,527.9608154296875,470.10736083984375,574.0358276367188,478.1769104003906,860.1146850585938,515.101806640625,1178.1162042432413,543.7294518926639,737.14306640625,497.1556396484375
labeled-data,GOPR0108_clipped,img2043.png,488.814208984375,476.8735656738281,480.4405517578125,584.905029296875,668.1979370117188,423.79461669921875,623.4854736328125,543.81591796875,451.7756427895885,586.5541272612804,468.4973359732573,562.269347495543,684.1583251953125,482.8987121582031,976.986083984375,504.4383850097656,560.6182861328125,514.4960327148438
labeled-data,GOPR0108_clipped,img2069.png,427.3819752379459,548.908852198268,442.8248337854807,610.226084666421,539.445553893652,455.12914806106716,624.5139319878876,541.4672034402915,318.52170630563705,589.7149402698581,373.75266820264073,588.4452629848695,639.1152207652565,479.8878551183447,938.937180703057,427.4940915114473,529.1855115707547,531.0787491305784
labeled-data,GOPR0108_clipped,img2159.png,511.56298828125,810.6412963867188,546.7781372070312,764.8658447265625,497.2599182128906,621.8662109375,625.3509521484375,553.73486328125,537.8845825195312,877.1514282226562,534.7720336914062,843.572265625,580.030029296875,574.435302734375,724.3961071586846,359.8246368301221,556.4376220703125,678.2105712890625
labeled-data,GOPR0108_clipped,img2229.png,456.86412238679816,833.3962928372141,482.92966974324696,898.4181339306824,525.2956004649956,786.3171314014537,599.9046289041812,854.1776045044317,375.55587600442067,811.8610844726188,410.01556644892827,820.7730733806811,588.2553446101745,805.3256259400397,784.6086349305729,785.5426232353034,522.7572537735819,833.2731359340212
labeled-data,GOPR0108_clipped,img2319.png,586.5720158297138,977.9931145363106,669.8397802510337,990.6374787632518,501.71892804724456,872.4669710670853,595.0367584832562,863.9350551415071,531.5806337867683,1029.7741709449335,564.9891524075307,1017.2536665112027,561.9755842716406,851.6704259984884,592.2899354478177,628.0759401556064,596.8453187498989,926.4739633601127
labeled-data,GOPR0108_clipped,img2434.png,1040.408255454438,836.218043742844,1038.8921247379694,776.3340893192617,865.4920654296875,891.1117553710938,932.888916015625,804.7619018554688,1149.703369140625,785.2045288085938,1101.4500732421875,790.900390625,852.37109375,834.7608642578125,554.9711303710938,813.2442016601562,976.1687622070312,819.2775268554688
labeled-data,GOPR0108_clipped,img2550.png,1402.872314453125,810.4876708984375,1394.779296875,748.7789916992188,1255.1722412109375,813.7681884765625,1325.95263671875,720.8966674804688,1441.2646484375,782.0399780273438,1411.9991455078125,777.9876708984375,1232.4627685546875,752.427978515625,925.2036743164062,682.618408203125,1335.0572509765625,769.8282470703125
labeled-data,GOPR0108_clipped,img2666.png,1423.1956226350121,817.6660496750033,1457.1214569694157,794.4007477448877,1323.4172186370777,820.0906450663849,1329.839692967452,722.0019462024864,1455.3698730611318,830.0162872133271,1444.276508308667,810.7488642222042,1278.5481923978657,761.8436743846964,986.3052570591843,679.4934314370269,1372.949690411048,774.8992007056686
labeled-data,GOPR0108_clipped,img2797.png,720.9646606445312,883.7117309570312,673.3319702148438,945.1485595703125,832.5860595703125,859.7883911132812,810.9256591796875,957.1041259765625,615.7459716796875,927.2762451171875,642.17236328125,923.4773559570312,887.314208984375,920.036376953125,1138.1658935546875,978.755126953125,782.0423583984375,905.3587036132812
labeled-data,GOPR0108_clipped,img2820.png,599.3761069462172,883.1154510480028,672.8327876937659,935.3732239288094,786.7152927453349,880.6504617611722,731.9925305776978,951.1491553645244,549.0037743283347,884.7734790481256,582.5571446396025,882.7702927608857,792.3327107050438,918.6451732731264,1089.2442830551533,950.6635859853834,700.4087215294792,895.0698420063705
labeled-data,GOPR0108_clipped,img2917.png,870.1414794921875,684.2521362304688,892.5938720703125,601.4757690429688,808.7774047851562,745.5687255859375,724.2556762695312,666.7305908203125,955.9724731445312,607.6996459960938,922.930419921875,626.7718505859375,703.677978515625,739.0188598632812,452.17913818359375,851.4013061523438,805.615966796875,680.4835815429688
labeled-data,GOPR0108_clipped,img3033.png,1386.5267410127074,401.156892101005,1398.1787425877721,331.7596871538208,1317.4333568509396,449.83709594427773,1250.6990542256137,356.3798202030685,1487.97377268902,416.55129786525333,1455.4925120343403,396.74565112459493,1224.1625581034498,420.51242721338497,948.4679554734846,569.4508907031363,1331.1130505030053,387.23894068907885
labeled-data,GOPR0108_clipped,img3183.png,1432.7616129632104,197.27032310266978,1403.9841636104243,159.7767051143308,1411.4149169921875,315.0141296386719,1313.397216796875,223.3023223876953,1461.378173828125,239.6621551513672,1440.7227783203125,229.49961853027344,1334.72705078125,274.6987609863281,1204.77103190767,443.6030968687009,1389.417236328125,223.3397674560547
labeled-data,GOPR0108_clipped,img3254.png,1243.3426513671875,228.03880310058594,1301.5055287394912,237.47016974587498,1261.092041015625,173.9446258544922,1371.22119140625,241.82162475585938,1325.303379280257,250.76968424390026,1292.120217473736,247.9961296502119,1350.38525390625,197.79441833496094,1551.7937845204078,266.2926215730495,1281.582763671875,216.8580322265625
labeled-data,GOPR0108_clipped,img3522.png,1330.544589635364,152.17600257877814,1275.6504453280045,138.28304013061933,1398.555986120844,232.31282120299426,1315.5052152027188,219.33613824703724,1275.710054137784,75.29495743591409,1284.6267084191888,99.78196328214666,1344.0539177058245,279.8939920415034,1155.2047519818962,406.8253068687702,1323.3609100378196,198.1590616604072
labeled-data,GOPR0109_clipped,img0067.png,1044.6655363364769,359.8803132233327,1084.0321240186502,367.1479909492723,1059.806531598851,264.1892231651267,1154.2863420360673,348.97879663442313,1066.4685695142957,456.78268290252856,1065.2572898933058,419.2330146518401,1164.661426176232,284.4027663301177,1405.5080548904034,390.3484900504443,1082.0002065980916,330.8710575104892
labeled-data,GOPR0109_clipped,img0081.png,1044.93164226322,360.40032762648787,1131.3256205032985,370.41702075577234,1059.3306386365664,262.7375696159643,1164.5059164940533,339.74089804733865,1131.9516638238788,474.966255292679,1113.1703642064704,434.27343945496085,1158.2454832882506,252.7208764866798,1406.3765609225798,287.168580044719,1103.7999665413502,315.8965737937073
labeled-data,GOPR0109_clipped,img0106.png,1126.4488536920724,479.7871338287503,1141.9803155603508,418.23187015799016,1061.0372481204172,324.19507122042006,1167.5726089420946,308.12549165513906,1199.1165984591278,539.0513017043619,1172.929135463855,498.579767984395,1119.3638702462517,258.1312441187094,1261.237065979011,138.96680449493692,1117.7602865506888,371.4199622235148
labeled-data,GOPR0109_clipped,img0145.png,1289.7657470703125,364.23956298828125,1259.352294921875,326.2809143066406,1055.386962890625,323.18756103515625,1171.1204833984375,304.63568115234375,1331.3477783203125,314.0246276855469,1298.31787109375,326.6786193847656,1098.1861572265625,264.9924011230469,1174.5685594468814,147.82835419858338,1144.9454345703125,345.8058776855469
labeled-data,GOPR0109_clipped,img0219.png,1255.3132251464194,374.76987478820683,1257.87462356615,327.64014386516567,1055.0118687234944,323.54190639359683,1169.7625179274207,304.58755808759116,1296.2955998621073,306.12439713942945,1268.120217245072,318.9313892380819,1070.6418406792686,260.61579249465217,1104.944849390413,88.94839730094165,1127.3454423516127,337.71192718806225
labeled-data,GOPR0109_clipped,img0263.png,1167.91943359375,372.82305908203125,1217.3585205078125,350.6473083496094,1054.516357421875,323.3525390625,1171.4339599609375,304.8413391113281,1220.379638671875,392.2006530761719,1194.47265625,373.09326171875,1071.8370361328125,256.52911376953125,1071.0078125,79.82319641113281,1122.7896728515625,330.3299865722656
labeled-data,GOPR0109_clipped,img0321.png,1122.7568359375,358.9295959472656,1165.11767578125,326.243896484375,1043.2203369140625,332.9684753417969,1166.6927490234375,301.4649353027344,1199.6829833984375,350.7638854980469,1163.1544189453125,352.8697204589844,1067.3726806640625,250.13714599609375,1056.7554931640625,82.39706420898438,1104.52880859375,325.1257629394531
labeled-data,GOPR0109_clipped,img0379.png,1268.0341796875,448.1083068847656,1346.0196533203125,435.80889892578125,1132.6610107421875,383.5577697753906,1169.3043212890625,301.37982177734375,1394.9359130859375,513.1292724609375,1358.8057861328125,486.1792907714844,1109.3756103515625,320.1772766113281,1009.6416015625,137.75390625,1208.3201904296875,381.24005126953125
labeled-data,GOPR0109_clipped,img0391.png,1263.8458018491292,448.22413316152756,1344.0288714078724,435.99281746612604,1138.1350572019467,382.9904494527194,1248.2168984605605,346.97601990514823,1371.2095729532093,503.26505379083443,1339.2722486374385,474.04579962959747,1157.8410658223158,329.9880814393128,1043.6689050196062,131.8192423575096,1226.508495143223,404.11237183399635
labeled-data,GOPR0109_clipped,img0405.png,1313.4470973593643,524.4355419149797,1350.2946796035699,455.6727309553205,1138.260339279711,381.9905031952098,1257.494912453726,344.5516611064405,1385.509008483793,618.0779238285106,1364.3075373276333,579.4441319439529,1168.8837056011484,326.8649426506339,1062.9408058650465,118.39990988404611,1256.3310178175343,426.47604559700267
labeled-data,GOPR0109_clipped,img0423.png,1386.650390625,640.5543823242188,1393.85888671875,575.649169921875,1254.7396240234375,508.4363098144531,1252.650390625,354.6654968261719,1464.02587890625,683.4334106445312,1434.0401611328125,654.0458374023438,1221.6551513671875,403.24981689453125,1216.5228271484375,166.3339385986328,1313.12890625,508.4488220214844
labeled-data,GOPR0109_clipped,img0436.png,1420.0595703125,632.7952880859375,1434.6728040093826,587.6256913115956,1256.647705078125,503.8413391113281,1255.9791259765625,356.2947082519531,1496.12548828125,670.99853515625,1464.5609130859375,650.404541015625,1238.781982421875,438.9996032714844,1269.38232421875,227.07794189453125,1335.087890625,539.1548461914062
labeled-data,GOPR0109_clipped,img0501.png,1342.8067318567919,711.8195583821455,1429.8307521793083,672.4399737669285,1315.0951723127503,568.8862512602468,1411.3563791499473,560.1352324568652,1320.9291848483379,778.9107025414041,1338.431222455101,745.3651304617748,1336.0094683767566,514.90443829121,1210.445001649648,333.5335419076085,1364.326360244545,617.3592028923858
labeled-data,GOPR0109_clipped,img0552.png,1085.7060117416654,801.889742679324,1129.415508615691,841.3063425389361,1184.8329064381157,751.1555052362588,1293.329958151509,793.3949684037896,1030.3046430376603,895.6922029478287,1059.804032122394,859.3447413969963,1286.128684614611,720.8891055170301,1477.5158470943652,546.2674884876623,1176.557365771878,794.6580485712374
labeled-data,GOPR0109_clipped,img0587.png,1036.909681259685,958.0720884196367,1117.5133477138202,945.7766138757854,1184.4553757858985,756.5629222842988,1283.5022540558102,805.0617385406005,1022.879016497305,1010.1733445815325,1039.1567739272048,983.315044822198,1224.643642682202,787.2010729517749,1467.2996074278503,680.0789352428717,1138.1768499830587,873.0357128713283
labeled-data,GOPR0109_clipped,img0651.png,1160.7676035637123,996.8472228744384,1299.4920857740149,949.6991369005638,1176.0368426908628,754.3436140868978,1290.5915793861209,808.8198834790625,1329.5463425605456,964.6061684293409,1290.5981281380289,958.8784898377944,1221.8659850394702,767.0012570209844,1437.8550540167412,605.3611753138882,1205.9195136301232,866.5133555599136
labeled-data,GOPR0109_clipped,img0669.png,1163.7124284402557,997.1883382256998,1310.9678955078125,946.6276245117188,1181.419677734375,755.3247680664062,1289.1292724609375,810.8445434570312,1350.1636962890625,973.1030883789062,1319.0140380859375,970.7142944335938,1227.8009033203125,783.3567504882812,1436.3212890625,608.5611572265625,1233.5653076171875,877.5740966796875
labeled-data,GOPR0109_clipped,img0686.png,1292.8450361634784,991.2134428796032,1316.2032126815845,949.0048081188153,1181.7113542727482,759.3824772246933,1284.2629228622343,810.3366468446511,1351.3693258201467,1010.3856156649608,1328.5195301764734,983.4554993706313,1241.7591745251336,789.383228011884,1433.7498243582777,617.8161933240409,1265.7493010845137,875.6516984157286
labeled-data,GOPR0109_clipped,img0745.png,1246.778076171875,903.7010498046875,1289.7000732421875,869.5897827148438,1204.0418701171875,844.4906005859375,1289.578857421875,809.7069091796875,1276.3194580078125,915.2800903320312,1267.3641357421875,884.26611328125,1197.1744384765625,770.2078247070312,1202.4645765374614,745.2375406949774,1249.426025390625,840.6583862304688
labeled-data,GOPR0109_clipped,img0774.png,1246.1414944227045,882.289705298829,1293.125954004308,873.2376534528319,1202.1743854564334,846.081497914841,1285.3670524220247,808.1490901792346,1251.31409547756,933.1536156715739,1259.9350972356524,905.5664100456784,1200.8812351927195,780.9929346412437,1185.3634320281533,690.0413660933691,1249.5898951259414,842.6330972116041
labeled-data,GOPR0109_clipped,img0797.png,1245.6373106984427,882.6889307958699,1293.4283035994342,871.4124043810291,1202.1421373840572,845.6374868613932,1289.669461461154,809.6599978235681,1259.6080499613665,928.1856773031312,1264.9696099188295,895.0414884751783,1203.2089341190115,784.0442054858687,1219.9362639325288,713.9434093091893,1246.5223986243154,842.5523028276714
labeled-data,GOPR0109_clipped,img0829.png,1198.2278474953052,913.8916965236938,1276.1976549468684,921.026188708804,1211.4776186962245,837.450708826083,1295.0530985789458,894.5266463069657,1122.2964663823452,940.900845510183,1147.776795614882,932.2375335711204,1277.7264747008207,820.1240849479577,1277.5307330789828,578.2976411907277,1223.2979330739736,893.3102899354102
labeled-data,GOPR0109_clipped,img0837.png,1199.3692626953125,912.740234375,1169.2130126953125,938.0654907226562,1224.8017578125,860.81640625,1294.8685302734375,906.2401733398438,1117.2901611328125,928.823486328125,1149.19091796875,916.9580688476562,1300.01025390625,831.8193359375,1483.3896224792884,698.4929926493461,1233.604248046875,891.8308715820312
labeled-data,GOPR0109_clipped,img0895.png,1038.367919921875,814.3185424804688,1001.2505493164062,911.0747680664062,1199.667236328125,895.9237060546875,1151.7607421875,972.7550048828125,955.1978149414062,758.6510009765625,981.0582275390625,804.2332763671875,1196.385498046875,937.3701171875,1354.25341796875,1046.3365478515625,1101.5009765625,893.7697143554688
labeled-data,GOPR0109_clipped,img0904.png,1037.4358248540684,814.61423143681,1003.4542635065757,900.9840331950209,1193.1846476967437,894.3765073774528,1039.3236893733736,935.9095268021662,955.109657605258,712.3059804060507,972.2778474635072,761.9029733298818,1161.3433411900128,937.0917553903639,1315.7207190676127,1010.9491237866516,1067.373656689371,870.9283589721949
labeled-data,GOPR0109_clipped,img0917.png,1009.7614119432915,759.5283354745976,951.5393831293255,792.0825881447721,1058.5927909485533,810.2378444416001,1042.3156646134662,934.1944219164956,913.3507405739285,631.8154980762206,930.8799535501763,682.5250070432232,1115.5627331213589,899.1359959639999,1303.6392623703005,974.6865717496997,1010.5665026361258,819.2033944855717
labeled-data,GOPR0109_clipped,img0935.png,956.9489276150147,694.3701051158891,951.9744670217684,793.9442102994251,1054.376551440571,807.475737373144,1038.081235922617,929.6491400741445,819.7083687306424,638.5200152930406,874.2032493302551,680.5540476293559,1091.714201147839,865.7721693548239,1317.09140053773,955.287556766323,1000.9587881260203,792.8019414379517
labeled-data,GOPR0109_clipped,img0956.png,803.051645019157,740.3733912256828,807.0860620465488,809.9670849481895,1064.2535735236665,806.6678639688546,1030.4063560197046,877.8985754324167,749.674085379716,805.8196332302308,783.4989929376604,787.7796825326604,1080.8089806755956,836.9054185250011,1341.719808281448,918.8147769202724,940.5335529020388,795.205885705011
labeled-data,GOPR0109_clipped,img0994.png,583.30029296875,814.3744506835938,640.33837890625,857.1228637695312,853.5067138671875,802.6803588867188,820.9345703125,876.7039794921875,494.36151123046875,829.614990234375,543.9067993164062,828.7965698242188,871.3765869140625,829.2938232421875,1119.136962890625,911.5382080078125,728.7376098632812,830.996826171875
labeled-data,GOPR0109_clipped,img1182.png,582.024235490413,815.5186704545114,555.3330378440229,851.5357082424113,841.111453178591,803.8024784445847,805.5841541107699,868.000931146086,463.3199856626746,745.7830718699462,502.41648942192035,772.5157240130202,814.8560375557923,826.366425737871,1044.5337543557307,909.1251175187554,669.1375142004756,831.0501381319732
labeled-data,GOPR0109_clipped,img1202.png,634.7993024588691,848.7552362265807,677.9911247190067,871.1317224577363,848.9551460084765,801.4952430543134,808.0074996585065,876.6778068444224,655.7257885474482,906.0185515094087,670.4884667659403,881.6033529172873,902.7738029364674,818.2000220195447,1102.1208474267173,915.2603807601157,772.8622458529338,827.9060578936018
labeled-data,GOPR0109_clipped,img1280.png,745.4343787473658,805.9181233785512,713.740291789357,849.2889792158264,850.9193040216287,801.0860373931353,810.4003031959976,874.5857184059914,676.4606436702392,775.3486070300887,713.0721967095961,795.2366991330784,933.4256308868149,846.9498756841651,1080.7758743912582,962.9569480468775,807.3000753888145,827.7401348566358
labeled-data,GOPR0109_clipped,img1578.png,659.6489579186282,821.7074952734073,684.4459993822438,848.3760115644657,802.8167822179943,801.1212721715376,813.109893768929,875.5123965623848,627.3660171452417,867.5586285457532,656.3738769706034,849.7796176850477,897.7941297107109,841.3579809615555,974.1191682016403,959.9563858484078,753.3394051102741,822.9667523917631
labeled-data,GOPR0109_clipped,img1619.png,709.486044458826,865.3309633639501,764.2243266302888,924.5682824262182,799.0184342492659,795.6888764412718,809.4276967717522,877.4208636548684,803.8059677839072,954.8176664271226,791.0843248217639,934.0004324890698,902.2749244342796,799.0934524429684,986.4888683987292,912.0257780587689,778.5445093673956,844.1768633295119
labeled-data,GOPR0109_clipped,img1650.png,905.4471091387835,1003.7474590816531,846.114503591853,966.7920968585931,809.4403733565322,795.1431451596111,886.302293978953,867.1138526515142,954.7792778062006,995.6828835108363,918.4445516937835,974.0217967899723,903.0721675692994,772.0845689728849,987.6202802539622,841.9590422659946,842.2813758042937,888.7749393723783
labeled-data,GOPR0109_clipped,img1669.png,887.9378662109375,958.584228515625,974.387939453125,893.2870483398438,809.0374145507812,791.862060546875,889.8794555664062,866.7913208007812,1040.1983642578125,906.3978271484375,1001.4581298828125,905.6452026367188,892.14208984375,762.6033325195312,1004.6304321289062,811.4966430664062,862.979736328125,850.7311401367188
labeled-data,GOPR0109_clipped,img1685.png,955.0880486404401,941.4137783194992,962.7804931675537,897.1620229371671,809.0252909164749,791.1620912413699,923.0600399158284,828.224545093751,1096.0283524967797,874.991491029535,1047.9186520361638,881.900862904198,887.3212859225254,748.7590710407535,1023.7317474765241,797.8189738803496,898.2592266082144,855.9873066194623
labeled-data,GOPR0109_clipped,img1689.png,954.2411727297563,940.2990258846851,1007.0650686465794,850.6084526092457,809.5257078742927,786.7795783764176,916.8242464553398,826.397500314035,1087.155499785347,840.1607492251403,1046.2161334536602,862.3651513033434,872.0503546527545,736.0776144835633,1038.5833702392779,776.3230932503064,892.8669816010699,851.9568378291857
labeled-data,GOPR0109_clipped,img1698.png,996.9193795656577,917.6485533657765,1028.1945007498325,848.0092835290137,933.9521355815189,908.0575162026295,913.519056407858,826.7422011237747,1149.95897256022,813.3981494185268,1102.4207883602744,834.2482302079768,827.7092026406376,825.1272615052735,951.5551657813014,677.7944759241705,958.9079864435611,865.5193764113044
labeled-data,GOPR0109_clipped,img1796.png,1052.1627197265625,779.625244140625,1049.55517578125,698.6268920898438,943.4117431640625,917.2225341796875,913.9089965820312,834.0335083007812,1140.5091552734375,658.5066528320312,1104.4954833984375,691.0592651367188,877.7698974609375,881.8016967773438,741.0177108968567,901.4538780311328,980.3649291992188,800.3792114257812
labeled-data,GOPR0109_clipped,img1880.png,1054.7136614871552,780.7288664357128,1050.1792135251676,698.5419971246882,1003.7011219147952,827.7737640413338,916.4129986465347,832.3082120033214,1128.3984408694532,670.201697362266,1096.6573051355401,696.2747731436945,898.0935677157606,869.6803492895056,736.8810872213237,875.0958959139181,991.575289598987,775.1467390298269
labeled-data,GOPR0109_clipped,img2129.png,1038.5280477402227,705.2424708622078,997.9235027293843,712.6251154096329,1002.230045382049,825.8256651368192,919.1752942235155,829.5169874105318,973.5512570926846,648.2295849381861,987.638391030254,691.2324148528714,925.3584304641579,878.0722965511598,714.792849502595,847.673744370089,983.3088072076848,795.0613487534986
labeled-data,GOPR0109_clipped,img2325.png,1051.710693359375,767.6388549804688,1004.3217163085938,725.8530883789062,998.9129638671875,829.318359375,984.3470458984375,719.2543334960938,1125.8433837890625,769.7696533203125,1089.4698486328125,761.1591796875,884.6722412109375,793.74951171875,726.61962890625,768.641357421875,999.1176147460938,771.7014770507812
labeled-data,GOPR0109_clipped,img2327.png,1048.153620962015,767.5056791701724,1073.2535671874818,739.6976682327285,996.5653892125133,828.291812704469,990.966666386986,717.5170825136784,1122.8674852259692,789.0321375936003,1084.3132352818875,778.016637609577,887.302591265722,783.9192044279911,736.1114832441644,755.6922728507406,998.1163743336117,769.9650090695327
labeled-data,GOPR0109_clipped,img2439.png,1283.2804870886275,850.5964094833494,1325.6205485620314,781.3126725268703,1064.298787017487,857.2356487661407,1070.0933098734167,777.692653198377,1397.7472386359932,795.602996571251,1350.3375061783859,801.9242942322653,1027.1912181305663,797.1535290505888,907.0826505946577,731.8225090519775,1174.9705883584309,810.8044273280857
labeled-data,GOPR0109_clipped,img2556.png,1281.6691422759538,844.4389449284943,1255.6505254477413,777.1780524896043,1106.5785181370777,851.7812385488483,1071.7031903984648,780.8140018714386,1393.9242767969747,747.6738687449989,1353.8387678423187,759.0707291340677,1028.3708244403635,812.7435350176204,925.9047500868617,781.8410681491041,1167.8436565084642,802.414576542928
labeled-data,GOPR0109_clipped,img2685.png,1211.10009765625,831.5203857421875,1226.214382991802,790.1683475246532,1106.4490966796875,850.9894409179688,1069.98583984375,781.6875610351562,1267.8848876953125,810.0340576171875,1227.0810546875,807.2881469726562,1017.4349975585938,814.1257934570312,907.6722877394315,803.3157785434802,1137.212646484375,806.708251953125
labeled-data,GOPR0109_clipped,img2789.png,1211.455921917395,830.333413906557,1218.9547812580008,770.8424631377502,1108.471586973074,849.8304481921323,1070.477366314004,783.8404859948004,1262.3743536993263,723.5264706845043,1232.2585504354797,751.6337975704189,1019.1680765646645,822.8638529152499,890.3417570587885,818.8730804025629,1136.4727344663338,795.8489653875602
labeled-data,GOPR0109_clipped,img2899.png,1396.749267578125,618.610107421875,1353.9171142578125,654.4293212890625,1370.45556640625,761.99658203125,1244.8885498046875,781.810791015625,1394.260009765625,544.6803588867188,1385.4862060546875,581.9620361328125,1238.7740478515625,818.8618774414062,963.7824096679688,889.4188232421875,1319.8843994140625,715.596923828125
labeled-data,GOPR0109_clipped,img2919.png,1394.4190886119218,621.6484615783239,1335.114541761229,689.0138206223147,1365.6304736358572,768.4703979562526,1239.5363400406952,789.7739730385401,1345.4784431526123,615.8907385831111,1331.6599079641012,645.2551258586968,1239.2588150799509,837.2564453956215,979.9437394533942,949.5023390874253,1312.6762426854184,732.7159658587916
labeled-data,GOPR0109_clipped,img2924.png,1395.0882568359375,619.2715454101562,1324.899658203125,710.2534790039062,1370.2626953125,765.158447265625,1243.907470703125,788.6576538085938,1338.83642578125,665.1807250976562,1325.5502215029467,682.1720562022,1239.1943359375,844.9783935546875,990.4344482421875,969.9453735351562,1295.9097900390625,742.8130493164062
labeled-data,GOPR0109_clipped,img2954.png,1345.9882194138336,698.7011422741292,1311.78142901606,699.748288918959,1369.7235433633093,773.3976029386554,1279.6689319079458,774.4447495834852,1338.309144018415,665.5414985211853,1328.535775333337,699.0501911557391,1278.551000682802,852.3478360524629,1033.4413229092684,951.18063337983,1322.2720674964776,762.3891022979594
labeled-data,GOPR0109_clipped,img3182.png,1319.2240657026355,693.2879652283011,1260.6935238351289,702.9535592981646,1364.867148810324,775.9824922704663,1265.5263208700605,763.6320109589741,1287.8722842822951,675.0668788842065,1289.4943925492073,693.721123953697,1283.2728612025785,831.1402323072023,1095.027098095997,954.2744023006977,1304.4771678025409,740.5319583347981
labeled-data,GOPR0109_clipped,img3268.png,1225.095703125,697.7172241210938,1214.06591796875,778.71240234375,1370.3563232421875,772.1082763671875,1265.9166259765625,768.2620849609375,1139.209716796875,732.0415649414062,1182.3306884765625,734.1396484375,1305.3319091796875,834.5198364257812,1211.6572265625,947.4432983398438,1247.406982421875,744.9280395507812
labeled-data,GOPR0109_clipped,img3285.png,1267.5941162109375,723.6140747070312,1244.4306640625,731.935546875,1371.159912109375,773.657958984375,1243.9317626953125,807.4629516601562,1247.1927490234375,676.6381225585938,1243.363525390625,707.0297241210938,1309.03857421875,844.4468383789062,1263.0009765625,1015.5880126953125,1279.012939453125,766.4766235351562
labeled-data,GOPR0109_clipped,img3392.png,1262.8616755888252,711.8773064657407,1222.0470879550087,735.5379369780981,1370.7230127520654,774.7742894102694,1245.227690014807,812.3214075338158,1163.0852394125984,688.0420474912413,1199.886575735141,713.902445988163,1318.2776558877786,845.5514390243177,1344.883330500374,1015.0168418947103,1273.50970535735,765.0658642619252
labeled-data,GOPR0109_clipped,img3505.png,1301.0226635207712,740.9430830533877,1222.8887269066224,736.4491326822105,1366.2306507182454,771.5865011129608,1244.2335327106339,815.0959627800111,1282.3262473082932,743.0193297357227,1256.125720639493,732.6609819829413,1310.150536166329,833.1524574500922,1383.8631980867644,995.144912146996,,
labeled-data,GOPR0109_clipped,img3555.png,1355.3079833984375,632.9848022460938,1270.298828125,622.8262329101562,1373.602783203125,763.9107055664062,1236.1927490234375,806.0693359375,1387.281494140625,532.648193359375,1358.0721435546875,567.27587890625,1300.177734375,801.0516357421875,1248.5173977452382,990.489221067161,1288.51904296875,690.7882690429688
labeled-data,GOPR0109_clipped,img3569.png,1390.9485167512648,563.5265027353748,1348.1970503582843,522.893986780206,1372.7572774370274,763.917232180075,1224.14708985887,720.2083534806169,1406.5184484467788,448.2606855273193,1390.4056458277505,483.6302522520159,1276.157069828898,760.9374926067571,1102.3102651406293,975.2193124421522,1324.2286997708254,636.1436962606499
labeled-data,GOPR0110_clipped,img0331.png,833.1131134691678,721.905237621578,746.900059147104,774.4796276149688,922.3297443299464,828.382160332512,843.3421826254128,850.0556951529907,765.1906127471714,699.4136293696181,787.6390601161391,733.3063832404127,936.8682298954141,885.7226058818178,1115.0539282177338,1006.1975840244361,858.0588444839881,807.4542270766004
labeled-data,GOPR0110_clipped,img0536.png,750.9702072947757,739.6250505447306,745.365912449929,775.0021617528251,924.3530790572197,826.8418890676569,843.4410722347459,851.3606790138612,672.0288910808495,739.6954780144653,708.5263270863745,749.0226005492106,941.1553001875571,880.7726056369584,1100.3860759684446,999.2595573458616,848.1814771852569,797.9571940162972
labeled-data,GOPR0110_clipped,img0657.png,760.2290073844855,747.3350909065335,747.4859218791757,776.5969909557634,925.0973415846636,826.8799984542342,844.9028058287885,850.4426619488424,715.4404190518618,694.0328073804069,738.3758319152937,719.2023984764106,944.9215262023582,884.262540875185,1101.6394424585237,997.1551861279181,849.4034992311714,802.6948294345236
labeled-data,GOPR0110_clipped,img0774.png,739.0010986328125,791.9443969726562,769.8446655273438,833.1846923828125,925.0546875,824.2804565429688,845.4781494140625,849.939208984375,687.0693359375,846.1070556640625,725.4951171875,830.443603515625,946.8280639648438,864.8751831054688,1099.119873046875,986.4354858398438,843.1686401367188,806.1904296875
labeled-data,GOPR0110_clipped,img0808.png,678.7626953125,942.2529296875,720.9010009765625,934.7581787109375,704.1893310546875,851.8150634765625,829.2453002929688,874.3500366210938,725.13916015625,989.8902587890625,715.3040161132812,964.9404296875,822.1052856445312,799.2415771484375,1057.2476806640625,682.7074584960938,740.453857421875,880.6897583007812
labeled-data,GOPR0110_clipped,img0821.png,672.608929457659,985.2627492327402,738.5433710724707,992.8397372129446,701.5743996349626,849.6977904878586,822.157875687454,875.6951454166066,706.8258577282229,1029.9743979430987,710.3135959544948,1016.023445038011,796.4620447014076,818.9279115100803,981.676093621857,664.1200653544361,745.6652205785524,915.3678034073018
labeled-data,GOPR0110_clipped,img0955.png,740.03857421875,1000.3414306640625,817.7936401367188,998.3477172851562,710.3394775390625,859.3128662109375,823.7145385742188,878.0811767578125,853.9514112640845,1021.5301746486556,833.4836986441419,1008.7549388785169,800.0384521484375,857.9321899414062,953.9525146484375,759.2545776367188,784.8035278320312,931.845458984375
labeled-data,GOPR0110_clipped,img0966.png,740.8162841796875,991.7161254882812,816.84814453125,996.8792724609375,711.2732543945312,853.9600219726562,824.8170166015625,878.20947265625,808.017831867933,975.3290778705075,802.934030880783,954.1471634428152,832.613525390625,788.7522583007812,895.9451293945312,713.8651733398438,789.6879272460938,889.9147338867188
labeled-data,GOPR0110_clipped,img1083.png,769.4989013671875,970.748779296875,881.35009765625,944.3294677734375,710.1001586914062,853.5310668945312,824.0496215820312,876.1427612304688,934.4775390625,974.6305541992188,906.2352905273438,962.1331176757812,770.012451171875,801.4048461914062,935.6026486112332,661.420014794039,798.7743530273438,896.3234252929688
labeled-data,GOPR0110_clipped,img1101.png,893.9448079563558,975.223370889958,879.5247845810601,943.064910567541,791.740287787896,941.543078801982,821.4355822534286,881.0572625429596,940.121310275138,968.7942959840695,918.5907425112903,958.8258001913684,750.7539647379631,849.0513852814879,561.2100209696722,850.4199336119448,832.8945086026811,918.284768379127
labeled-data,GOPR0110_clipped,img1128.png,1039.4775390625,957.5806274414062,959.9334716796875,935.1100463867188,906.8116455078125,978.5690307617188,851.8487548828125,886.066162109375,1082.015625,938.2130737304688,1052.055419921875,936.162353515625,818.6429443359375,922.2513427734375,687.8246459960938,1025.609375,924.6984252929688,927.0421142578125
labeled-data,GOPR0110_clipped,img1132.png,1037.823297100789,960.4258892185456,962.4473300295014,936.1192379575322,908.1942133738646,979.6159355497883,943.7642496149574,918.0319922070006,1097.5219767556541,934.0724356388357,1061.2568523415587,935.6608582984717,840.0711995620475,924.1563995535867,700.1754143732477,1019.7251655639999,960.7369544008324,937.8398941988589
labeled-data,GOPR0110_clipped,img1179.png,1157.8096923828125,941.7799072265625,1189.2496337890625,921.7820434570312,1016.8439331054688,972.95458984375,953.5868530273438,919.3536987304688,1271.6258544921875,934.815185546875,1235.2379150390625,933.0286865234375,950.5527954101562,932.361572265625,745.0566348841613,993.9174295248849,1070.2662353515625,924.5497436523438
labeled-data,GOPR0110_clipped,img1264.png,1406.2624419020117,978.9170645123671,1425.7396406101007,932.7282790046135,1208.7560966092392,961.0970155379462,1172.3774437974603,899.7889178483838,1449.7546590316115,985.697242666272,1411.9037605499407,967.6864345718911,1206.1614321775412,918.641643812752,1031.8093692244383,848.5548895817502,1300.2634215174521,944.0752252645495
labeled-data,GOPR0110_clipped,img1309.png,1402.4365234375,977.5296630859375,1430.713899068563,923.4722959828177,1212.0721435546875,961.5407104492188,1227.2593994140625,892.8544311523438,1455.0078125,920.4583129882812,1423.113037109375,930.6985473632812,1216.7791748046875,921.5529174804688,1033.2113037109375,884.0330200195312,1314.4317626953125,939.644287109375
labeled-data,GOPR0110_clipped,img1353.png,1320.1889966346712,934.6811627894404,1274.417649564101,925.4429092522611,1206.6887973469818,966.1752668087361,1185.7949273763015,891.7727054497282,1345.3017883719829,891.2630988650775,1317.7830328008429,900.4360173887908,1108.5831420294398,937.0103621496496,1076.7897657474477,995.5373549871347,1224.0487496088135,920.7070297376661
labeled-data,GOPR0110_clipped,img1359.png,1314.24009218258,935.6255247425303,1275.1467987210447,921.3064695792935,1210.3404589135123,964.5368895861934,1182.064483232006,913.1260247107276,1309.062707608173,871.9709439242739,1292.212856857425,890.3075462118527,1111.872884683877,952.9913621641101,1062.1702149864548,1035.8289879435365,1217.121220891083,924.4853649521046
labeled-data,GOPR0110_clipped,img1395.png,1298.8099365234375,790.7935180664062,1233.5673828125,757.2557983398438,1278.7564697265625,918.2824096679688,1214.4771728515625,892.1922607421875,1271.6925048828125,679.6422119140625,1270.0416259765625,713.4892578125,1189.1513671875,930.607421875,1036.845458984375,1042.6060791015625,1254.9754638671875,846.9425048828125
labeled-data,GOPR0110_clipped,img1419.png,1321.21435546875,659.4336547851562,1268.73876953125,579.4965209960938,1304.2568359375,699.9158325195312,1252.0064697265625,735.1507568359375,1296.594970703125,482.99462890625,1295.9071044921875,523.3582763671875,1220.512939453125,781.3216552734375,1017.997802734375,932.066162109375,1271.8868408203125,655.0614013671875
labeled-data,GOPR0110_clipped,img1452.png,1304.524094675298,502.27109756099145,1179.0655628142592,457.5424035931428,1309.6345775073048,572.7194096717649,1236.6881256603444,651.8929976520024,1153.1403819504987,374.85273523176744,1170.5818458799454,406.7285141373077,1261.82781118076,666.5029039273378,1094.192278370741,849.7485264700138,1251.4994804035005,551.3670568648024
labeled-data,GOPR0110_clipped,img1460.png,1194.8583984375,343.1702575683594,1178.1280517578125,457.2510070800781,1305.1956787109375,512.276123046875,1195.755615234375,559.971435546875,1108.5570068359375,313.033203125,1127.6180419921875,341.2143249511719,1270.4306640625,600.1781005859375,1217.3916015625,839.7728881835938,1231.3472900390625,491.61639404296875
labeled-data,GOPR0110_clipped,img1521.png,1246.680908203125,257.9443359375,1164.419189453125,263.5496826171875,1213.644287109375,385.2224426269531,1138.373779296875,320.8722839355469,1221.7039794921875,184.90451049804688,1217.3009033203125,210.1398162841797,1165.49169921875,437.23199462890625,1248.1436767578125,562.4201049804688,1194.868896484375,319.7688903808594
labeled-data,GOPR0110_clipped,img1568.png,1304.7215386078317,144.53930928437745,1230.9779990682669,136.56098871050168,1243.78185005817,276.01192766523434,1163.876667972581,285.7962356757146,1251.654598319077,88.78357785963551,1251.0404498860303,118.87685107892082,1202.0032007653508,312.9617202084338,1125.833084944862,331.2425480053511,1229.1031885675968,213.38960693937452
labeled-data,GOPR0110_clipped,img1581.png,1305.664414634525,144.08309786560991,1229.746382103328,135.7006603357139,1244.8663026913196,274.5290220981807,1165.6012644573038,285.5253279803563,1247.157199750106,88.05000151295302,1246.6990203383486,114.16622798312004,1201.7974379861316,312.09973386228063,1124.8232968109025,329.0523720973013,1229.3038163172762,211.729357927144
labeled-data,GOPR0110_clipped,img1622.png,1309.5015869140625,145.8762664794922,1228.221435546875,136.94638061523438,1244.4193115234375,274.771240234375,1160.9716796875,284.7845153808594,1328.02978515625,130.9243621826172,1298.246337890625,139.34097290039062,1204.4329833984375,309.9748229980469,1146.5973375520953,318.6943827850309,1225.492431640625,212.03187561035156
labeled-data,GOPR0110_clipped,img1828.png,1375.837977044376,222.76251153501525,1386.76285623936,194.3184990555055,1289.1172608802417,251.70479821673274,1238.5735214198546,176.92157174593805,1412.087047320375,223.73863821059786,1387.5650627387563,222.71688885303038,1193.3647689753445,228.4386927504932,1254.5226648751732,335.3585612753013,1296.676004262257,213.9663020639424
labeled-data,GOPR0110_clipped,img2070.png,1376.05712890625,223.95362854003906,1351.20263671875,187.06788635253906,1288.8211669921875,251.07484436035156,1237.8721923828125,177.391357421875,,,1343.620464449065,186.3919996486301,1194.3289794921875,249.43997192382812,1179.469708876609,272.6904611908184,1286.5870361328125,214.3744659423828
labeled-data,GOPR0110_clipped,img2150.png,1331.5065890551086,331.10472097744866,1363.7398075634921,346.78574619774326,1288.8193537331956,259.23335538443166,1372.0159042075366,256.1842671471521,1298.3646613143217,391.91841388426815,1308.2583157757676,368.1736431767981,1311.5968432455945,202.7527252979165,1092.239809142783,153.15068608240216,1328.5312264241525,275.88833792848027
labeled-data,GOPR0110_clipped,img2173.png,1254.9053955078125,354.6351318359375,1255.6033935546875,393.2373352050781,1300.2637939453125,255.24935913085938,1343.0775146484375,329.66650390625,1158.0838623046875,367.8838195800781,1197.8974609375,376.7492980957031,1351.96044921875,252.14169311523438,1194.2174072265625,132.90982055664062,1293.9970703125,312.18389892578125
labeled-data,GOPR0110_clipped,img2189.png,1167.3178234474985,313.89338724782573,1224.9797537568875,392.6167046880769,1267.614526413738,292.6578740946289,1344.2069722644494,332.13232725253806,1102.5689035196476,315.83302451237853,1127.8195314122001,334.2591583799168,1339.4941925546946,279.38861847657216,1203.8790651237116,134.1857847433228,1257.9891685390382,331.22665181572023
labeled-data,GOPR0110_clipped,img2541.png,1084.6678057814977,267.06157861138166,1044.1442875621863,309.291350229401,1176.9532990886394,289.3722694730127,1164.7130965416857,373.829667046993,1027.0108178884568,226.94723648354892,1038.6390103080628,254.48769221419468,1231.5403041960635,348.9614908329977,1485.7970771283594,237.69195994987354,1128.0048595967771,319.3505272456588
labeled-data,GOPR0110_clipped,img2681.png,1083.0137609001292,265.98460143124413,1042.4521009086207,308.65336064309093,1171.51192815433,287.5823684397098,1162.0299816628085,372.3931120583188,996.8246572771563,258.65422504126354,1027.1004020593127,279.5045021082203,1238.8016211314393,352.9693436804192,1493.8199880619204,260.1668776053422,1127.9996974575986,318.93835894945573
labeled-data,GOPR0110_clipped,img2828.png,1079.4129638671875,264.8655090332031,1043.4375,310.6365661621094,1173.23583984375,288.8360290527344,1162.8092041015625,373.3666687011719,971.9542236328125,310.51983642578125,1005.7666015625,314.4488830566406,1237.368408203125,349.9430847167969,1486.4671630859375,262.71453857421875,1126.5689697265625,323.6927185058594
labeled-data,GOPR0110_clipped,img3406.png,1182.03173828125,570.2955322265625,1214.60986328125,507.6204528808594,1094.669921875,357.2816467285156,1196.9208984375,387.71502685546875,1290.0938720703125,586.2973022460938,1247.4320068359375,565.5005493164062,1154.6002197265625,325.38128662109375,1368.97216796875,217.23997497558594,1151.270751953125,452.7996520996094
labeled-data,GOPR0110_clipped,img3414.png,1226.5828521315673,586.8219881458623,1215.5981595482228,509.1445191636405,1101.9131658516249,358.01585889938224,1209.9844799734838,444.02025547803436,1314.6608837040803,608.6734094542696,1277.3168694001918,589.4355839037817,1159.8103799639275,350.548709300038,1364.053566268149,226.53999640894648,1156.40491271776,464.16280879376836
labeled-data,GOPR0110_clipped,img3502.png,1135.789794921875,592.3848266601562,1223.7745361328125,612.8689575195312,1098.0736083984375,365.6232604980469,1219.185546875,532.3823852539062,1055.2698974609375,677.3204345703125,1090.973388671875,652.4312133789062,1182.4358383462943,441.5003569477379,1308.1297607421875,218.05227661132812,1165.2542724609375,525.0640869140625
labeled-data,GOPR0110_clipped,img3519.png,1003.8774680115756,631.4670736739017,1067.9868590632786,665.8389761052365,1136.4714936494925,543.561350227608,1136.959078359288,637.2250106665394,927.9743426388335,671.4432398294871,966.3538651042611,662.2884913514952,1210.355544762488,542.7916471403289,1398.3576471742465,319.64083807422367,1092.5909393806598,604.2673258247447
labeled-data,GOPR0110_clipped,img3555.png,869.897705078125,690.4102172851562,998.099365234375,704.7430419921875,1090.575439453125,552.8522338867188,1042.38623046875,687.0860595703125,842.7977294921875,746.3741455078125,877.50732421875,726.2349853515625,1128.958251953125,599.7950439453125,1332.70361328125,495.6470947265625,1007.4756469726562,636.6417236328125
labeled-data,GOPR0110_clipped,img3559.png,868.7624220107646,693.5678078130802,997.2502377840821,706.0330436716856,1091.8656724594457,553.3496996524784,1045.5322577408951,684.3125147242991,837.9774713996342,747.1935775566175,877.6918268726773,724.9724500895576,1133.2022243510712,602.6938597096305,1330.225043038855,497.3084113559019,1003.7917772862382,641.3998068188725
labeled-data,GOPR0110_clipped,img3602.png,620.204345703125,690.9297485351562,655.044189453125,750.2588500976562,798.8577270507812,641.8275756835938,862.0571899414062,720.535888671875,543.0577392578125,734.196533203125,584.5324096679688,729.6082763671875,893.41552734375,662.1701049804688,1177.3660888671875,610.267333984375,747.765380859375,704.4510498046875
labeled-data,GOPR0111_clipped,img0009.png,573.5608046896892,527.4920069479821,616.3562752275692,587.5351961658205,684.5286687794653,428.654898662853,794.6793904830463,377.816104030431,528.6027229850765,489.39369147818604,563.3812141748158,500.09476569041357,773.9278045773826,346.3231598420861,831.6116051114392,127.89738075536246,720.2746876103151,472.36924952634035
labeled-data,GOPR0111_clipped,img0052.png,670.0104914632437,528.1831188092747,700.0100730444733,513.18332801866,683.3436388326791,431.5178003808684,788.3421743669826,374.85192406076806,745.9410369773403,581.9047313595801,723.7116342257755,552.2655276908268,732.0909683817364,332.8666561135551,745.7160992022106,128.87085469923704,728.6077655591866,444.4847676847917
labeled-data,GOPR0111_clipped,img0062.png,657.2121926274248,529.1767879316039,786.8791448802449,505.4660669934983,680.4019384645227,433.4814767406157,790.6283422892492,374.9939971601485,843.2824734174449,550.405323579046,799.487960671312,536.011322886261,726.1479859618642,327.73104443371835,746.2313805948295,134.06973904440974,737.0136047558321,457.6414145132544
labeled-data,GOPR0111_clipped,img0069.png,780.3866577148438,548.9922485351562,782.7454833984375,504.30072021484375,680.7952270507812,433.8480224609375,790.8654174804688,376.04718017578125,849.4149169921875,538.5953979492188,811.4310913085938,531.1165161132812,715.8280029296875,336.8248596191406,768.8998413085938,129.6002197265625,747.1395263671875,442.71014404296875
labeled-data,GOPR0111_clipped,img0089.png,778.4600830078125,547.262939453125,833.35791015625,513.139892578125,686.453369140625,433.7964782714844,790.5404052734375,377.0722351074219,986.9188232421875,581.838623046875,929.1741333007812,573.4105834960938,724.7932739257812,382.4884033203125,,,780.9644165039062,467.61474609375
labeled-data,GOPR0111_clipped,img0206.png,1045.4653844938541,449.4737158084324,1079.978724076551,374.234635518153,859.0933507472905,550.9429341815616,866.6862854554838,436.3586467670076,1193.203899013012,457.47084339966,1146.4105663007183,448.8920657357395,808.6792763253403,484.65578203965026,528.6146824035708,453.9755389674211,961.5859867749346,461.82452948954733
labeled-data,GOPR0111_clipped,img0235.png,1269.982666015625,503.0608215332031,1184.8951416015625,428.30364990234375,988.3948974609375,510.8982849121094,1114.741943359375,408.5611267089844,1387.8668212890625,458.0932312011719,1339.5399169921875,461.8397521972656,999.4074096679688,439.3618469238281,751.40380859375,345.3472595214844,1130.3623046875,465.9654846191406
labeled-data,GOPR0111_clipped,img0248.png,1362.8003921700522,517.745223275459,1346.6652004935863,441.4710961152233,1263.9667597753087,522.6749867000381,1162.8355340776561,415.565560468534,1475.694695349212,469.3693652731965,1433.8472916122523,476.34393256268976,1098.9151345721373,478.0744127115242,828.3555575720169,413.8673231345574,1264.916083880333,470.4592559671197
labeled-data,GOPR0111_clipped,img0304.png,1447.7051974323808,563.5858841870509,1476.7525907070492,504.9531829474422,1263.3968802185316,518.8846171355452,1172.4903002858516,414.90896117742557,1488.7309229274938,595.9480899215263,1459.5784045868565,580.30527520216,1172.6224279967973,447.7220179185813,978.3930784071472,328.7238235187211,1320.1084042219913,490.11840347343826
labeled-data,GOPR0111_clipped,img0317.png,1422.9361572265625,629.0534057617188,1476.7430980155093,512.0992548583426,1263.3712158203125,517.4170532226562,1263.7066650390625,515.2606811523438,1448.5738525390625,699.15966796875,1442.7056884765625,656.7294311523438,1210.6572265625,439.8742370605469,1056.8743810641822,288.671115353579,1321.3707275390625,506.1782531738281
labeled-data,GOPR0111_clipped,img0363.png,1410.7937615579008,783.1457898357157,1461.767144054176,788.9079982918164,1336.0906193308115,594.890407887912,1411.6259785072543,509.91683720759494,1411.6232968256274,859.9874539043067,1409.6270850221554,820.5622707857326,1341.2850650865985,544.0724438780275,1271.3942856997674,319.97540597294403,1399.6354600672657,661.7859043220722
labeled-data,GOPR0111_clipped,img0366.png,1411.044189453125,779.0303344726562,1456.1373291015625,811.6284790039062,1332.2137451171875,594.4351806640625,1415.1500244140625,509.6744079589844,1395.0872802734375,866.6429443359375,1394.9088134765625,820.0315551757812,1341.354736328125,541.732421875,1312.5138604753154,315.37826135847143,1389.8853759765625,663.0108642578125
labeled-data,GOPR0111_clipped,img0368.png,1409.468436517357,777.3053538598563,1455.8923850787673,808.6439462440501,1330.939336227837,592.6474655510586,1459.280680250867,601.2933692325826,1394.7942273622516,870.2529302561863,1394.0291564993704,824.3486784833033,1367.251676298522,554.2786638861744,1352.0052157300759,318.827297364649,1392.1220859307994,674.7364929068578
labeled-data,GOPR0111_clipped,img0417.png,1366.7850707890736,827.8094268023058,1398.9897563154616,858.7911495871853,1406.7351870116813,737.3101839306839,1456.0910183298236,801.5721005135363,1214.991306641792,819.3104409155335,1261.3708296029915,817.6540293812049,1477.7803162825628,716.1154737935415,1692.8578018991147,599.893661139226,1402.4043924662296,775.8022951105918
labeled-data,GOPR0111_clipped,img0454.png,1328.2352341188907,715.3771660562313,1299.571238133883,787.7537559183761,1439.4718505571957,735.979498499991,1441.3912729922672,822.7094516920536,1228.444001434913,760.2275486816055,1267.925789818144,755.202593796467,1462.416429784136,775.4015403981322,1671.2224724921173,807.9250874098672,1374.5734906709972,765.3901445350083
labeled-data,GOPR0111_clipped,img0612.png,1456.6101061564864,806.9682083873528,1469.17333984375,766.556884765625,1335.0567626953125,849.158935546875,1333.8922119140625,776.2805786132812,1463.4156494140625,840.49462890625,1445.980224609375,811.4403686523438,1260.1011962890625,838.8392944335938,1276.030517578125,991.8209838867188,1372.5794677734375,778.971923828125
labeled-data,GOPR0111_clipped,img0642.png,1367.4963410447986,981.4864320863114,1414.9003442640274,971.0134546309005,1320.6435471653283,843.684097146693,1446.8704859700188,813.9187927997355,1403.8761574688579,1044.3242968187774,1391.7495519941713,1004.6372243561674,1347.6752513847373,799.921262514848,1252.0280510354671,647.4712797860592,1381.774465915034,898.9092422074707
labeled-data,GOPR0111_clipped,img0664.png,1326.332534348537,983.2529076859576,1380.5096343264486,973.6348685576338,1313.7999719462903,835.3009765131121,1442.2356232512782,811.2192918934269,1301.7591296364476,1049.3603953547586,1308.4484864752492,1009.22425432195,1349.2535631919382,791.1512213770225,1266.9322805095412,634.5711503054206,1356.2826212066675,905.042133886557
labeled-data,GOPR0111_clipped,img0685.png,1234.314697265625,957.949951171875,1318.596435546875,966.1914672851562,1313.6075439453125,830.4977416992188,1448.1187744140625,808.73681640625,1183.8197021484375,997.1774291992188,1213.171142578125,975.2057495117188,1375.6571044921875,745.5443115234375,1361.009430877714,516.2601986845316,1332.6116943359375,869.9896850585938
labeled-data,GOPR0111_clipped,img0698.png,1153.0851335219902,948.8704192311153,1193.9416110142213,996.8545379783629,1310.9528393562505,831.9228595352135,1446.3840719658847,809.663877355095,1080.3643240209167,988.5225586828628,1119.234233859481,971.2961213680444,1367.3402849421402,794.777348616494,1429.5988580134767,614.1586437476145,1285.1671104271395,892.1139523953743
labeled-data,GOPR0111_clipped,img0709.png,1126.878572276254,961.5790611995184,1117.1376434683648,981.7103140691567,1312.6056148800135,837.5445677123924,1365.8560256964759,888.8467927672771,1007.3898455661433,991.4512428770461,1045.0547702899826,983.6584998307345,1334.1092793374764,831.2803267631956,1483.9358607248137,675.7031733246051,1217.1495167522355,916.9579859673304
labeled-data,GOPR0111_clipped,img0833.png,1022.9352233848526,915.3879167631258,1001.4599313832302,954.0434423660461,1123.5623059067402,919.9897650491878,1124.78946544969,974.5983647104559,958.656942498978,890.2337040918837,990.7383127926292,902.8974028920093,1172.6359016898134,940.8546208800298,1384.2084445275311,934.6493603836159,1069.8583074177884,939.7414742662496
labeled-data,GOPR0111_clipped,img0901.png,1077.9583407589512,885.7146453740713,963.0045269033477,879.3921856120131,1122.40539818553,923.4303763700942,1004.8825166746695,963.9959863691494,1078.7852796634656,793.8508777354531,1056.0324151476586,834.0476050467122,1072.7178491259172,1003.9356600980716,,,1039.4968396212194,917.0412222254226
labeled-data,GOPR0111_clipped,img1068.png,1076.040771484375,884.858154296875,962.2017615776597,876.1481371230458,1121.740966796875,922.673095703125,1004.1300048828125,963.74560546875,1088.3600353729053,810.7276479008937,1058.131591796875,841.2874145507812,1078.638671875,1005.18359375,,,1046.1412353515625,923.55126953125
labeled-data,GOPR0111_clipped,img1130.png,1089.2139892578125,560.3218994140625,1089.2835693359375,699.06005859375,1163.4840087890625,801.4298706054688,1068.5240478515625,739.0396118164062,995.198486328125,535.495849609375,1032.955322265625,581.6553344726562,1095.515380859375,831.4105834960938,1002.5632844342404,1015.1838396660421,1120.08544921875,724.3535766601562
labeled-data,GOPR0111_clipped,img1149.png,1057.6583144195058,546.5291603660971,919.8496597665535,576.8018812242867,1069.8577690937016,592.1641574806814,1064.4357892385035,716.4178624956385,846.530738161759,499.5464627348448,892.2756428750799,528.5277067147127,1126.5112874982246,714.0006312756655,1166.7670961871322,925.3122362695926,1009.9296641020205,610.3460809832234
labeled-data,GOPR0111_clipped,img1177.png,835.5896460791898,365.599355904072,785.5612363176032,455.2729205710669,928.0950075251424,491.14234643786483,961.0037304528415,622.5662142495157,724.9871638449144,324.5357465309041,764.5562458965968,371.0620298224427,987.5427659047264,592.9864883026512,1121.542417280739,768.9963134629188,877.9040479114685,484.13437892643236
labeled-data,GOPR0111_clipped,img1252.png,565.810742878141,616.534519074565,657.5132225485265,612.3279833098684,844.2456710425731,479.6278781917816,758.1805780355285,623.2794556491357,519.9599461905232,707.2644938755105,559.4619175324983,670.1810105748807,851.9633615915882,539.6446627708685,1120.1560819300996,567.6112972042348,702.1486200635557,562.7760069121873
labeled-data,GOPR0111_clipped,img1294.png,453.33206526709085,730.1521962770723,540.3458951624277,768.0910821306003,645.4349043631092,557.0723199415382,734.5229480007888,618.5317930839881,474.31102162073637,822.8970023942302,492.4208659773403,784.0270925556656,734.0129131356953,577.6000286285678,980.4223740036725,519.6357071025514,602.140371607295,656.0519903256529
labeled-data,GOPR0111_clipped,img1399.png,448.2476789212187,685.1015468299257,506.10920680427694,737.3496429034335,607.6507570547252,603.5177242244984,666.586063042021,694.7046773200675,473.80698718098995,789.0518357173706,491.13875991384333,749.7220437466649,732.2290486113397,627.0029479030384,961.200682438945,657.7159526778253,595.5434501253611,660.8632774957805
labeled-data,GOPR0111_clipped,img1577.png,574.4624480312261,584.2245555281427,494.4777083103555,609.6043287088036,615.8550123991076,607.982981366423,597.0555166273289,709.1877054811669,574.4446125977961,504.38509398289875,569.661536745395,548.7372518869823,688.3194314167756,720.2279653479153,881.2436627316247,874.6841496187706,599.7674258594363,635.9010279502402
labeled-data,GOPR0111_clipped,img1760.png,490.848273568826,655.8313124511255,530.4538944237871,691.6509269897988,608.0193917532325,600.3144846065505,600.9187026113214,709.5624240482026,522.9953397366271,792.5306760726314,519.7599958302154,752.3199732358005,692.4532862596723,663.3758152379609,856.3771240087063,749.5697076904751,584.3811934976208,655.2155483809904
labeled-data,GOPR0111_clipped,img1777.png,524.0141998307708,730.4604990369087,543.3130493164062,756.7041015625,609.1661987304688,601.4599609375,626.3348999023438,719.1436767578125,550.8189697265625,839.6112060546875,552.013671875,801.605712890625,691.4793090820312,638.571533203125,898.4967041015625,646.59619140625,593.3351440429688,684.20263671875
labeled-data,GOPR0111_clipped,img2005.png,543.3823996815349,755.3919460667831,534.6531135678524,772.3214706508948,535.9757326759861,724.1781351148276,587.557877893201,772.056946829268,,,,,629.7129848811531,678.4629159902878,706.0610971115525,560.3296882824402,575.760831796802,738.291935234872
labeled-data,GOPR0111_clipped,img2011.png,537.627273546505,759.4882902653972,550.3580366785945,769.1461105724995,537.8467694625754,724.588439610186,586.7943587462992,772.2190533974867,542.8951755321972,774.6335084742624,558.6988814892738,758.1713147689741,626.2749697582011,681.3491621844094,708.6390552900746,566.1437007759027,572.9426854189998,740.5960343903523
labeled-data,GOPR0111_clipped,img2137.png,444.1916809082031,700.4905395507812,447.5787353515625,742.4501953125,593.5244140625,675.7907104492188,591.0142211914062,773.8656005859375,368.1731872558594,628.830810546875,397.2556457519531,657.5280151367188,660.3211059570312,735.2960205078125,779.6087646484375,874.7479858398438,537.33740234375,719.732421875
labeled-data,GOPR0111_clipped,img2219.png,528.0774559457441,676.712165877737,462.3460866011493,707.9824289640005,591.8943193870982,674.1594913400829,593.1706566559253,779.4573160183172,513.3995773542326,589.9212315974954,512.7614087198191,632.6785301032027,692.0867949900241,774.9901355774224,824.3246091308749,977.2317961053567,567.9342498779267,714.9656317042904
labeled-data,GOPR0111_clipped,img2237.png,579.8418579101562,655.7738647460938,461.56195800772895,709.2287561035574,645.3790893554688,712.411865234375,599.040283203125,781.6158447265625,564.557373046875,600.9991455078125,568.794189453125,636.3391723632812,685.1971435546875,804.596435546875,723.123043199974,1005.6353140226498,599.1874389648438,718.4876708984375
labeled-data,GOPR0111_clipped,img2271.png,699.0093383789062,664.8613891601562,568.949143899632,648.3822602389057,647.4345703125,735.0216674804688,544.1106385280193,735.2145428537292,730.8727416992188,626.9339599609375,704.3896484375,641.5298461914062,589.5564881540967,774.568832572942,634.4322547268279,966.2697985077342,633.8696899414062,683.3391723632812
labeled-data,GOPR0111_clipped,img2281.png,697.0187111964964,666.7155275809625,697.8913997615365,592.1006552700358,673.4561199404143,722.1312514610075,573.9696235258452,665.4064947334024,803.3271228066603,587.3128691388862,762.9965010639345,604.5126931174016,584.4210247401872,746.7036952781791,574.9959741076626,942.6502070753854,661.6695446145154,654.2371649458303
labeled-data,GOPR0111_clipped,img2304.png,735.9462704507807,660.8114725442015,724.5047514667806,625.0105905620075,676.1551067279412,723.1862050698797,577.241329704972,674.0983978159436,814.1914970510398,674.0983978159436,774.6998024933619,667.4549351800725,576.3772093386838,737.7029945881422,401.7465528230373,925.1299014196779,653.6506201009717,663.2039122824164
labeled-data,GOPR0111_clipped,img2427.png,832.4180297851562,633.5397338867188,876.925048828125,538.6801147460938,795.80322265625,700.0364379882812,718.1533203125,644.329345703125,944.7387084960938,528.00830078125,913.5399780273438,556.3590087890625,677.2899169921875,712.114501953125,472.25037879208486,816.5073651550456,790.5322265625,639.4784545898438
labeled-data,GOPR0111_clipped,img2447.png,1040.5701904296875,498.02423095703125,997.977783203125,442.1749267578125,810.9777221679688,676.566162109375,863.56103515625,520.5059204101562,1077.68603515625,389.27008056640625,1056.397216796875,425.75213623046875,789.288818359375,609.1016235351562,518.0700073242188,665.183349609375,923.7282104492188,540.2625122070312
labeled-data,GOPR0111_clipped,img2462.png,1160.1416837604947,403.3300820284113,1081.530684330525,362.18213701428647,966.0707789177568,589.417057241543,875.7909592599008,524.3173233385992,1213.5725974355523,325.33323103148814,1173.0388008544742,348.05672305421376,908.3258156419158,552.9361389101463,670.2989757222944,659.59533498339,1026.8031872133506,445.5945608357651
labeled-data,GOPR0111_clipped,img2554.png,1375.593852881949,315.17125746292993,1319.8128965039684,217.61173632567585,1200.3001708984375,429.83099365234375,1124.275146484375,313.97882080078125,1319.6439208984375,166.18304443359375,1323.0299072265625,195.64535522460938,1131.8218994140625,389.3634338378906,897.4106615914238,479.96534997306674,1243.538818359375,330.8470153808594
labeled-data,GOPR0111_clipped,img2591.png,1295.2190240580744,196.8648737957655,1200.4794903211855,175.6644186938043,1302.7459592785954,358.9020026703828,1133.6767404143818,316.89145830155053,1137.6026485688276,133.81078043073026,1169.2812521546705,156.63300021838054,1184.673001743804,400.64001919148683,1005.9183919556592,580.4170772887657,1232.9757383670456,275.91910180869496
labeled-data,GOPR0111_clipped,img2794.png,1213.8728182041455,251.93431028628174,1170.518524276821,218.25411500389754,1255.7939123322194,342.2258976390565,1133.6136294461235,313.56190165404865,1281.5915087187263,231.86951309677625,1245.7615137374667,239.03551209302822,1157.4734510527296,396.93532529148,1013.8299087241858,623.211892060159,1189.4538102920349,289.95834113428157
labeled-data,GOPR0111_clipped,img2843.png,1252.7469569179107,266.39774383879194,1172.6979344458523,214.2632522800666,1251.9259413028126,346.0362585033015,1135.3417239588914,311.96411047673297,1373.819133706698,273.96846481800964,1333.5150727402079,273.39269251848833,1141.5879767955562,384.9394739924261,992.3158998128365,555.7259799380038,1196.468577346594,303.59987879755477
labeled-data,GOPR0111_clipped,img2855.png,1338.9098112260292,334.009756115127,1328.8405761482477,261.0078018012097,1250.174677103078,343.44966400054733,1161.4395429801268,255.34385706995752,1406.2478208086943,362.9588069637494,1369.1175164593742,339.0443736540179,1146.3356903634544,306.9486868435887,959.096544053862,397.3471602552337,1249.1533222047187,296.3434950614787
labeled-data,GOPR0111_clipped,img2864.png,1396.084228515625,390.3998718261719,1375.7969970703125,304.60528564453125,1257.0880126953125,346.6632385253906,1273.8653564453125,258.71502685546875,1470.8817138671875,421.7945251464844,1438.559814453125,398.5261535644531,1186.2352294921875,284.7376708984375,994.6064453125,179.06622314453125,1308.9244384765625,335.48406982421875
labeled-data,GOPR0111_clipped,img2897.png,1381.5129950293576,390.4198046182112,1374.118027168866,303.1591838644117,1255.7985414010022,348.0219888847267,1305.5913249949783,257.8033809867306,1456.9416672063708,365.27691389254016,1401.7259071813676,362.8119246057097,1171.0029099340334,262.7333595603916,1091.4707241074204,156.41811175979342,1302.9074908014672,330.3500799799407
labeled-data,GOPR0111_clipped,img2976.png,1352.164369064575,485.9742511907831,1359.25506130367,474.5784958065235,1262.5750989791363,344.7876803099214,1388.0108867946442,386.0580042803087,1282.7228161930261,523.8423929688457,1290.846895714756,480.6222899132433,1337.4708148687307,294.2502974467735,1340.13368806745,115.47246655745917,1317.8857669767735,402.3339461986206
labeled-data,GOPR0111_clipped,img3177.png,1085.5935778088249,471.49436121193344,1137.185407016584,531.2108879327253,1256.0845347186505,359.8643542952878,1318.9021025642592,458.66480080974,1029.470169897947,628.0807861547362,1064.163808107496,586.7436853093163,1317.7930675269315,399.240115279019,1481.5783093949904,275.05915429766765,1201.9670059727123,456.1279623053879
labeled-data,GOPR0111_clipped,img3261.png,1022.999898136115,335.867060241854,912.1970938569362,387.51243511774237,1062.9076878129379,364.0372647196113,1099.0594502260597,521.3209063870895,805.3203340903169,352.6649880370606,867.7210029156414,361.9095315667383,1151.504961286058,464.9203667578539,1417.7302318436418,570.1977903756447,1018.5744877809859,411.4629911515577
labeled-data,GOPR0111_clipped,img3278.png,796.7392578125,377.6783752441406,910.193359375,388.2045593261719,1057.34228515625,361.0044250488281,1059.03125,482.750244140625,732.7678833007812,443.81842041015625,781.5210571289062,421.6517333984375,1098.9239501953125,437.23870849609375,1351.1923294561407,561.0263080925372,986.617919921875,391.6409606933594
labeled-data,GOPR0111_clipped,img3316.png,618.4258713730515,433.23798606751353,567.3674074832235,491.68649078350074,873.3787249319937,356.04081930802533,884.5806201418768,480.77515008244524,468.6147370717363,465.1105062136128,527.7869392322297,463.5219907193713,875.1270311870089,429.68115948598364,1099.66117414845,442.63366836410785,730.0737356563654,437.88695135090364
labeled-data,GOPR0111_clipped,img3347.png,616.257201456728,432.99028577308593,567.0783517979024,490.87789005899515,782.2358190552643,395.59386884502067,876.4952809013466,484.2182541676959,505.5106292483391,370.6753785570149,538.9652912293772,406.4777361156696,858.4668687330045,467.9911724796499,1108.9748223213005,538.2574156526708,701.6955732429822,456.7430570305397
labeled-data,GOPR0111_clipped,img3404.png,614.347900390625,435.2143859863281,628.049791242417,487.822327923442,783.7815551757812,392.68060302734375,880.0526123046875,480.53778076171875,618.3595581054688,586.5416259765625,635.65380859375,541.7548828125,909.9056396484375,415.9875793457031,1155.9943524485625,438.9796687112274,764.6821899414062,437.2575988769531
labeled-data,GOPR0111_clipped,img3418.png,613.4547022805408,435.7257828064809,655.1850706968486,529.8320217861137,783.6346270815665,393.14659357109076,879.7219088080619,480.85042118722095,666.9111506218638,633.0423573446233,665.6213884510385,572.4235353158274,900.3581035412691,406.68909636475786,1172.1727499672932,399.32786492194407,771.6836670875612,443.53206597882195
labeled-data,GOPR0111_clipped,img3512.png,623.02685546875,436.3157958984375,660.0174560546875,491.8055725097656,784.1189575195312,391.6473388671875,879.1886596679688,481.6546325683594,565.11279296875,477.3332824707031,602.6447143554688,470.11724853515625,890.6973876953125,431.423828125,1168.3622574535987,463.4553998525846,745.2423706054688,443.6199951171875
labeled-data,GOPR0113_clipped,img0009.png,1073.670516768132,157.7098885223141,1038.3329089720276,127.96044196970084,862.3675233839851,226.67432297734047,903.0687205311385,150.45554441504595,1100.931649963067,124.94923244262752,1072.5213179201412,137.12508903245288,850.0735052536195,220.16301694694215,546.1422201435264,282.03188348688116,962.4158500931703,182.3021960197596
labeled-data,GOPR0113_clipped,img0061.png,1052.510498046875,206.925537109375,999.310791015625,123.4700698852539,851.5346069335938,223.7602081298828,886.0487670898438,160.1544647216797,1105.66845703125,177.82379150390625,1066.5489501953125,180.33985900878906,799.314208984375,214.91683959960938,513.31640625,227.46775817871094,939.8547973632812,193.37486267089844
labeled-data,GOPR0113_clipped,img0080.png,1121.4925537109375,215.9458465576172,1156.29296875,180.1088409423828,971.4487915039062,245.11863708496094,980.658447265625,141.2122344970703,1259.270263671875,224.60879516601562,1217.825927734375,220.5869140625,947.6539916992188,205.21446228027344,649.4529418945312,237.37884521484375,1051.7137451171875,199.33079528808594
labeled-data,GOPR0113_clipped,img0166.png,1376.6125896217086,195.2061437203251,1302.123730631015,196.89907233374996,1199.503762367558,243.97304075064147,1144.8596023414775,168.99617001718207,1376.7019300787533,218.21191264646427,1346.2988911894845,218.3874811206319,1096.3031092787342,224.52990953848214,805.6849815470657,286.60674607376734,1215.6119375353087,213.9794095992935
labeled-data,GOPR0113_clipped,img0221.png,1327.4659423828125,340.76495361328125,1369.141845703125,302.8232727050781,1274.7125244140625,268.8492126464844,1303.63623046875,230.5017547607422,1387.5040283203125,399.2658386230469,1362.352294921875,371.13226318359375,1225.760986328125,217.21031188964844,950.8895263671875,178.66632080078125,1315.6614990234375,296.4833068847656
labeled-data,GOPR0113_clipped,img0245.png,1314.3518000424397,369.38754966246427,1377.1666259765625,365.8603820800781,1295.677734375,283.1856689453125,1364.9384765625,271.5235900878906,1322.009765625,433.04266357421875,1325.939453125,396.6801452636719,1270.933349609375,218.83941650390625,1001.94384765625,168.46597290039062,1335.4483642578125,313.0708923339844
labeled-data,GOPR0113_clipped,img0314.png,1296.258159850303,369.5255512523555,1375.3403637854472,367.2266499751711,1296.258159850303,281.7075224639103,1366.1447586767094,274.35103837692014,1289.2873269619886,436.431177272807,1299.737550570969,405.0108996784205,1285.9630627123192,218.03361524890383,1022.0189834394309,152.04759543068172,1332.4427407822013,315.8725568684781
labeled-data,GOPR0113_clipped,img0433.png,1341.3982971632097,517.2125744710169,1391.9406712060722,480.0081948197893,1314.7891122235458,346.07709994311864,1383.8280909245223,377.58117885481835,1386.964367861563,606.0666301208836,1369.9273115678704,562.7332478086659,1316.7290800496003,308.80923622185156,1131.3737309447833,125.8475284601667,1342.2708832337112,422.570095560611
labeled-data,GOPR0113_clipped,img0510.png,1339.4229958461383,520.4580774497645,1392.4063336796971,479.9414073417488,1313.7104936622054,347.8726461242748,1376.8229990227683,414.4914017826467,1316.4737793287884,598.8462880682125,1331.249274163084,552.9479424127408,1322.497907898283,326.04492433205314,1183.4602192512382,132.60038330522548,1336.010660345473,436.4668812698783
labeled-data,GOPR0113_clipped,img0566.png,1206.7271728515625,754.8699340820312,1294.8716393728912,705.165151519672,1270.13037109375,588.0050048828125,1311.4417724609375,700.8077392578125,1181.8553466796875,832.4832153320312,1202.220947265625,796.3152465820312,1326.407958984375,583.0119018554688,1599.0910863782333,417.3409520616145,1250.580078125,670.285400390625
labeled-data,GOPR0113_clipped,img0615.png,1026.954833984375,897.20361328125,1110.5008544921875,906.59423828125,1101.2601318359375,810.5945434570312,1193.5750732421875,829.8740844726562,1035.8958740234375,979.8428955078125,1040.5576171875,954.8005981445312,1186.1229248046875,763.5565795898438,1312.7750244140625,674.03125,1103.8988037109375,854.5093994140625
labeled-data,GOPR0113_clipped,img0621.png,1026.0748425669344,898.4421503526962,1109.4073613159064,907.0012506610935,1100.2844868332577,812.2637079566639,1144.4953400953248,893.3169389371203,1032.314338490961,982.1422818137196,1034.9599419447559,961.4183880923254,1178.841983888519,782.524116989809,1297.4140905729892,707.3424053342328,1090.2700083772006,874.8885825078107
labeled-data,GOPR0113_clipped,img0818.png,1027.7364352148509,973.6397650651828,1090.2158712905614,1001.1844626899584,1072.748502065094,848.3449819671182,1110.3153959757592,961.8301142252326,917.8487196046372,989.3849906792897,949.5464702676213,984.102032235459,1156.8929169510452,855.5848770294078,1297.6547159568092,776.08853586633,1069.1114606937726,922.6190569888917
labeled-data,GOPR0113_clipped,img0922.png,721.0785111444233,951.7751330016988,747.085853704511,990.5880175001083,979.2335169576365,923.6204904660561,903.9242025088112,994.2437539739543,758.1483525682974,1038.5168581889056,760.8008655140918,997.4029075290903,963.7181058673741,919.1537756281513,1242.9256327212938,821.0728271508077,862.0839127802205,942.2282847099946
labeled-data,GOPR0113_clipped,img0929.png,722.2557983398438,951.4490356445312,758.5863037109375,987.6046142578125,978.8817138671875,926.8319091796875,903.2020263671875,994.3866577148438,797.6920166015625,1018.2374877929688,790.6000366210938,991.5787963867188,972.3345336914062,917.466796875,1242.5184326171875,819.9573364257812,867.3386840820312,939.0223388671875
labeled-data,GOPR0113_clipped,img0976.png,728.6815795898438,956.8694458007812,800.5412637506004,997.2631004424416,986.9338989257812,923.4058837890625,933.1436767578125,997.2610473632812,,,795.9171358939764,965.2330367377198,1022.04345703125,923.4462280273438,1223.139404296875,906.0446166992188,893.62939453125,948.1980590820312
labeled-data,GOPR0113_clipped,img1154.png,920.7306521263628,827.955080608394,967.3991973421405,743.1738901330646,910.7507981870976,854.0661515654208,853.570811701019,805.1943682439861,1033.9076921571132,726.9995149296905,1001.6523151649664,750.4579709239791,819.9340357189529,885.5606152796664,952.6230428017112,1030.4648909814437,909.8056861102947,797.0814817432558
labeled-data,GOPR0113_clipped,img1156.png,1000.524658203125,790.95263671875,952.8169555664062,738.5737915039062,910.96435546875,853.8052368164062,852.9125366210938,805.1414184570312,1051.5208740234375,729.1180419921875,1008.0003662109375,746.720703125,820.66845703125,880.7816772460938,936.9782334727835,1023.6560639856359,915.0361938476562,799.587158203125
labeled-data,GOPR0113_clipped,img1175.png,1078.5838573972035,741.1140856478905,1081.816778387632,661.0992911347864,985.8616247019239,816.140948052913,943.3230181663814,742.3494877361559,1187.7029720389364,666.8217577648867,1139.0874217126022,679.8437801737261,913.266612523217,800.758264457306,850.6686410445515,1002.1792700617702,1015.3853736849628,732.5513336122226
labeled-data,GOPR0113_clipped,img1186.png,1203.6047546995874,693.9032064102912,1087.7297459971594,662.4882040509663,1066.0224416492258,762.7653260337277,1079.4946518174313,642.5932113333355,1275.268553166796,628.6404714101095,1230.1175585127705,642.279834378513,979.5522710074824,724.2172085479968,765.9443800906284,881.0920129081649,1126.2183552291929,687.6110017196604
labeled-data,GOPR0113_clipped,img1386.png,1341.303466796875,620.0003662109375,1343.4432373046875,534.5494384765625,1199.425537109375,701.2350463867188,1212.739013671875,596.294921875,1387.338623046875,621.2684326171875,1352.37841796875,607.9571533203125,1120.565673828125,655.3804931640625,835.3596988908337,805.2857404034562,1272.75830078125,600.5673217773438
labeled-data,GOPR0113_clipped,img1458.png,1344.34765625,618.75732421875,1252.7550048828125,571.1610717773438,1197.494873046875,700.5173950195312,1214.24072265625,596.2174072265625,1272.5623779296875,512.1807861328125,1273.2425537109375,549.7954711914062,1108.8275146484375,670.5943603515625,830.6568041153233,812.8388435173475,1247.3817138671875,626.630859375
labeled-data,GOPR0113_clipped,img1797.png,1289.8896444461761,703.7615962653422,1301.5088385147005,635.0567965558071,1240.8869564180518,681.5335728299044,1262.1046151518788,617.8805966284233,1351.4707360495881,710.6735905457798,1314.1589851007686,689.5679536454375,1125.8933836454164,620.2868552539735,843.6462153998532,746.1532948769147,1263.4595854675658,654.1707849313195
labeled-data,GOPR0113_clipped,img2027.png,1262.8308586864848,704.2010192274411,1272.8293378072926,692.2028442824717,1234.3351931921825,694.2025401066333,1257.831619126081,619.7138706566146,1288.8269044005854,710.2001066999258,1264.8305545106464,695.202388018714,1141.7170371020427,610.1386122328806,837.5787951225158,742.2864349375218,1240.5734424716231,655.6600826407446
labeled-data,GOPR0113_clipped,img2176.png,1286.668355538552,695.5724383001676,1292.7400487704842,683.4290518363034,1235.492655440839,693.2594123070506,1259.779428368567,620.6882217730052,1309.9083165043942,703.4786237771475,1288.123986858074,689.7200997899978,1129.811271017079,606.8025967245666,837.5304871918946,739.1700149562961,1244.6076958583435,657.1198911127965
labeled-data,GOPR0113_clipped,img2528.png,1372.32893794469,717.2858769092777,1344.376013649808,662.3439222607167,1211.8405967344197,705.7191496148439,1260.035293794561,617.040907024184,1419.5597410636285,711.5025132620608,1383.895665239124,700.8996799088297,1149.951529996083,625.5051299722836,845.7963113981367,703.208159052994,1280.6211705792364,673.9710148733518
labeled-data,GOPR0113_clipped,img2558.png,1372.017333984375,788.822265625,1406.10791015625,734.2051391601562,1216.48974609375,707.6177368164062,1306.694580078125,645.3856811523438,1444.3990478515625,800.8077392578125,1415.7030029296875,778.892822265625,1195.758544921875,624.0427856445312,896.6232416572992,606.5576137878342,1306.21728515625,702.866943359375
labeled-data,GOPR0113_clipped,img2579.png,1371.3488868803424,799.37666339756,1405.6986724036449,733.910013341384,1218.2952735830556,710.1281035497157,1309.5495587370074,647.14979407727,1445.1456680702165,798.9345180398792,1415.2092482947162,775.1016401603546,1204.4734894063251,621.2273384096703,908.8438537857364,573.0629595726081,1308.7622467964895,711.416957104335
labeled-data,GOPR0113_clipped,img2880.png,1192.5640869140625,878.3657836914062,1222.6654052734375,931.5731201171875,1226.912109375,834.8670043945312,1288.6627197265625,858.4283447265625,1112.9520263671875,963.8566284179688,1127.5701904296875,940.915283203125,1290.57080078125,773.4810180664062,1234.9849853515625,539.0236206054688,1227.218017578125,856.1035766601562
labeled-data,GOPR0113_clipped,img3016.png,1181.5306396484375,950.931884765625,1235.5130615234375,943.9442138671875,1232.880615234375,842.1040649414062,1291.3626708984375,886.67236328125,1256.8883056640625,997.2742309570312,1240.1107177734375,971.9580078125,1295.846435546875,793.9063720703125,1457.62353515625,911.4542236328125,1238.166015625,892.19677734375
labeled-data,GOPR0113_clipped,img3038.png,1324.9939202097078,984.6899743841795,1305.1135310470752,961.6402478188083,1231.6072846429033,842.1170390500847,1289.640055423847,883.4808224790552,,,,,1272.6989300982632,822.8355024749394,1326.2649478139544,827.8573166357855,1264.0938111154894,913.4827755698556
labeled-data,GOPR0113_clipped,img3085.png,1322.7681884765625,984.5548706054688,1391.051998893072,948.4851340519645,1230.936767578125,844.7846069335938,1323.2633056640625,865.1843872070312,1411.8172607421875,947.8307495117188,1373.435302734375,939.5509643554688,1278.8790283203125,805.8239135742188,1297.337149674282,741.3888357855758,1295.6715087890625,897.6029052734375
labeled-data,GOPR0113_clipped,img3108.png,1288.0482672891133,979.924990395958,1373.3208573831723,950.2045762589407,1246.7561352998416,821.2110140763526,1323.1923796728952,867.0727607001847,1331.2181853320658,994.3391075813191,1319.3705674542425,970.2616906038072,1288.8697241734262,768.5327411002586,1518.9489838284662,583.3715644305788,1292.1272862989874,888.8046338307746
labeled-data,GOPR0113_clipped,img3117.png,1273.8345947265625,937.0589599609375,1324.4036865234375,908.528076171875,1250.3160400390625,820.1190795898438,1324.33544921875,868.7467041015625,1283.973388671875,957.7171630859375,1285.562744140625,935.9783325195312,1312.6180419921875,768.5717163085938,1573.7221996764451,700.0082359584495,1287.615234375,871.302734375
labeled-data,GOPR0113_clipped,img3438.png,1033.133292196587,696.4289908372069,1038.099667555771,774.7540978793268,1114.7014394964435,815.0708199533649,1102.8571409698873,904.0414686672117,938.1164828915206,677.098995620401,974.8729674511146,711.3205502103676,1147.5361507756884,881.4906931127664,1402.6031205529016,889.2987350888081,1069.751367503526,801.8638917630255
labeled-data,GOPR0113_clipped,img3471.png,866.17822265625,603.1626586914062,803.7384643554688,642.9322509765625,1044.510498046875,713.7718505859375,912.65625,735.2302856445312,734.1259155273438,579.5973510742188,787.08984375,602.4595336914062,1012.2557983398438,767.6353149414062,1230.65380859375,919.365478515625,929.7374877929688,674.08740234375
labeled-data,GOPR0113_clipped,img3481.png,712.8296508789062,522.0556640625,741.266845703125,611.9071655273438,892.052001953125,607.551025390625,897.247802734375,714.279296875,613.81005859375,529.2349243164062,668.2989501953125,550.2271728515625,939.0086059570312,685.5963134765625,1194.1153564453125,846.209716796875,821.0126953125,609.6107788085938
labeled-data,GOPR0113_clipped,img3486.png,681.0632447373695,510.7356010245512,732.6543316063292,607.3499690899089,893.2327337109818,605.2174697136489,745.5079396278459,636.7429205108049,578.0557130568341,479.0598124776859,627.6514385705098,511.75899273424216,882.7131647816574,670.752975966313,1136.352771196363,836.5658897580486,770.4414556482983,579.3245193607704
labeled-data,GOPR0113_clipped,img3559.png,606.3270263671875,421.2374572753906,524.0075073242188,405.35870361328125,724.9197387695312,510.68511962890625,643.2978515625,587.8165893554688,553.3191528320312,341.7039489746094,562.7447509765625,376.9900817871094,729.7706909179688,589.8564453125,1018.5562133789062,740.7899780273438,647.2943115234375,495.9381103515625
labeled-data,GOPR0113_clipped,img3574.png,578.0330810546875,334.8529357910156,524.4451293945312,402.9745178222656,607.8077392578125,450.93310546875,542.0174560546875,483.97979736328125,540.5579223632812,264.4083557128906,550.4102172851562,298.7243957519531,625.340087890625,534.3737182617188,876.9436645507812,700.7667236328125,576.7489013671875,418.8208923339844
labeled-data,GOPR0114_clipped,img0480.png,431.06442692028895,449.41637097784644,479.09382316738163,442.04678107749885,490.1391455098545,339.5839727373786,574.1310612595234,365.7016002496432,454.78331373672404,491.58671466012584,476.0603072766271,464.1573374460339,601.259666489783,305.21735576140543,735.1050456712317,230.6067915913786,520.7579733151563,384.20423228338313
labeled-data,GOPR0114_clipped,img0525.png,436.3884530518694,441.31033106089495,517.9346493084217,438.4983932589449,492.19504313903354,335.9372753847288,575.5984458040627,364.73130725717937,527.4982543321544,503.30972090565183,527.4982543321544,472.5611326170262,600.0204317641918,300.5634930991483,736.7344112231955,226.26438287509558,524.1347070026618,380.1378265808405
labeled-data,GOPR0114_clipped,img0712.png,,,1186.9940673951455,950.7109575829753,1052.0986670862687,969.1657029021051,1072.3110071976967,868.104002344966,1275.0106360697546,983.9016178507904,1243.513749965826,980.9487847785472,1009.7675910283128,894.3636331320599,762.407019961334,806.2524048338537,1115.2918843861116,936.2554992911155
labeled-data,GOPR0114_clipped,img0735.png,1400.1203463910704,966.2035029960241,1325.4343190487903,971.5599869579098,1205.086940514285,988.9900968355644,1279.6730906900793,940.8349610424544,1440.0175397873154,925.982108117338,1413.9404825368185,938.3800694316018,1160.6192114332016,934.7549991317921,955.1134364700129,838.5078064539475,1280.6185758438023,965.6384675377451
labeled-data,GOPR0114_clipped,img0758.png,1430.0682751441473,882.0872041372039,1408.036195639387,958.9889035017429,1273.6063732005166,941.2493231525252,1219.5823608199064,985.2354885926294,1482.9148823490784,858.2614695162275,1438.9667425693217,892.3591641729353,1202.6025921194848,934.8730365910835,1021.1845285110699,866.3592138256273,1323.5835168571978,938.1741722877935
labeled-data,GOPR0114_clipped,img0932.png,1477.3208277792614,559.6338959275791,1469.4303691843436,446.4855856801405,1469.2850471731415,647.0932609754077,1389.5173321477769,747.0883257622763,1473.8296562709536,415.1391601714448,1474.2968926131846,442.63067599548106,1364.4891248371716,718.1858043433197,1281.3218574730706,886.0658204049851,,
labeled-data,GOPR0114_clipped,img1196.png,1442.0612725281637,272.51984983718455,1395.6006212122122,258.4333757679865,1456.9463893649097,353.79346578048654,1378.6968078478399,335.13438278250374,,,1416.8378804448494,270.19147538759574,1385.5275548522839,426.2186033788696,1586.687286557703,437.196907687984,1421.9384672665487,326.3694734407045
labeled-data,GOPR0114_clipped,img1262.png,1353.3692963140152,152.9555457894691,1349.0037515078216,205.34208346379384,1449.3173622151055,318.52147678660435,1364.2192524417896,270.98620453041616,1290.7323274183354,139.54212043201062,1305.3042271834104,153.03419304393196,1391.1079610722886,349.84600866000346,1576.134350950536,389.0009612578227,1404.0666139555121,250.2143237533091
labeled-data,GOPR0114_clipped,img1392.png,1446.475781777725,259.23231215480587,1350.386522032821,208.19303055588668,1449.5017605700036,315.3345071606698,1370.4537568718974,277.07411308852784,,,,,1373.4512523633323,371.51353038366335,1630.9793895574653,389.97898950423024,1424.5400026268528,289.128305989016
labeled-data,GOPR0114_clipped,img1589.png,1245.3436086966688,137.01401468234596,1257.6072737773977,178.00068579700672,1384.9908773634565,191.3198875530537,1335.7924305448882,254.78043926387332,1184.1755013549039,112.4233583767588,1209.6203652987595,136.32610935432007,1383.7853417229662,274.6705077741261,1513.812935048081,277.7091860030306,1331.775653226037,198.88631422870557
labeled-data,GOPR0114_clipped,img1779.png,481.7765499919952,186.33938214093897,506.97386998751375,236.73402213197608,643.0282047039493,139.65544495385933,636.7529470380427,185.97655083661732,460.9902116319599,298.53580837960897,483.9822669792439,276.51524832868904,696.4769374696345,155.77747354263516,903.0230660357071,135.660025176156,589.123010537048,189.82471027965664
labeled-data,GOPR0114_clipped,img1987.png,425.16346316171473,633.4590173836036,427.26874188847984,598.020158816391,432.7131270482435,416.2627170884101,503.0816260292646,347.55274777470055,450.7796560438012,670.4986595118769,453.65757378980913,629.3283727189564,519.9615776619454,360.4196309425862,492.9643986298948,271.40437698174964,462.04766811262147,480.0002105622164
labeled-data,GOPR0114_clipped,img2053.png,441.4293511842895,792.0644663737994,458.0103312847999,836.7409960890637,409.1554932067134,735.5515095670162,439.70654965109884,695.4921269192797,484.10531363909854,880.3692017029441,481.2744340234061,843.4397659113127,404.09388810762607,626.9210913726974,202.1385133629737,471.0257143768252,442.16746075197955,736.4588372143733
labeled-data,GOPR0114_clipped,img2322.png,919.59651140505,766.9004327782167,903.4214919883132,719.5961307104016,830.3040526530946,844.4185068916167,784.8063837786023,760.3561472568404,875.801721527587,635.995852333228,879.7015217168291,680.1935878113062,736.1865961682272,832.3649768808655,459.9636356137216,766.9407196468562,846.0656654124562,779.5862963752438
labeled-data,GOPR0114_clipped,img2403.png,1085.8405834140985,682.9655167480389,1021.2871900511443,670.8428137690803,971.6460744478619,780.1170661633386,931.3863027562991,694.5197137380338,1103.6691095445185,597.315940644891,1086.2594785427614,627.7827948979657,886.1299266572162,764.3944871744638,590.3367420302978,797.377523323325,994.7463697280036,708.9316151327669
labeled-data,GOPR0114_clipped,img2799.png,1092.3570500585547,644.9762638325758,1043.8602276060994,633.6603385936696,1031.466595201583,752.2081268107826,958.182507940095,676.2297716352693,1066.8118004626506,538.1456621783054,1058.2759669570448,576.4192382195699,924.3277846320514,762.0603366456453,615.4563682144307,777.9972383917693,1019.5018981466285,684.1610741504522
labeled-data,GOPR0114_clipped,img2925.png,1211.4242661420833,737.9566793429108,1202.4190967035504,647.00446801373,1036.2737205626213,749.2131411410767,1074.9959491483123,628.9941291366646,1243.3649366174293,785.1010539210944,1229.6995414592186,749.4882059330305,986.0368273386197,669.6202519004182,689.4558071250786,621.5224896745513,1123.4337612865043,693.4488487430956
labeled-data,GOPR0114_clipped,img3151.png,1286.6321047840659,362.47470758264114,1248.6442966255022,391.84672420008724,1378.2052617831475,438.34154014686493,1315.1306780356028,519.2509796167467,1180.9275750815875,318.25554892524895,1203.1916843274148,342.9934480872794,1372.497957579228,539.5930979382291,1299.6942144568393,789.5517996168053,1308.0950890071992,445.660207217793
labeled-data,GOPR0114_clipped,img3289.png,1252.6203937227353,483.62146295839204,1257.1191517334555,497.68008174189276,1355.4962297238208,451.0865253303907,1344.1342444120462,527.6882972710632,1253.7210940797518,493.2185751186885,,,1451.5622909689696,511.89636822588596,1687.1274165723892,617.4724388964082,1322.9146362257463,485.3141997589794
labeled-data,GOPR0114_clipped,img3568.png,1129.1263778748562,660.8118485874716,1186.7437293100793,680.4983764585952,1229.8590482940879,516.512027650516,1276.2105562398956,629.1941417946351,1056.3646091178293,701.743035209648,1102.3854620036889,682.7653639165101,1285.1200835824025,532.7937533053089,1585.5447946035708,451.95640247179847,1199.6390188456505,603.6800408039722
labeled-data,GOPR0115_clipped,img0004.png,444.53740138920614,356.6677594240292,492.1423126947894,368.8457599905738,443.42566953635514,283.2973562796278,468.8231040292444,285.648970584525,500.3372406230123,471.93100585904915,497.90422900903724,433.6110729389421,516.5397941535624,239.14766615994216,718.4873765634002,162.25442701810096,481.910000079793,323.8378287295126
labeled-data,GOPR0115_clipped,img0138.png,639.7335189461357,133.06112032510106,554.2517888963329,187.04955884870262,706.2477202820489,185.52454527156354,600.8161203436374,198.21778457618802,497.7634302586124,173.82499638768667,529.4179424556287,175.9762739156392,691.6202527988697,244.95214050003875,606.3742848209288,440.2895139170536,623.1174216573016,188.1427140810673
labeled-data,GOPR0115_clipped,img0245.png,534.3895132608965,314.4163540892771,601.9292401948993,270.09340828883785,462.84751414906736,262.5033200611275,577.1219864488392,223.09032081716794,640.8488678521171,355.6962389663554,620.3086094409621,342.28219265702955,515.6805026991267,231.19604086193942,484.41768753234953,104.06760114397393,537.6809011556081,266.27335798738676
labeled-data,GOPR0115_clipped,img0266.png,613.887002368529,370.03983395899303,688.1286152836375,390.10513474686024,559.5842204092976,346.8859453343655,610.4145757787555,282.0817920211131,670.656203368356,477.0887159734833,672.5473631527867,436.4287806082249,558.4413731385821,289.50459417171356,,,624.7667225488201,336.7237765446416
labeled-data,GOPR0115_clipped,img0409.png,1304.6450516812788,795.7937402378637,1356.385441587047,788.2219758614099,1261.3177333049039,775.6023685673201,1311.9352905616204,679.0318777827622,1393.7181511181739,847.231891286526,1355.6701670788234,822.7264100408427,1216.1372800005515,663.2446336213955,,,1298.2474578514177,744.1484051781663
labeled-data,GOPR0115_clipped,img0451.png,1393.1159414601661,971.1132929515619,1427.7163784122267,930.8575848388065,1380.9172823516265,904.7431849033376,1425.867038428634,849.0362222437984,1478.5278773169966,1025.6532775785408,1447.1900251593456,988.6176341194987,1335.7281167445562,840.2837656529997,1191.1752363720036,720.3376905821657,1394.803814461594,923.441199314232
labeled-data,GOPR0115_clipped,img0550.png,1415.209488279967,745.0566044331381,1329.0717588695916,729.0203250216321,1451.811562349098,787.1385213273526,1404.6532943530974,832.8382861894563,1342.8806049261398,639.5642461599379,1347.6916773447374,676.6095037831398,1435.4098241364104,850.8377638145232,1515.503824056609,1035.5926539120828,1394.3016672785127,784.2120934814486
labeled-data,GOPR0115_clipped,img0734.png,1091.0847691131057,123.27256176700438,1005.5878846291839,117.22732751056547,1191.2628945564813,165.6554779969433,1047.6260154221668,170.72988706831967,1097.2714918414822,48.01802406118176,1090.6751957132656,77.12737073364124,1144.9839798120154,247.59941221300005,1079.8022135869205,279.0467555672125,1091.8093810494381,154.9726917878653
labeled-data,GOPR0115_clipped,img0783.png,1001.7101669437185,117.99228754714936,950.5182187461726,164.68716093444448,1042.7698477252345,126.32326867037409,1048.704617594719,169.41303563783748,855.1475191213964,151.54297901549322,891.1351245342224,150.9003432045499,1126.9824671504216,175.96313983133945,1324.0275095900754,206.14041595274614,1009.7913113826579,153.09457117401755
labeled-data,GOPR0115_clipped,img0796.png,814.1564877479906,160.98383783223116,897.3250370378498,124.1404453777872,978.828502267193,168.72763517972197,1014.7007803306952,131.50367601210397,774.2464299562275,124.0937044153619,807.2600733246014,139.81448697173045,1047.006133155609,163.7836271500581,1281.2953292446284,200.31189574413213,939.0485979468335,152.0423828360323
labeled-data,GOPR0115_clipped,img0839.png,660.585336222988,127.8792937235957,598.8559329017112,142.7339629720313,778.5417335107082,125.70085933742459,714.9748504235556,170.03742485199322,587.0346050642413,53.55324258059537,607.6311935937593,84.4481253748724,822.391594560792,191.19096051330388,918.0661069833361,280.40389356974794,705.2386963511217,146.26211646618714
labeled-data,GOPR0115_clipped,img0865.png,618.4708323302424,180.9694549365447,662.9614844454036,128.74129810570315,715.1896412762451,170.5238235703764,762.3971772400744,126.53224694080545,556.0954699609296,173.2519719989324,584.4422694343998,174.826794191903,828.0115090199922,174.020413355458,895.6352731748658,251.72102843864934,707.9877465700981,167.62412999298803
labeled-data,GOPR0115_clipped,img1010.png,782.298648263636,401.1561316748951,824.8739971398959,339.4579566084507,751.0655498640117,402.8888976940433,763.9538876580541,321.48886952114316,946.5827020008653,385.1834174095852,912.4107702168451,384.7508613110533,667.2291425188381,332.90496667588695,550.7464922324355,158.14600355055543,781.1832655803098,364.87620327984655
labeled-data,GOPR0115_clipped,img1496.png,669.6149145872761,893.1218150238578,718.5700831200447,921.0961970425828,633.7144576632458,828.3144966804784,698.9880157069372,806.4012307658105,712.9752470128607,981.1857998917164,703.8351005217938,951.0233164711958,645.3381629789662,737.143888580232,444.51546767783253,520.1449496439811,687.8509958744761,858.7397184866488
labeled-data,GOPR0115_clipped,img1561.png,734.0772104126784,1008.1393148144145,828.712821870092,996.6950083125878,698.9491362139805,974.2288536472387,731.4086684041038,897.5301203270283,,,751.6064826854804,1056.0965670606224,686.7424919402857,891.9366657433303,589.9706340043172,850.0937703930528,749.0579993307515,953.2157091412207
labeled-data,GOPR0115_clipped,img1919.png,1276.5301485501845,138.01669003816323,1308.2089056728014,152.27172378952588,1216.4189861937089,152.21957838043147,1174.9229041022706,250.09620679175842,1389.7746018157156,152.37773384890744,1359.9551038592106,153.26346151098184,1146.0530432693577,233.80958078201775,1241.9056890054067,246.338280619595,1234.8173564396059,183.07182857179362
labeled-data,GOPR0115_clipped,img2529.png,1280.4690460612267,1001.4743978123108,1319.8800708571691,984.0672853054671,1253.7648687901738,979.9404135505047,1323.6606217900835,929.767719565421,1332.0278795687566,1012.9570332137113,1311.1070671350647,1002.1977582478125,1193.392524689007,905.6955821017739,1150.8863564325347,914.1968157530684,1275.372256651895,961.7342684690689
labeled-data,GOPR0115_clipped,img2613.png,1353.5178710760251,902.4853723149337,1389.7284364329498,903.6258625623959,1321.0378561410437,930.6360270651714,1260.2985221932815,984.5571630882046,1432.1218482196948,843.9302068875244,1395.2974939001665,861.9239254754757,1186.748838367542,945.7081997097513,1156.084066035913,918.7830337600283,1299.7329945541626,918.1626632208582
labeled-data,GOPR0115_clipped,img2714.png,1284.3794424382777,836.9390729866357,1247.9830008278198,838.1056256023554,1327.9977052957947,928.8040004821748,1261.2118590367154,984.3020980777478,1197.2688677696506,774.2283642916826,1209.5221403656446,803.2632928343644,1189.0856349882818,940.0533244904234,1159.2909628684156,922.4473818741387,1240.611190336709,904.679528700401
labeled-data,GOPR0115_clipped,img3256.png,1259.6034740945022,994.2091246893963,1293.8486622799785,979.1088842296587,1156.7132493848774,991.2991310402688,1221.148021258944,962.150067573429,1324.448211088797,952.9451001628481,1297.3446959354198,954.9906484763105,1116.3136701939943,924.8188108527397,1219.6138600238473,936.5807136551487,1208.117420816007,953.7957863251435
